step,epoch,train_loss,smoothed_train_loss,val_loss,learning_rate,grad_norm
1,1,0.69140625,0.69140625,,6.6666666666666675e-06,42.0367431640625
2,1,0.6796875,0.685546875,,1e-05,46.373626708984375
3,1,0.53125,0.6341145833333334,,1.3333333333333335e-05,34.07923889160156
4,1,0.90625,0.7021484375,,1.6666666666666667e-05,41.700111389160156
5,1,1.421875,0.84609375,,2e-05,51.590904235839844
6,1,1.28125,0.9186197916666666,,2.3333333333333336e-05,39.36664581298828
7,1,1.1640625,0.9536830357142857,,2.666666666666667e-05,34.8398323059082
8,1,1.0703125,0.96826171875,,3e-05,39.61831283569336
9,1,0.96875,0.9683159722222222,,3.3333333333333335e-05,36.17307662963867
10,1,1.0390625,0.975390625,,3.6666666666666666e-05,33.768917083740234
11,1,1.3359375,1.03984375,,4e-05,39.35210418701172
12,1,1.3125,1.103125,,4.3333333333333334e-05,34.730796813964844
13,1,0.95703125,1.145703125,,4.666666666666667e-05,32.32932662963867
14,1,0.79296875,1.134375,,5e-05,30.590572357177734
15,1,1.1640625,1.10859375,,5.333333333333334e-05,33.000064849853516
16,1,0.875,1.06796875,,5.6666666666666664e-05,28.434823989868164
17,1,0.765625,1.028125,,6e-05,27.10756492614746
18,1,0.9453125,1.015625,,6.333333333333335e-05,30.424339294433594
19,1,1.3046875,1.04921875,,6.666666666666667e-05,31.5661563873291
20,1,0.8046875,1.02578125,,7.000000000000001e-05,22.647720336914062
21,1,1.1328125,1.00546875,,7.333333333333333e-05,24.78470802307129
22,1,1.2109375,0.9953125,,7.666666666666667e-05,28.798534393310547
23,1,1.015625,1.001171875,,8e-05,24.927433013916016
24,1,1.609375,1.0828125,,8.333333333333333e-05,27.68890953063965
25,1,1.0859375,1.075,,8.666666666666667e-05,24.730741500854492
26,1,0.60546875,1.048046875,,8.999999999999999e-05,20.93221664428711
27,1,1.140625,1.085546875,,9.333333333333334e-05,21.735645294189453
28,1,1.1875,1.109765625,,9.666666666666667e-05,25.4805965423584
29,1,1.09375,1.088671875,,0.0001,25.897945404052734
30,1,0.78125,1.086328125,,0.00010333333333333333,22.405771255493164
31,1,1.0,1.073046875,,0.00010666666666666668,25.219215393066406
32,1,0.78125,1.030078125,,0.00011,25.322175979614258
33,1,0.4765625,0.976171875,,0.00011333333333333333,12.099658966064453
34,1,0.5546875,0.870703125,,0.00011666666666666667,20.661487579345703
35,1,0.60546875,0.82265625,,0.00012,21.780399322509766
36,1,0.87890625,0.85,,0.00012333333333333334,22.265535354614258
37,1,0.85546875,0.821484375,,0.0001266666666666667,26.23121452331543
38,1,0.88671875,0.79140625,,0.00013000000000000002,29.433277130126953
39,1,0.494140625,0.7314453125,,0.00013333333333333334,14.90619945526123
40,1,0.51953125,0.7052734375,,0.00013666666666666666,22.792587280273438
41,1,0.5546875,0.6607421875,,0.00014000000000000001,22.713186264038086
42,1,0.7109375,0.6537109375,,0.00014333333333333334,18.900245666503906
43,1,0.64453125,0.6705078125,,0.00014666666666666666,18.843708038330078
44,1,0.416015625,0.656640625,,0.00015,19.867698669433594
45,1,0.47265625,0.643359375,,0.00015333333333333334,18.119144439697266
46,1,0.61328125,0.616796875,,0.0001566666666666667,22.937030792236328
47,1,0.345703125,0.5658203125,,0.00016,17.4631290435791
48,1,0.470703125,0.52421875,,0.00016333333333333334,19.004981994628906
49,1,0.6796875,0.5427734375,,0.00016666666666666666,21.46609115600586
50,1,0.5390625,0.5447265625,,0.00017,20.105060577392578
51,1,0.412109375,0.53046875,,0.00017333333333333334,16.37315559387207
52,1,0.51171875,0.510546875,,0.00017666666666666666,14.527925491333008
53,1,0.625,0.50859375,,0.00017999999999999998,20.092538833618164
54,1,0.68359375,0.5353515625,,0.00018333333333333334,25.23849868774414
55,1,0.486328125,0.53671875,,0.0001866666666666667,23.75465202331543
56,1,0.56640625,0.53203125,,0.00019,20.96224594116211
57,1,0.421875,0.5396484375,,0.00019333333333333333,18.372053146362305
58,1,0.390625,0.531640625,,0.00019666666666666666,20.605810165405273
59,1,0.4921875,0.512890625,,0.0002,21.540660858154297
60,1,0.43359375,0.50234375,,0.00020333333333333333,19.72787094116211
61,1,0.33984375,0.4951171875,,0.00020666666666666666,20.780292510986328
62,1,0.21484375,0.4654296875,,0.00021,16.20555877685547
63,1,0.390625,0.4419921875,,0.00021333333333333336,17.362199783325195
64,1,0.37109375,0.4107421875,,0.00021666666666666668,17.51276206970215
65,1,0.4921875,0.411328125,,0.00022,21.45558738708496
66,1,0.447265625,0.3994140625,,0.00022333333333333333,21.14276123046875
67,1,0.52734375,0.4099609375,,0.00022666666666666666,19.821382522583008
68,1,0.546875,0.4255859375,,0.00023,23.940120697021484
69,1,0.5,0.4263671875,,0.00023333333333333333,24.32644271850586
70,1,0.30078125,0.4130859375,,0.00023666666666666668,18.807924270629883
71,1,0.5546875,0.4345703125,,0.00024,20.349945068359375
72,1,0.58203125,0.4712890625,,0.00024333333333333336,23.01886558532715
73,1,0.5625,0.4884765625,,0.0002466666666666667,17.310144424438477
74,1,0.38671875,0.4900390625,,0.00025,16.272836685180664
75,1,0.46484375,0.4873046875,,0.0002533333333333334,21.095657348632812
76,1,0.486328125,0.4912109375,,0.00025666666666666665,21.423038482666016
77,1,0.408203125,0.479296875,,0.00026000000000000003,20.149845123291016
78,1,0.59765625,0.484375,,0.0002633333333333333,20.772457122802734
79,1,0.37890625,0.472265625,,0.0002666666666666667,16.20708465576172
80,1,0.50390625,0.492578125,,0.00027,20.75862693786621
81,1,0.74609375,0.51171875,,0.00027333333333333333,24.521949768066406
82,1,0.34375,0.487890625,,0.00027666666666666665,15.040648460388184
83,1,0.3359375,0.465234375,,0.00028000000000000003,13.891112327575684
84,1,0.62890625,0.489453125,,0.00028333333333333335,23.71809959411621
85,1,0.6328125,0.50625,,0.0002866666666666667,19.90603256225586
86,1,0.609375,0.5185546875,,0.00029,20.685686111450195
87,1,0.4609375,0.523828125,,0.0002933333333333333,15.203832626342773
88,1,0.62109375,0.526171875,,0.0002966666666666667,19.32460594177246
89,1,0.5859375,0.546875,,0.0003,24.331735610961914
90,1,0.484375,0.544921875,,0.00030333333333333335,22.33942222595215
91,1,0.58203125,0.528515625,,0.0003066666666666667,23.58343505859375
92,1,0.75390625,0.56953125,,0.00031,20.431472778320312
93,1,0.59765625,0.595703125,,0.0003133333333333334,20.50335121154785
94,1,0.65625,0.5984375,,0.00031666666666666665,21.01610565185547
95,1,0.58203125,0.593359375,,0.00032,20.8724422454834
96,1,0.373046875,0.5697265625,,0.0003233333333333333,17.350061416625977
97,1,0.49609375,0.5732421875,,0.0003266666666666667,23.793397903442383
98,1,0.39453125,0.5505859375,,0.00033,16.681779861450195
99,1,0.46484375,0.5384765625,,0.0003333333333333333,17.922595977783203
100,1,0.51953125,0.5419921875,,0.0003366666666666667,19.564851760864258
101,1,0.48828125,0.5326171875,,0.00034,19.44432258605957
102,1,0.439453125,0.501171875,,0.00034333333333333335,21.833555221557617
103,1,0.5234375,0.49375,,0.00034666666666666667,21.961458206176758
104,1,0.365234375,0.4646484375,,0.00035,17.81023597717285
105,1,0.435546875,0.45,,0.0003533333333333333,21.692529678344727
106,1,0.326171875,0.4453125,,0.0003566666666666667,23.443660736083984
107,1,0.306640625,0.4263671875,,0.00035999999999999997,19.57708740234375
108,1,0.458984375,0.4328125,,0.00036333333333333335,21.805814743041992
109,1,0.375,0.423828125,,0.00036666666666666667,20.41403579711914
110,1,0.462890625,0.4181640625,,0.00037,23.41619110107422
111,1,0.55078125,0.4244140625,,0.0003733333333333334,22.333959579467773
112,1,0.5546875,0.4359375,,0.00037666666666666664,23.530071258544922
113,1,0.458984375,0.4294921875,,0.00038,19.905929565429688
114,1,0.47265625,0.440234375,,0.00038333333333333334,22.048246383666992
115,1,0.45703125,0.4423828125,,0.00038666666666666667,17.398954391479492
116,1,0.42578125,0.45234375,,0.00039000000000000005,10.493149757385254
117,1,0.41015625,0.4626953125,,0.0003933333333333333,23.92381477355957
118,1,0.546875,0.471484375,,0.0003966666666666667,23.911279678344727
119,1,0.447265625,0.4787109375,,0.0004,21.642196655273438
120,1,0.50390625,0.4828125,,0.00040333333333333334,21.3964900970459
121,1,0.267578125,0.4544921875,,0.00040666666666666667,16.868391036987305
122,1,0.279296875,0.426953125,,0.00041,19.404165267944336
123,1,0.455078125,0.4265625,,0.0004133333333333333,19.379549026489258
124,1,0.51171875,0.43046875,,0.0004166666666666667,24.64255714416504
125,1,0.380859375,0.4228515625,,0.00042,20.27488136291504
126,1,0.30078125,0.4103515625,,0.00042333333333333334,19.256412506103516
127,1,0.251953125,0.39453125,,0.0004266666666666667,19.031328201293945
128,1,0.3125,0.37109375,,0.00043,20.749786376953125
129,1,0.451171875,0.371484375,,0.00043333333333333337,25.27098274230957
130,1,0.318359375,0.3529296875,,0.00043666666666666664,16.742124557495117
131,1,0.400390625,0.3662109375,,0.00044,18.74129295349121
132,1,0.369140625,0.3751953125,,0.00044333333333333334,17.98040199279785
133,1,0.35546875,0.365234375,,0.00044666666666666666,19.500295639038086
134,1,0.2421875,0.33828125,,0.00045000000000000004,17.13486671447754
135,1,0.4453125,0.3447265625,,0.0004533333333333333,19.48198699951172
136,1,0.46484375,0.3611328125,,0.0004566666666666667,24.552095413208008
137,1,0.421875,0.378125,,0.00046,16.7652587890625
138,1,0.296875,0.3765625,,0.00046333333333333334,20.75356674194336
139,1,0.388671875,0.3703125,,0.00046666666666666666,18.48320770263672
140,1,0.306640625,0.369140625,,0.00047,20.144689559936523
141,1,0.314453125,0.360546875,,0.00047333333333333336,15.744295120239258
142,1,0.2392578125,0.34755859375,,0.0004766666666666667,21.245159149169922
143,1,0.349609375,0.34697265625,,0.00048,14.844573020935059
144,1,0.41796875,0.36455078125,,0.00048333333333333334,19.620859146118164
145,1,0.4765625,0.36767578125,,0.0004866666666666667,23.282119750976562
146,1,0.373046875,0.35849609375,,0.00049,22.740915298461914
147,1,0.478515625,0.36416015625,,0.0004933333333333334,18.979774475097656
148,1,0.484375,0.38291015625,,0.0004966666666666666,19.72991943359375
149,1,0.5078125,0.39482421875,,0.0005,24.392728805541992
150,1,0.69921875,0.43408203125,,0.0005,23.867996215820312
151,1,0.49609375,0.45224609375,,0.000499999947552322,21.4964656829834
152,1,0.48828125,0.4771484375,,0.0004999997902093098,15.276359558105469
153,1,0.478515625,0.4900390625,,0.0004999995279710295,17.95747184753418
154,1,0.578125,0.5060546875,,0.0004999991608375913,25.243921279907227
155,1,0.5625,0.5146484375,,0.000499998688809149,23.476930618286133
156,1,0.49609375,0.526953125,,0.0004999981118859007,21.225576400756836
157,1,0.6484375,0.5439453125,,0.0004999974300680886,20.70575523376465
158,1,0.56640625,0.5521484375,,0.0004999966433559986,19.578350067138672
159,1,0.302734375,0.531640625,,0.0004999957517499609,15.688260078430176
160,1,0.375,0.49921875,,0.0004999947552503497,21.47153091430664
161,1,0.494140625,0.4990234375,,0.0004999936538575829,25.716699600219727
162,1,0.369140625,0.487109375,,0.0004999924475721227,18.68824005126953
163,1,0.470703125,0.486328125,,0.0004999911363944753,21.573577880859375
164,1,0.44921875,0.4734375,,0.0004999897203251908,22.32497787475586
165,1,0.51171875,0.468359375,,0.0004999881993648633,16.574155807495117
166,1,0.455078125,0.4642578125,,0.000499986573514131,23.573299407958984
167,1,0.42578125,0.4419921875,,0.0004999848427736762,21.32579231262207
168,1,0.2890625,0.4142578125,,0.000499983007144225,21.314741134643555
169,1,0.427734375,0.4267578125,,0.0004999810666265474,22.06793212890625
170,1,0.458984375,0.43515625,,0.000499979021221458,14.840595245361328
171,1,0.57421875,0.4431640625,,0.0004999768709298147,23.94193458557129
172,1,0.6015625,0.46640625,,0.0004999746157525198,24.593759536743164
173,1,0.67578125,0.4869140625,,0.0004999722556905195,26.205509185791016
174,1,0.58984375,0.5009765625,,0.0004999697907448042,23.451814651489258
175,1,0.54296875,0.5041015625,,0.000499967220916408,18.564592361450195
176,1,0.609375,0.51953125,,0.0004999645462064092,18.816190719604492
177,1,0.388671875,0.5158203125,,0.0004999617666159301,18.687335968017578
178,1,0.52734375,0.5396484375,,0.0004999588821461368,18.809350967407227
179,1,0.58203125,0.555078125,,0.0004999558927982398,24.199676513671875
180,1,0.48828125,0.5580078125,,0.0004999527985734932,23.94135856628418
181,1,0.361328125,0.53671875,,0.0004999495994731953,17.841527938842773
182,1,0.2373046875,0.50029296875,,0.0004999462954986884,20.819841384887695
183,1,0.3125,0.46396484375,,0.0004999428866513589,18.552257537841797
184,1,0.26953125,0.43193359375,,0.000499939372932637,19.26825714111328
185,1,0.421875,0.41982421875,,0.0004999357543439968,21.43988800048828
186,1,0.392578125,0.39814453125,,0.000499932030886957,21.192325592041016
187,1,0.384765625,0.39775390625,,0.0004999282025630796,21.813180923461914
188,1,0.5703125,0.40205078125,,0.0004999242693739709,17.175594329833984
189,1,0.44140625,0.38798828125,,0.0004999202313212813,19.04365348815918
190,1,0.34375,0.37353515625,,0.000499916088406705,20.19059181213379
191,1,0.61328125,0.39873046875,,0.0004999118406319805,22.428678512573242
192,1,0.5078125,0.42578125,,0.0004999074879988897,23.932790756225586
193,1,0.451171875,0.4396484375,,0.0004999030305092593,25.19304656982422
194,1,0.35546875,0.4482421875,,0.0004998984681649593,19.922727584838867
195,1,0.294921875,0.435546875,,0.0004998938009679042,18.301145553588867
196,1,0.2734375,0.4236328125,,0.0004998890289200519,20.43419647216797
197,1,0.85546875,0.470703125,,0.0004998841520234051,23.33633041381836
198,1,0.64453125,0.478125,,0.0004998791702800098,23.188751220703125
199,1,0.67578125,0.5015625,,0.0004998740836919562,21.304811477661133
200,1,0.65234375,0.532421875,,0.0004998688922613788,21.309476852416992
201,1,0.5,0.52109375,,0.0004998635959904555,15.79716968536377
202,1,0.451171875,0.5154296875,,0.0004998581948814088,23.948688507080078
203,1,0.376953125,0.5080078125,,0.0004998526889365047,18.811002731323242
204,1,0.43359375,0.5158203125,,0.0004998470781580535,21.422754287719727
205,1,0.59375,0.545703125,,0.0004998413625484095,21.438819885253906
206,1,0.431640625,0.5615234375,,0.0004998355421099705,21.419891357421875
207,1,0.48046875,0.5240234375,,0.000499829616845179,24.05849266052246
208,1,0.30859375,0.4904296875,,0.000499823586756521,20.422218322753906
209,1,0.578125,0.4806640625,,0.0004998174518465266,18.683483123779297
210,1,0.2578125,0.4412109375,,0.0004998112121177699,22.676834106445312
211,1,0.341796875,0.425390625,,0.000499804867572869,17.04081916809082
212,1,0.337890625,0.4140625,,0.0004997984182144859,17.05535125732422
213,1,0.3203125,0.4083984375,,0.0004997918640453267,14.597496032714844
214,1,0.375,0.4025390625,,0.0004997852050681414,20.422958374023438
215,1,0.345703125,0.377734375,,0.0004997784412857239,23.335973739624023
216,1,0.44921875,0.3794921875,,0.0004997715727009122,22.17269515991211
217,1,0.57421875,0.3888671875,,0.0004997645993165883,19.92249298095703
218,1,0.2451171875,0.38251953125,,0.0004997575211356781,22.43094825744629
219,1,0.25390625,0.35009765625,,0.0004997503381611513,18.586034774780273
220,1,0.404296875,0.36474609375,,0.000499743050396022,15.191801071166992
221,1,0.333984375,0.36396484375,,0.0004997356578433478,19.57670021057129
222,1,0.27734375,0.35791015625,,0.0004997281605062304,19.687498092651367
223,1,0.40234375,0.36611328125,,0.000499720558387816,22.102115631103516
224,1,0.5625,0.38486328125,,0.0004997128514912937,22.075414657592773
225,1,0.431640625,0.39345703125,,0.0004997050398198976,17.613628387451172
226,1,0.353515625,0.38388671875,,0.0004996971233769053,19.463542938232422
227,1,0.359375,0.36240234375,,0.0004996891021656382,10.976751327514648
228,1,0.310546875,0.3689453125,,0.000499680976189462,18.806201934814453
229,1,0.267578125,0.3703125,,0.0004996727454517862,20.6866512298584
230,1,0.287109375,0.35859375,,0.0004996644099560641,20.298919677734375
231,1,0.376953125,0.362890625,,0.0004996559697057933,22.374670028686523
232,1,0.33203125,0.368359375,,0.0004996474247045151,16.811233520507812
233,1,0.236328125,0.3517578125,,0.0004996387749558149,16.552783966064453
234,1,0.326171875,0.328125,,0.0004996300204633218,21.433382034301758
235,1,0.451171875,0.330078125,,0.0004996211612307092,16.547683715820312
236,1,0.1767578125,0.31240234375,,0.0004996121972616943,17.03411293029785
237,1,0.2578125,0.30224609375,,0.000499603128560038,15.607376098632812
238,1,0.2470703125,0.2958984375,,0.0004995939551295455,17.17018699645996
239,1,0.203125,0.289453125,,0.0004995846769740657,18.03993034362793
240,1,0.287109375,0.289453125,,0.0004995752940974918,16.557836532592773
241,1,0.390625,0.2908203125,,0.0004995658065037604,24.807981491088867
242,1,0.388671875,0.296484375,,0.0004995562141968524,20.174560546875
243,1,0.283203125,0.301171875,,0.0004995465171807927,23.671554565429688
244,1,0.447265625,0.31328125,,0.0004995367154596497,22.181819915771484
245,1,0.30859375,0.2990234375,,0.0004995268090375362,23.93074607849121
246,1,0.380859375,0.31943359375,,0.0004995167979186088,20.921476364135742
247,1,0.349609375,0.32861328125,,0.0004995066821070679,22.286945343017578
248,1,0.45703125,0.349609375,,0.0004994964616071579,21.30586051940918
249,1,0.53125,0.382421875,,0.0004994861364231672,21.178119659423828
250,1,0.400390625,0.39375,,0.0004994757065594279,21.66357421875
251,1,0.35546875,0.390234375,,0.0004994651720203163,23.803102493286133
252,1,0.400390625,0.39140625,,0.0004994545328102526,18.670787811279297
253,1,0.330078125,0.39609375,,0.0004994437889337006,20.78884506225586
254,1,0.244140625,0.37578125,,0.0004994329403951684,20.42035484313965
255,1,0.2373046875,0.36865234375,,0.0004994219871992077,20.924345016479492
256,1,0.1513671875,0.345703125,,0.0004994109293504143,18.922149658203125
257,1,0.2236328125,0.33310546875,,0.000499399766853428,24.413467407226562
258,1,0.3046875,0.31787109375,,0.0004993884997129322,26.167566299438477
259,1,0.37109375,0.30185546875,,0.0004993771279336544,20.792558670043945
260,1,0.2333984375,0.28515625,,0.0004993656515203662,25.66488265991211
261,1,0.404296875,0.2900390625,,0.0004993540704778826,17.78788948059082
262,1,0.2294921875,0.27294921875,,0.000499342384811063,20.52671241760254
263,1,0.423828125,0.28232421875,,0.0004993305945248103,21.41651725769043
264,1,0.244140625,0.28232421875,,0.0004993186996240717,18.661609649658203
265,1,0.28515625,0.287109375,,0.000499306700113838,18.15321159362793
266,1,0.4609375,0.31806640625,,0.0004992945959991439,26.039520263671875
267,1,0.4765625,0.343359375,,0.000499282387285068,18.65438461303711
268,1,0.45703125,0.35859375,,0.0004992700739767332,26.046785354614258
269,1,0.35546875,0.35703125,,0.0004992576560793055,18.53260612487793
270,1,0.326171875,0.36630859375,,0.0004992451335979955,25.663185119628906
271,1,0.259765625,0.35185546875,,0.0004992325065380573,16.782217025756836
272,1,0.345703125,0.3634765625,,0.000499219774904789,21.294315338134766
273,1,0.236328125,0.3447265625,,0.0004992069387035325,18.536762237548828
274,1,0.341796875,0.3544921875,,0.0004991939979396738,10.551071166992188
275,1,0.294921875,0.35546875,,0.0004991809526186424,23.911422729492188
276,1,0.3515625,0.34453125,,0.0004991678027459119,23.426610946655273
277,1,0.328125,0.3296875,,0.0004991545483269999,23.287750244140625
278,1,0.4609375,0.330078125,,0.0004991411893674676,23.792238235473633
279,1,0.421875,0.33671875,,0.0004991277258729202,21.309022903442383
280,1,0.359375,0.3400390625,,0.0004991141578490066,21.907817840576172
281,1,0.255859375,0.3396484375,,0.00049910048530142,23.41202735900879
282,1,0.208984375,0.3259765625,,0.0004990867082358967,12.78453540802002
283,1,0.408203125,0.3431640625,,0.0004990728266582177,23.303640365600586
284,1,0.421875,0.351171875,,0.0004990588405742074,22.426368713378906
285,1,0.302734375,0.351953125,,0.0004990447499897339,22.036968231201172
286,1,0.44140625,0.3609375,,0.0004990305549107094,23.907093048095703
287,1,0.4453125,0.37265625,,0.00049901625534309,23.915119171142578
288,1,0.396484375,0.3662109375,,0.0004990018512928755,21.410179138183594
289,1,0.337890625,0.3578125,,0.0004989873427661095,23.941511154174805
290,1,0.330078125,0.3548828125,,0.0004989727297688796,21.285621643066406
291,1,0.33203125,0.3625,,0.0004989580123073171,17.79438591003418
292,1,0.1884765625,0.36044921875,,0.0004989431903875971,22.403039932250977
293,1,0.19921875,0.33955078125,,0.0004989282640159388,20.02922821044922
294,1,0.1220703125,0.3095703125,,0.000498913233198605,19.03021240234375
295,1,0.330078125,0.3123046875,,0.000498898097941902,21.53731918334961
296,1,0.26171875,0.2943359375,,0.0004988828582521806,23.90706443786621
297,1,0.365234375,0.286328125,,0.0004988675141358351,23.674922943115234
298,1,0.349609375,0.281640625,,0.0004988520655993035,21.407835006713867
299,1,0.291015625,0.276953125,,0.0004988365126490677,18.031871795654297
300,1,0.33984375,0.2779296875,,0.0004988208552916534,23.291282653808594
301,1,0.2109375,0.2658203125,,0.0004988050935336304,18.524410247802734
302,1,0.23828125,0.27080078125,,0.0004987892273816118,21.529966354370117
303,1,0.185546875,0.26943359375,,0.0004987732568422547,19.650318145751953
304,1,0.26171875,0.2833984375,,0.0004987571819222603,19.781320571899414
305,1,0.1513671875,0.26552734375,,0.0004987410026283729,19.291589736938477
306,1,0.359375,0.27529296875,,0.0004987247189673816,21.28123664855957
307,1,0.3046875,0.26923828125,,0.0004987083309461183,20.16175079345703
308,1,0.318359375,0.26611328125,,0.0004986918385714591,21.301876068115234
309,1,0.2412109375,0.2611328125,,0.0004986752418503243,21.928678512573242
310,1,0.365234375,0.263671875,,0.0004986585407896772,23.920997619628906
311,1,0.30078125,0.27265625,,0.0004986417353965252,23.030550003051758
312,1,0.2890625,0.277734375,,0.0004986248256779199,19.669925689697266
313,1,0.33203125,0.2923828125,,0.000498607811640956,10.983452796936035
314,1,0.376953125,0.30390625,,0.0004985906932927724,18.035627365112305
315,1,0.09619140625,0.298388671875,,0.0004985734706405516,23.90683937072754
316,1,0.453125,0.307763671875,,0.0004985561436915199,23.797916412353516
317,1,0.302734375,0.307568359375,,0.0004985387124529473,12.87982177734375
318,1,0.365234375,0.312255859375,,0.0004985211769321479,21.416961669921875
319,1,0.326171875,0.320751953125,,0.000498503537136479,19.056751251220703
320,1,0.330078125,0.317236328125,,0.0004984857930733419,21.289838790893555
321,1,0.2158203125,0.308740234375,,0.000498467944750182,20.324810028076172
322,1,0.234375,0.303271484375,,0.0004984499921744877,17.430219650268555
323,1,0.310546875,0.301123046875,,0.000498431935353792,23.787429809570312
324,1,0.3515625,0.298583984375,,0.0004984137742956708,18.54656982421875
325,1,0.52734375,0.34169921875,,0.0004983955090077445,23.913419723510742
326,1,0.337890625,0.33017578125,,0.0004983771394976766,23.902490615844727
327,1,0.2392578125,0.323828125,,0.0004983586657731747,4.851062774658203
328,1,0.2890625,0.3162109375,,0.0004983400878419901,20.264223098754883
329,1,0.322265625,0.3158203125,,0.0004983214057119176,18.403470993041992
330,1,0.345703125,0.3173828125,,0.0004983026193907961,23.42703628540039
331,1,0.36328125,0.33212890625,,0.0004982837288865079,19.30694007873535
332,1,0.55078125,0.36376953125,,0.000498264734206979,21.33049964904785
333,1,0.26953125,0.35966796875,,0.0004982456353601793,20.161808013916016
334,1,0.36328125,0.36083984375,,0.0004982264323541223,19.829986572265625
335,1,0.54296875,0.36240234375,,0.0004982071251968652,20.85228729248047
336,1,0.494140625,0.37802734375,,0.000498187713896509,26.182987213134766
337,1,0.4296875,0.3970703125,,0.0004981681984611983,20.4366455078125
338,1,0.44921875,0.4130859375,,0.0004981485788991214,23.961162567138672
339,1,0.53515625,0.434375,,0.0004981288552185103,23.977766036987305
340,1,0.203125,0.4201171875,,0.0004981090274276406,14.676736831665039
341,1,0.42578125,0.4263671875,,0.0004980890955348317,24.012069702148438
342,1,0.333984375,0.4046875,,0.000498069059548447,20.746362686157227
343,1,0.32421875,0.41015625,,0.0004980489194768927,21.17827606201172
344,1,0.34375,0.408203125,,0.0004980286753286195,21.812435150146484
345,1,0.35546875,0.389453125,,0.0004980083271121214,11.432700157165527
346,1,0.298828125,0.369921875,,0.0004979878748359361,18.583396911621094
347,1,0.291015625,0.3560546875,,0.0004979673185086451,15.639074325561523
348,1,0.279296875,0.3390625,,0.0004979466581388735,15.751672744750977
349,1,0.265625,0.312109375,,0.0004979258937352896,17.817276000976562
350,1,0.349609375,0.3267578125,,0.0004979050253066063,23.174022674560547
351,1,0.51953125,0.3361328125,,0.0004978840528615792,26.060579299926758
352,1,0.25,0.327734375,,0.0004978629764090083,20.409122467041016
353,1,0.34765625,0.330078125,,0.0004978417959577366,21.290428161621094
354,1,0.173828125,0.3130859375,,0.0004978205115166511,21.53244972229004
355,1,0.271484375,0.3046875,,0.0004977991230946824,20.92230796813965
356,1,0.318359375,0.306640625,,0.0004977776307008047,26.17691421508789
357,1,0.310546875,0.30859375,,0.0004977560343440357,21.532363891601562
358,1,0.302734375,0.3109375,,0.0004977343340334369,17.15387535095215
359,1,0.2021484375,0.30458984375,,0.0004977125297781133,15.4307861328125
360,1,0.2109375,0.29072265625,,0.0004976906215872137,12.408276557922363
361,1,0.2333984375,0.262109375,,0.0004976686094699303,19.657264709472656
362,1,0.37109375,0.27421875,,0.0004976464934354989,23.781509399414062
363,1,0.39453125,0.27890625,,0.000497624273493199,15.219961166381836
364,1,0.447265625,0.30625,,0.0004976019496523538,18.954557418823242
365,1,0.26953125,0.3060546875,,0.0004975795219223298,21.649198532104492
366,1,0.255859375,0.2998046875,,0.0004975569903125373,25.66114044189453
367,1,0.318359375,0.3005859375,,0.0004975343548324303,21.288278579711914
368,1,0.40234375,0.310546875,,0.000497511615491506,23.91388702392578
369,1,0.3515625,0.32548828125,,0.0004974887722993056,24.029897689819336
370,1,0.19140625,0.32353515625,,0.0004974658252654135,20.404001235961914
371,1,0.140625,0.3142578125,,0.000497442774399458,21.400840759277344
372,1,0.23046875,0.3001953125,,0.0004974196197111107,16.15272331237793
373,1,0.490234375,0.309765625,,0.000497396361210087,23.448163986206055
374,1,0.236328125,0.288671875,,0.0004973729989061457,22.40313148498535
375,1,0.267578125,0.2884765625,,0.000497349532809089,15.152495384216309
376,1,0.515625,0.314453125,,0.000497325962928763,24.038911819458008
377,1,0.59765625,0.3423828125,,0.0004973022892750574,23.794206619262695
378,1,0.453125,0.3474609375,,0.0004972785118579049,20.195528030395508
379,1,0.349609375,0.347265625,,0.0004972546306872821,20.650413513183594
380,1,0.271484375,0.3552734375,,0.0004972306457732091,21.399818420410156
381,1,0.3125,0.3724609375,,0.0004972065571257497,17.530691146850586
382,1,0.189453125,0.368359375,,0.0004971823647550109,21.39789390563965
383,1,0.44921875,0.3642578125,,0.0004971580686711435,17.791282653808594
384,1,0.359375,0.3765625,,0.0004971336688843414,23.041915893554688
385,1,0.396484375,0.389453125,,0.0004971091654048426,19.285512924194336
386,1,0.275390625,0.3654296875,,0.0004970845582429282,26.151823043823242
387,1,0.60546875,0.3662109375,,0.0004970598474089229,23.91463279724121
388,1,0.4140625,0.3623046875,,0.0004970350329131949,16.040517807006836
389,1,0.1357421875,0.34091796875,,0.0004970101147661558,23.902013778686523
390,1,0.365234375,0.35029296875,,0.000496985092978261,20.162887573242188
391,1,0.58203125,0.37724609375,,0.000496959967560009,23.27823829650879
392,1,0.279296875,0.38623046875,,0.0004969347385219422,21.29056739807129
393,1,0.427734375,0.38408203125,,0.000496909405874646,21.78011703491211
394,1,0.4453125,0.39267578125,,0.0004968839696287495,23.785396575927734
395,1,0.3203125,0.38505859375,,0.0004968584297949254,20.775409698486328
396,1,0.2734375,0.38486328125,,0.0004968327863838898,11.896760940551758
397,1,0.2734375,0.35166015625,,0.0004968070394064019,20.27336883544922
398,1,0.404296875,0.35068359375,,0.000496781188873265,15.149442672729492
399,1,0.322265625,0.3693359375,,0.0004967552347953252,23.782835006713867
400,1,0.3984375,0.37265625,,0.0004967291771834727,21.284605026245117
401,1,0.408203125,0.3552734375,,0.0004967030160486405,14.3358154296875
402,1,0.36328125,0.363671875,,0.0004966767514018054,18.903377532958984
403,1,0.318359375,0.352734375,,0.0004966503832539876,22.280620574951172
404,1,0.26953125,0.33515625,,0.0004966239116162507,16.148157119750977
405,1,0.361328125,0.3392578125,,0.0004965973364997015,20.787979125976562
406,1,0.373046875,0.34921875,,0.0004965706579154907,26.174884796142578
407,1,0.30859375,0.352734375,,0.0004965438758748121,18.64478874206543
408,1,0.26171875,0.3384765625,,0.0004965169903889027,15.395380973815918
409,1,0.2890625,0.33515625,,0.0004964900014690435,23.024883270263672
410,1,0.26171875,0.321484375,,0.0004964629091265584,15.713801383972168
411,1,0.345703125,0.315234375,,0.0004964357133728146,20.14921760559082
412,1,0.48046875,0.326953125,,0.0004964084142192233,21.649778366088867
413,1,0.228515625,0.31796875,,0.0004963810116772386,21.774381637573242
414,1,0.3046875,0.321484375,,0.000496353505758358,23.779024124145508
415,1,0.36328125,0.3216796875,,0.0004963258964741226,18.646032333374023
416,1,0.51171875,0.335546875,,0.0004962981838361167,11.678365707397461
417,1,0.33203125,0.337890625,,0.000496270367855968,21.022768020629883
418,1,0.2275390625,0.33447265625,,0.0004962424485453475,20.398603439331055
419,1,0.287109375,0.33427734375,,0.0004962144259159696,14.016359329223633
420,1,0.3515625,0.34326171875,,0.0004961862999795923,22.2973690032959
421,1,0.197265625,0.32841796875,,0.0004961580707480165,18.14959144592285
422,1,0.1796875,0.29833984375,,0.0004961297382330868,20.898178100585938
423,1,0.375,0.31298828125,,0.0004961013024466909,21.901531219482422
424,1,0.40234375,0.32275390625,,0.00049607276340076,24.148345947265625
425,1,0.1669921875,0.303125,,0.0004960441211072686,13.49715805053711
426,1,0.25,0.276953125,,0.0004960153755782342,19.641660690307617
427,1,0.2294921875,0.26669921875,,0.0004959865268257183,26.14657974243164
428,1,0.30859375,0.2748046875,,0.0004959575748618249,22.52379608154297
429,1,0.384765625,0.2845703125,,0.000495928519698702,19.64495849609375
430,1,0.36328125,0.2857421875,,0.0004958993613485406,21.519460678100586
431,1,0.421875,0.308203125,,0.0004958700998235747,25.272794723510742
432,1,0.384765625,0.3287109375,,0.0004958407351360821,19.6452693939209
433,1,0.271484375,0.318359375,,0.0004958112672983838,20.64890480041504
434,1,0.318359375,0.3099609375,,0.0004957816963228437,17.147504806518555
435,1,0.30859375,0.32412109375,,0.0004957520222218694,12.078564643859863
436,1,0.3203125,0.33115234375,,0.0004957222450079116,17.402891159057617
437,1,0.29296875,0.3375,,0.0004956923646934643,22.271656036376953
438,1,0.337890625,0.3404296875,,0.0004956623812910645,26.157588958740234
439,1,0.275390625,0.3294921875,,0.0004956322948132929,20.398456573486328
440,1,0.2109375,0.3142578125,,0.0004956021052727731,18.522411346435547
441,1,0.267578125,0.298828125,,0.0004955718126821722,10.765058517456055
442,1,0.193359375,0.2796875,,0.0004955414170542003,23.899906158447266
443,1,0.3203125,0.2845703125,,0.0004955109184016108,15.20510196685791
444,1,0.2314453125,0.27587890625,,0.0004954803167372007,17.144052505493164
445,1,0.25390625,0.27041015625,,0.0004954496120738094,18.52203369140625
446,1,0.279296875,0.26630859375,,0.0004954188044243203,23.272802352905273
447,1,0.1552734375,0.2525390625,,0.0004953878938016597,21.395965576171875
448,1,0.1455078125,0.23330078125,,0.000495356880218797,22.395204544067383
449,1,0.228515625,0.22861328125,,0.0004953257636887451,22.277374267578125
450,1,0.33203125,0.24072265625,,0.0004952945442245598,24.64716148376465
451,1,0.380859375,0.25205078125,,0.0004952632218393402,21.65311050415039
452,1,0.265625,0.25927734375,,0.0004952317965462287,19.272260665893555
453,1,0.365234375,0.26376953125,,0.0004952002683584106,18.526281356811523
454,1,0.443359375,0.2849609375,,0.0004951686372891146,19.405471801757812
455,1,0.2138671875,0.28095703125,,0.0004951369033516127,21.518396377563477
456,1,0.224609375,0.27548828125,,0.0004951050665592195,16.021461486816406
457,1,0.0712890625,0.26708984375,,0.0004950731269252935,23.89536476135254
458,1,0.392578125,0.291796875,,0.0004950410844632358,15.653425216674805
459,1,0.28515625,0.2974609375,,0.0004950089391864909,23.77313804626465
460,1,0.2041015625,0.28466796875,,0.0004949766911085461,14.706686019897461
461,1,0.146484375,0.26123046875,,0.0004949443402429323,26.143949508666992
462,1,0.154296875,0.25009765625,,0.0004949118866032235,24.769615173339844
463,1,0.302734375,0.24384765625,,0.0004948793302030364,21.2720890045166
464,1,0.423828125,0.24189453125,,0.0004948466710560311,25.155851364135742
465,1,0.2578125,0.2462890625,,0.0004948139091759108,18.893474578857422
466,1,0.373046875,0.2611328125,,0.0004947810445764218,18.520477294921875
467,1,0.443359375,0.29833984375,,0.0004947480772713534,15.146097183227539
468,1,0.275390625,0.28662109375,,0.0004947150072745381,25.653364181518555
469,1,0.337890625,0.29189453125,,0.0004946818345998515,21.273883819580078
470,1,0.34765625,0.30625,,0.0004946485592612122,26.018924713134766
471,1,0.40625,0.3322265625,,0.0004946151812725819,26.1429500579834
472,1,0.3671875,0.353515625,,0.0004945817006479654,21.890666961669922
473,1,0.3828125,0.3615234375,,0.0004945481174014107,16.897947311401367
474,1,0.251953125,0.3443359375,,0.0004945144315470083,23.267900466918945
475,1,0.22265625,0.3408203125,,0.0004944806430988927,15.204463958740234
476,1,0.193359375,0.3228515625,,0.0004944467520712404,16.025409698486328
477,1,0.283203125,0.3068359375,,0.0004944127584782718,17.142498016357422
478,1,0.361328125,0.3154296875,,0.0004943786623342498,18.52187156677246
479,1,0.1650390625,0.29814453125,,0.0004943444636534806,16.772783279418945
480,1,0.458984375,0.30927734375,,0.0004943101624503133,20.64541244506836
481,1,0.322265625,0.30087890625,,0.00049427575873914,21.14525604248047
482,1,0.416015625,0.30576171875,,0.0004942412525343959,24.151775360107422
483,1,0.40234375,0.30771484375,,0.0004942066438505591,21.272289276123047
484,1,0.27734375,0.31025390625,,0.0004941719327021509,21.643049240112305
485,1,0.47265625,0.33525390625,,0.0004941371191037353,20.145360946655273
486,1,0.310546875,0.34697265625,,0.0004941022030699196,12.792905807495117
487,1,0.1533203125,0.333984375,,0.0004940671846153538,19.644411087036133
488,1,0.193359375,0.3171875,,0.000494032063754731,26.147769927978516
489,1,0.369140625,0.33759765625,,0.0004939968405027873,21.268381118774414
490,1,0.314453125,0.32314453125,,0.0004939615148743017,18.65147590637207
491,1,0.1826171875,0.3091796875,,0.0004939260868840962,20.894683837890625
492,1,0.193359375,0.2869140625,,0.0004938905565470356,18.555322647094727
493,1,0.10498046875,0.257177734375,,0.0004938549238780281,21.01617431640625
494,1,0.173828125,0.246826171875,,0.0004938191888920241,18.64601707458496
495,1,0.375,0.237060546875,,0.0004937833516040176,18.52423858642578
496,1,0.1484375,0.220849609375,,0.0004937474120290452,25.64340591430664
497,1,0.25,0.230517578125,,0.0004937113701821864,20.64190101623535
498,1,0.1748046875,0.228662109375,,0.0004936752260785638,15.394253730773926
499,1,0.259765625,0.217724609375,,0.0004936389797333428,17.023303985595703
500,1,0.1298828125,0.199267578125,0.22597591254159735,0.0004936026311617315,13.324737548828125
501,1,0.34765625,0.215771484375,,0.0004935661803789814,20.897005081176758
502,1,0.302734375,0.226708984375,,0.0004935296274003862,24.14354133605957
503,1,0.205078125,0.23671875,,0.0004934929722412831,18.646352767944336
504,1,0.236328125,0.24296875,,0.0004934562149170519,15.334654808044434
505,1,0.234375,0.22890625,,0.0004934193554431153,12.397680282592773
506,1,0.232421875,0.2373046875,,0.0004933823938349387,21.27481460571289
507,1,0.1630859375,0.22861328125,,0.0004933453301080308,23.01930046081543
508,1,0.337890625,0.244921875,,0.0004933081642779425,20.770193099975586
509,1,0.2158203125,0.24052734375,,0.0004932708963602681,12.13900089263916
510,1,0.1875,0.2462890625,,0.0004932335263706446,21.395063400268555
511,1,0.18359375,0.2298828125,,0.0004931960543247514,24.395002365112305
512,1,0.2119140625,0.22080078125,,0.0004931584802383115,21.14127540588379
513,1,0.2197265625,0.222265625,,0.0004931208041270901,18.514448165893555
514,1,0.34375,0.2330078125,,0.0004930830260068954,20.887435913085938
515,1,0.22265625,0.2318359375,,0.0004930451458935783,22.02079963684082
516,1,0.263671875,0.2349609375,,0.0004930071638030327,22.017730712890625
517,1,0.1787109375,0.2365234375,,0.0004929690797511952,24.143564224243164
518,1,0.34375,0.237109375,,0.0004929308937540452,21.265682220458984
519,1,0.224609375,0.23798828125,,0.0004928926058276046,11.44718074798584
520,1,0.28515625,0.24775390625,,0.0004928542159879385,15.451563835144043
521,1,0.267578125,0.25615234375,,0.0004928157242511547,18.518827438354492
522,1,0.34375,0.2693359375,,0.0004927771306334033,23.894426345825195
523,1,0.2373046875,0.27109375,,0.0004927384351508776,20.268421173095703
524,1,0.25390625,0.262109375,,0.0004926996378198135,15.203445434570312
525,1,0.291015625,0.2689453125,,0.0004926607386564898,16.640413284301758
526,1,0.197265625,0.2623046875,,0.0004926217376772276,15.140118598937988
527,1,0.1435546875,0.2587890625,,0.0004925826348983912,16.89200782775879
528,1,0.2216796875,0.24658203125,,0.0004925434303363873,22.264997482299805
529,1,0.15234375,0.23935546875,,0.0004925041240076653,16.766536712646484
530,1,0.2392578125,0.234765625,,0.0004924647159287175,21.267440795898438
531,1,0.34375,0.2423828125,,0.000492425206116079,22.01429557800293
532,1,0.2021484375,0.22822265625,,0.0004923855945863271,22.018278121948242
533,1,0.4296875,0.2474609375,,0.0004923458813560821,18.770605087280273
534,1,0.44140625,0.2662109375,,0.0004923060664420071,18.521581649780273
535,1,0.318359375,0.2689453125,,0.0004922661498608077,18.515111923217773
536,1,0.2890625,0.278125,,0.0004922261316292318,15.262383460998535
537,1,0.267578125,0.29052734375,,0.0004921860117640708,21.518402099609375
538,1,0.294921875,0.2978515625,,0.0004921457902821578,20.64185333251953
539,1,0.2080078125,0.30341796875,,0.0004921054672003693,20.895671844482422
540,1,0.28125,0.3076171875,,0.000492065042535624,19.646747589111328
541,1,0.267578125,0.3,,0.0004920245163048834,21.393037796020508
542,1,0.2578125,0.30556640625,,0.0004919838885251513,17.397424697875977
543,1,0.474609375,0.31005859375,,0.0004919431592134748,21.14948081970215
544,1,0.333984375,0.29931640625,,0.0004919023283869429,21.268774032592773
545,1,0.3359375,0.30107421875,,0.0004918613960626873,23.644731521606445
546,1,0.423828125,0.31455078125,,0.0004918203622578828,18.520227432250977
547,1,0.251953125,0.31298828125,,0.0004917792269897462,15.580059051513672
548,1,0.26171875,0.30966796875,,0.0004917379902755371,21.269065856933594
549,1,0.3203125,0.3208984375,,0.0004916966521325577,21.26737403869629
550,1,0.326171875,0.325390625,,0.0004916552125781528,25.648685455322266
551,1,0.296875,0.3283203125,,0.0004916136716297096,26.01894760131836
552,1,0.330078125,0.335546875,,0.0004915720293046578,21.520160675048828
553,1,0.35546875,0.3236328125,,0.0004915302856204699,23.775041580200195
554,1,0.2060546875,0.31083984375,,0.0004914884405946607,23.648380279541016
555,1,0.193359375,0.29658203125,,0.0004914464942447875,19.393346786499023
556,1,0.2421875,0.27841796875,,0.0004914044465884507,16.2663516998291
557,1,0.240234375,0.27724609375,,0.000491362297643292,11.084933280944824
558,1,0.1787109375,0.2689453125,,0.0004913200474269967,19.015653610229492
559,1,0.201171875,0.25703125,,0.0004912776959572923,21.394596099853516
560,1,0.134765625,0.237890625,,0.0004912352432519483,19.891185760498047
561,1,0.349609375,0.2431640625,,0.0004911926893287774,21.26944923400879
562,1,0.1591796875,0.22607421875,,0.0004911500342056345,22.142425537109375
563,1,0.328125,0.22333984375,,0.0004911072779004166,16.389005661010742
564,1,0.302734375,0.2330078125,,0.0004910644204310637,21.27048110961914
565,1,0.126953125,0.2263671875,,0.0004910214618155579,20.39100456237793
566,1,0.3125,0.2333984375,,0.0004909784020719238,21.269577026367188
567,1,0.173828125,0.2267578125,,0.0004909352412182285,16.89325523376465
568,1,0.345703125,0.24345703125,,0.0004908919792725815,20.519041061401367
569,1,0.326171875,0.25595703125,,0.0004908486162531347,23.77466583251953
570,1,0.361328125,0.27861328125,,0.0004908051521780824,23.77863883972168
571,1,0.373046875,0.28095703125,,0.0004907615870656613,18.514429092407227
572,1,0.30859375,0.2958984375,,0.0004907179209341507,22.518814086914062
573,1,0.255859375,0.288671875,,0.0004906741538018718,18.515172958374023
574,1,0.1884765625,0.27724609375,,0.0004906302856871887,21.641639709472656
575,1,0.1865234375,0.283203125,,0.0004905863166085076,21.390024185180664
576,1,0.255859375,0.2775390625,,0.000490542246584277,11.137674331665039
577,1,0.1318359375,0.27333984375,,0.000490498075632988,15.57301139831543
578,1,0.294921875,0.26826171875,,0.0004904538037731738,20.39285659790039
579,1,0.296875,0.26533203125,,0.0004904094310234101,20.76604652404785
580,1,0.2451171875,0.2537109375,,0.0004903649574023151,19.63788604736328
581,1,0.22265625,0.238671875,,0.0004903203829285486,23.641054153442383
582,1,0.28515625,0.236328125,,0.0004902757076208136,21.262765884399414
583,1,0.41015625,0.2517578125,,0.000490230931497855,26.01491355895996
584,1,0.333984375,0.26630859375,,0.00049018605457846,23.764455795288086
585,1,0.263671875,0.2740234375,,0.000490141076881458,18.514219284057617
586,1,0.154296875,0.2638671875,,0.000490095998425721,25.516197204589844
587,1,0.171875,0.26787109375,,0.0004900508192301629,23.01544761657715
588,1,0.2314453125,0.2615234375,,0.0004900055393137401,16.14128303527832
589,1,0.1845703125,0.25029296875,,0.0004899601586954513,12.704626083374023
590,1,0.283203125,0.2541015625,,0.0004899146773943374,15.205018043518066
591,1,0.251953125,0.25703125,,0.0004898690954294814,23.76775360107422
592,1,0.263671875,0.2548828125,,0.0004898234128200086,22.142597198486328
593,1,0.388671875,0.252734375,,0.0004897776295850866,22.39672088623047
594,1,0.28125,0.2474609375,,0.0004897317457439252,20.641401290893555
595,1,0.36328125,0.257421875,,0.0004896857613157765,24.015878677368164
596,1,0.310546875,0.273046875,,0.0004896396763199347,18.51803970336914
597,1,0.333984375,0.2892578125,,0.0004895934907757361,17.51274299621582
598,1,0.26171875,0.29228515625,,0.0004895472047025594,22.766036987304688
599,1,0.25390625,0.29921875,,0.0004895008181198253,18.516889572143555
600,1,0.21484375,0.2923828125,,0.0004894543310469967,16.637475967407227
601,1,0.287109375,0.2958984375,,0.000489407743503579,15.141058921813965
602,1,0.251953125,0.2947265625,,0.0004893610555091191,23.892562866210938
603,1,0.267578125,0.2826171875,,0.0004893142670832067,11.073054313659668
604,1,0.1708984375,0.27158203125,,0.0004892673782454732,18.38868522644043
605,1,0.2001953125,0.2552734375,,0.0004892203890155923,19.761621475219727
606,1,0.2294921875,0.24716796875,,0.0004891732994132797,18.515731811523438
607,1,0.240234375,0.23779296875,,0.0004891261094582937,23.898014068603516
608,1,0.28125,0.23974609375,,0.0004890788191704338,18.514968872070312
609,1,0.21875,0.23623046875,,0.0004890314285695426,17.137435913085938
610,1,0.1484375,0.22958984375,,0.000488983937675504,18.512603759765625
611,1,0.2421875,0.22509765625,,0.0004889363465082444,21.265918731689453
612,1,0.2431640625,0.22421875,,0.0004888886550877324,11.706659317016602
613,1,0.1376953125,0.21123046875,,0.000488840863433978,18.511911392211914
614,1,0.310546875,0.2251953125,,0.000488792971567034,21.269973754882812
615,1,0.197265625,0.22490234375,,0.0004887449795069948,18.88921356201172
616,1,0.26171875,0.228125,,0.0004886968872739971,21.390695571899414
617,1,0.248046875,0.22890625,,0.0004886486948882194,18.516935348510742
618,1,0.10205078125,0.210986328125,,0.0004886004023698824,18.762680053710938
619,1,0.244140625,0.213525390625,,0.0004885520097392486,17.389509201049805
620,1,0.212890625,0.219970703125,,0.0004885035170166228,19.14229965209961
621,1,0.06201171875,0.201953125,,0.0004884549242223517,22.01505470275879
622,1,0.0830078125,0.1859375,,0.0004884062313768237,13.13479232788086
623,1,0.1630859375,0.1884765625,,0.0004883574385004696,18.137479782104492
624,1,0.162109375,0.1736328125,,0.000488308545613762,18.636667251586914
625,1,0.275390625,0.1814453125,,0.0004882595527372152,18.63878059387207
626,1,0.1103515625,0.16630859375,,0.00048821045989138603,24.264968872070312
627,1,0.1884765625,0.1603515625,,0.0004881612670968727,18.638538360595703
628,1,0.21875,0.172021484375,,0.00048811197437431577,16.515174865722656
629,1,0.205078125,0.168115234375,,0.00048806258174439744,18.517398834228516
630,1,0.1923828125,0.166064453125,,0.00048801308922784194,20.88819122314453
631,1,0.267578125,0.18662109375,,0.0004879634968454154,22.643817901611328
632,1,0.2392578125,0.20224609375,,0.0004879138046179259,18.51413345336914
633,1,0.2333984375,0.20927734375,,0.00048786401256622336,23.638811111450195
634,1,0.2421875,0.21728515625,,0.0004878141207111997,17.636232376098633
635,1,0.19140625,0.20888671875,,0.0004877641290737884,11.073493957519531
636,1,0.283203125,0.226171875,,0.00048771403767496524,19.387981414794922
637,1,0.123046875,0.21962890625,,0.0004876638465357475,21.262805938720703
638,1,0.2041015625,0.2181640625,,0.00048761355567719444,19.511137008666992
639,1,0.2138671875,0.21904296875,,0.0004875631651204073,18.891036987304688
640,1,0.3515625,0.2349609375,,0.00048751267488652894,23.644800186157227
641,1,0.296875,0.237890625,,0.00048746208499674416,21.266233444213867
642,1,0.2490234375,0.2388671875,,0.00048741139547227953,22.889896392822266
643,1,0.201171875,0.23564453125,,0.0004873606063344033,21.391780853271484
644,1,0.1435546875,0.22578125,,0.00048730971760442587,18.763290405273438
645,1,0.255859375,0.2322265625,,0.0004872587293036991,24.642135620117188
646,1,0.2333984375,0.22724609375,,0.00048720764145361665,21.268205642700195
647,1,0.1552734375,0.23046875,,0.00048715645407561417,19.516754150390625
648,1,0.28125,0.23818359375,,0.00048710516719116883,18.514116287231445
649,1,0.306640625,0.2474609375,,0.00048705378082179973,21.392518997192383
650,1,0.2890625,0.2412109375,,0.0004870022949890676,21.640857696533203
651,1,0.1787109375,0.22939453125,,0.000486950709714575,20.8913516998291
652,1,0.162109375,0.220703125,,0.0004868990250199661,21.013254165649414
653,1,0.138671875,0.214453125,,0.0004868472409269268,12.14075756072998
654,1,0.1591796875,0.216015625,,0.0004867953574571847,18.525123596191406
655,1,0.1572265625,0.20615234375,,0.0004867433746325093,18.76399803161621
656,1,0.4375,0.2265625,,0.00048669129247471153,21.39122200012207
657,1,0.154296875,0.22646484375,,0.00048663911100564416,18.641403198242188
658,1,0.34765625,0.23310546875,,0.0004865868302472015,25.768325805664062
659,1,0.1572265625,0.2181640625,,0.0004865344502213196,21.389928817749023
660,1,0.1357421875,0.20283203125,,0.00048648197094997616,23.51492691040039
661,1,0.126953125,0.19765625,,0.00048642939245519044,25.139667510986328
662,1,0.2294921875,0.20439453125,,0.00048637671475902357,16.761018753051758
663,1,0.2265625,0.21318359375,,0.0004863239378835779,21.515666961669922
664,1,0.177734375,0.2150390625,,0.00048627106185099783,12.821197509765625
665,1,0.2041015625,0.2197265625,,0.00048621808668346906,15.576048851013184
666,1,0.203125,0.1962890625,,0.00048616501240321896,17.13641929626465
667,1,0.208984375,0.2017578125,,0.00048611183903251665,20.514984130859375
668,1,0.09912109375,0.176904296875,,0.0004860585665936725,22.76582908630371
669,1,0.19921875,0.181103515625,,0.0004860051951090388,17.138057708740234
670,1,0.216796875,0.189208984375,,0.0004859517246010091,19.138351440429688
671,1,0.2490234375,0.201416015625,,0.0004858981550920187,14.762490272521973
672,1,0.1787109375,0.196337890625,,0.00048584448660454445,21.26548957824707
673,1,0.2421875,0.197900390625,,0.0004857907191611045,11.389206886291504
674,1,0.2392578125,0.204052734375,,0.00048573685278425875,20.63768196105957
675,1,0.30078125,0.213720703125,,0.00048568288749660857,18.88568687438965
676,1,0.189453125,0.212353515625,,0.00048562882332079673,14.3245267868042
677,1,0.134765625,0.204931640625,,0.00048557466027950746,17.010711669921875
678,1,0.271484375,0.22216796875,,0.0004855203983954668,23.649085998535156
679,1,0.2138671875,0.2236328125,,0.0004854660376914418,19.010845184326172
680,1,0.1923828125,0.22119140625,,0.0004854115781902414,15.3270263671875
681,1,0.263671875,0.22265625,,0.0004853570199147156,23.640626907348633
682,1,0.33203125,0.23798828125,,0.0004853023628877562,23.892900466918945
683,1,0.25390625,0.23916015625,,0.0004852476071322962,15.203295707702637
684,1,0.19140625,0.234375,,0.00048519275267131006,22.76378059387207
685,1,0.2392578125,0.22822265625,,0.00048513779952781376,22.140268325805664
686,1,0.2119140625,0.23046875,,0.0004850827477248647,20.888423919677734
687,1,0.134765625,0.23046875,,0.00048502759728556136,20.886245727539062
688,1,0.1787109375,0.22119140625,,0.00048497234823304404,19.26087760925293
689,1,0.193359375,0.219140625,,0.00048491700059049414,23.890018463134766
690,1,0.1474609375,0.2146484375,,0.0004848615543811345,23.139009475708008
691,1,0.2314453125,0.21142578125,,0.0004848060096282293,21.26170539855957
692,1,0.29296875,0.20751953125,,0.0004847503663550842,15.26712417602539
693,1,0.1748046875,0.199609375,,0.00048469462458504593,16.136857986450195
694,1,0.1572265625,0.19619140625,,0.0004846387843415028,16.265043258666992
695,1,0.2490234375,0.19716796875,,0.00048458284564788424,21.14121437072754
696,1,0.2314453125,0.19912109375,,0.0004845268085276613,11.324666976928711
697,1,0.2333984375,0.208984375,,0.0004844706730043459,21.265207290649414
698,1,0.298828125,0.22099609375,,0.0004844144391014915,20.386837005615234
699,1,0.291015625,0.23076171875,,0.0004843581068426929,21.263282775878906
700,1,0.162109375,0.2322265625,,0.00048430167625158595,18.636281967163086
701,1,0.140625,0.22314453125,,0.0004842451473518479,20.888452529907227
702,1,0.2177734375,0.215625,,0.0004841885201671973,23.637386322021484
703,1,0.1484375,0.21298828125,,0.0004841317947213939,23.3931941986084
704,1,0.21875,0.219140625,,0.0004840749710382385,23.142391204833984
705,1,0.19921875,0.21416015625,,0.0004840180491415733,15.325296401977539
706,1,0.3515625,0.226171875,,0.0004839610290552817,23.764795303344727
707,1,0.30859375,0.23369140625,,0.0004839039108032883,23.889869689941406
708,1,0.2890625,0.23271484375,,0.00048384669440955884,19.14024543762207
709,1,0.2177734375,0.225390625,,0.00048378937989810027,19.63670539855957
710,1,0.14453125,0.2236328125,,0.0004837319672929607,24.38808822631836
711,1,0.166015625,0.226171875,,0.0004836744566182293,23.264436721801758
712,1,0.2734375,0.23173828125,,0.00048361684789803653,18.512866973876953
713,1,0.212890625,0.23818359375,,0.0004835591411565539,15.387250900268555
714,1,0.208984375,0.23720703125,,0.0004835013364179942,20.89440155029297
715,1,0.1826171875,0.235546875,,0.00048344343370661117,22.14208221435547
716,1,0.349609375,0.2353515625,,0.0004833854330466997,26.138477325439453
717,1,0.333984375,0.237890625,,0.0004833273344625957,21.013444900512695
718,1,0.33984375,0.24296875,,0.00048326913797867643,18.512008666992188
719,1,0.333984375,0.25458984375,,0.00048321084361936,18.88838768005371
720,1,0.267578125,0.26689453125,,0.00048315245140910556,19.263198852539062
721,1,0.2080078125,0.27109375,,0.00048309396137241346,25.139957427978516
722,1,0.1435546875,0.25810546875,,0.0004830353735338251,18.637466430664062
723,1,0.3515625,0.27197265625,,0.0004829766879179227,22.643558502197266
724,1,0.310546875,0.28212890625,,0.0004829179045493297,21.515403747558594
725,1,0.1552734375,0.27939453125,,0.0004828590234527106,21.26152229309082
726,1,0.1484375,0.25927734375,,0.0004828000446527707,16.01076889038086
727,1,0.1923828125,0.2451171875,,0.0004827409681742565,23.88833236694336
728,1,0.298828125,0.241015625,,0.00048268179404195534,24.0135440826416
729,1,0.2236328125,0.22998046875,,0.00048262252228069557,23.763059616088867
730,1,0.2353515625,0.2267578125,,0.0004825631529153466,20.637205123901367
731,1,0.2099609375,0.226953125,,0.0004825036859708186,22.636384963989258
732,1,0.130859375,0.22568359375,,0.00048244412147206283,18.511337280273438
733,1,0.2412109375,0.2146484375,,0.0004823844594440716,23.63896369934082
734,1,0.251953125,0.2087890625,,0.00048232469991187776,21.3856201171875
735,1,0.2255859375,0.2158203125,,0.0004822648429005554,21.26177406311035
736,1,0.326171875,0.23359375,,0.00048220488843521946,23.89150047302246
737,1,0.18359375,0.23271484375,,0.0004821448365410257,18.512554168701172
738,1,0.19921875,0.22275390625,,0.00048208468724317066,18.759235382080078
739,1,0.216796875,0.2220703125,,0.000482024440566892,20.511354446411133
740,1,0.310546875,0.22958984375,,0.0004819640965374681,20.13528060913086
741,1,0.2412109375,0.23271484375,,0.0004819036551802182,18.510835647583008
742,1,0.2451171875,0.244140625,,0.00048184311652050215,18.886798858642578
743,1,0.45703125,0.26572265625,,0.0004817824805837212,23.891925811767578
744,1,0.255859375,0.26611328125,,0.0004817217473953168,23.763256072998047
745,1,0.265625,0.2701171875,,0.0004816609169807716,15.760442733764648
746,1,0.1904296875,0.25654296875,,0.0004815999893656089,21.136037826538086
747,1,0.1943359375,0.2576171875,,0.0004815389645753927,21.009674072265625
748,1,0.1953125,0.2572265625,,0.00048147784263572797,25.76146125793457
749,1,0.26171875,0.26171875,,0.0004814166235722603,24.263599395751953
750,1,0.14453125,0.2451171875,,0.00048135530741067606,26.012924194335938
751,1,0.23046875,0.24404296875,,0.0004812938941767024,18.510177612304688
752,1,0.322265625,0.2517578125,,0.0004812323838961071,16.75982093811035
753,1,0.205078125,0.2265625,,0.00048117077659469887,19.63565444946289
754,1,0.283203125,0.229296875,,0.0004811090722983269,21.262413024902344
755,1,0.22265625,0.225,,0.0004810472710328812,21.137351989746094
756,1,0.212890625,0.22724609375,,0.0004809853728242924,20.13545036315918
757,1,0.2041015625,0.22822265625,,0.0004809233776985318,19.392635345458984
758,1,0.2431640625,0.2330078125,,0.00048086128568161147,15.88432788848877
759,1,0.216796875,0.228515625,,0.0004807990967995841,22.88777732849121
760,1,0.2138671875,0.23544921875,,0.0004807368110785429,18.50985336303711
761,1,0.197265625,0.23212890625,,0.0004806744285446218,21.265405654907227
762,1,0.244140625,0.22431640625,,0.0004806119492239955,20.638843536376953
763,1,0.263671875,0.23017578125,,0.000480549373142879,11.196805953979492
764,1,0.2060546875,0.2224609375,,0.00048048670032752803,20.26511573791504
765,1,0.2421875,0.2244140625,,0.0004804239308042392,12.449214935302734
766,1,0.27734375,0.230859375,,0.00048036106459934915,18.516939163208008
767,1,0.142578125,0.22470703125,,0.0004802981017392355,13.633000373840332
768,1,0.2138671875,0.22177734375,,0.0004802350422503163,17.76365852355957
769,1,0.140625,0.21416015625,,0.00048017188615905005,16.26487159729004
770,1,0.1982421875,0.21259765625,,0.000480108633491936,17.510974884033203
771,1,0.2119140625,0.2140625,,0.00048004528427551374,20.01156997680664
772,1,0.169921875,0.206640625,,0.00047998183853636343,18.510801315307617
773,1,0.2158203125,0.20185546875,,0.00047991829630110574,23.26348304748535
774,1,0.181640625,0.1994140625,,0.0004798546575964017,15.63583755493164
775,1,0.25390625,0.2005859375,,0.00047979092244895306,23.387807846069336
776,1,0.265625,0.1994140625,,0.00047972709088550187,21.388439178466797
777,1,0.30859375,0.216015625,,0.00047966316293283066,18.51011848449707
778,1,0.197265625,0.21435546875,,0.0004795991386177624,20.13625717163086
779,1,0.2138671875,0.2216796875,,0.0004795350179671605,15.19828987121582
780,1,0.1337890625,0.215234375,,0.00047947080100792884,24.263038635253906
781,1,0.1982421875,0.2138671875,,0.00047940648776701155,15.697928428649902
782,1,0.1533203125,0.21220703125,,0.00047934207827139344,18.885698318481445
783,1,0.220703125,0.2126953125,,0.00047927757254809944,21.26370620727539
784,1,0.271484375,0.2216796875,,0.0004792129706241949,21.63791847229004
785,1,0.177734375,0.2140625,,0.00047914827252678574,13.512676239013672
786,1,0.169921875,0.2044921875,,0.0004790834782830179,15.636405944824219
787,1,0.1572265625,0.18935546875,,0.00047901858792007796,16.88469696044922
788,1,0.1806640625,0.1876953125,,0.00047895360146519265,18.761343002319336
789,1,0.265625,0.19287109375,,0.00047888851894562916,18.5150203704834
790,1,0.29296875,0.2087890625,,0.0004788233403886949,18.512638092041016
791,1,0.2734375,0.21630859375,,0.0004787580658217374,19.262033462524414
792,1,0.1357421875,0.21455078125,,0.00047869269527214494,19.75889015197754
793,1,0.265625,0.21904296875,,0.00047862722876734553,15.13754653930664
794,1,0.2158203125,0.2134765625,,0.00047856166633480793,21.385025024414062
795,1,0.1630859375,0.21201171875,,0.00047849600800204073,17.885568618774414
796,1,0.2373046875,0.21875,,0.000478430253796593,18.512378692626953
797,1,0.2294921875,0.2259765625,,0.00047836440374605406,18.511362075805664
798,1,0.1669921875,0.224609375,,0.0004782984578780533,5.327598571777344
799,1,0.2041015625,0.21845703125,,0.0004782324162202603,23.26372528076172
800,1,0.173828125,0.20654296875,,0.00047816627880038504,20.13648796081543
801,1,0.29296875,0.20849609375,,0.00047810004564617756,18.50956153869629
802,1,0.201171875,0.2150390625,,0.00047803371678542794,17.010440826416016
803,1,0.1533203125,0.20380859375,,0.00047796729224596667,19.26423454284668
804,1,0.2265625,0.2048828125,,0.00047790077205566426,20.386987686157227
805,1,0.310546875,0.21962890625,,0.0004778341562424312,23.64811897277832
806,1,0.1943359375,0.21533203125,,0.0004777674448342183,26.138959884643555
807,1,0.298828125,0.222265625,,0.00047770063785901654,26.14144515991211
808,1,0.259765625,0.23154296875,,0.00047763373534485677,26.14141273498535
809,1,0.134765625,0.224609375,,0.0004775667373198101,18.63547134399414
810,1,0.2060546875,0.22783203125,,0.00047749964381198765,19.01140022277832
811,1,0.1845703125,0.2169921875,,0.00047743245484954054,25.64740753173828
812,1,0.1533203125,0.21220703125,,0.00047736517046066007,12.578484535217285
813,1,0.107421875,0.2076171875,,0.00047729779067357756,13.196978569030762
814,1,0.365234375,0.221484375,,0.0004772303155165642,24.274280548095703
815,1,0.337890625,0.22421875,,0.00047716274501793146,19.141578674316406
816,1,0.251953125,0.22998046875,,0.0004770950792060306,22.138343811035156
817,1,0.21875,0.22197265625,,0.0004770273181092528,23.887617111206055
818,1,0.208984375,0.21689453125,,0.00047695946175602957,21.88751792907715
819,1,0.29296875,0.23271484375,,0.00047689151017483213,18.51368522644043
820,1,0.1455078125,0.22666015625,,0.0004768234633941716,18.63774871826172
821,1,0.2734375,0.235546875,,0.0004767553214425992,21.265871047973633
822,1,0.208984375,0.24111328125,,0.0004766870843487061,21.386808395385742
823,1,0.349609375,0.26533203125,,0.00047661875214112314,22.263179779052734
824,1,0.29296875,0.25810546875,,0.00047655032484852146,18.512012481689453
825,1,0.35546875,0.25986328125,,0.0004764818024996117,18.511146545410156
826,1,0.24609375,0.25927734375,,0.0004764131851231447,15.196362495422363
827,1,0.279296875,0.26533203125,,0.00047634447274791093,18.509647369384766
828,1,0.2265625,0.26708984375,,0.0004762756654027409,15.32302188873291
829,1,0.1484375,0.25263671875,,0.0004762067631165049,6.885168075561523
830,1,0.279296875,0.266015625,,0.00047613776591811296,23.637147903442383
831,1,0.166015625,0.2552734375,,0.00047606867383651513,12.075980186462402
832,1,0.23828125,0.258203125,,0.000475999486900701,15.453970909118652
833,1,0.294921875,0.252734375,,0.0004759302051397004,25.266437530517578
834,1,0.3203125,0.25546875,,0.00047586082858258247,23.640274047851562
835,1,0.234375,0.243359375,,0.00047579135725845636,25.139328002929688
836,1,0.298828125,0.2486328125,,0.00047572179119647083,15.200573921203613
837,1,0.26953125,0.24765625,,0.0004756521304258148,16.13806915283203
838,1,0.23828125,0.248828125,,0.00047558237497571633,12.25821304321289
839,1,0.326171875,0.2666015625,,0.00047551252487544366,18.88584327697754
840,1,0.255859375,0.2642578125,,0.00047544258015430466,26.140281677246094
841,1,0.2890625,0.2765625,,0.00047537254084164664,15.701262474060059
842,1,0.15625,0.268359375,,0.000475302406966857,20.136640548706055
843,1,0.1845703125,0.25732421875,,0.0004752321785593625,20.88774871826172
844,1,0.2041015625,0.245703125,,0.0004751618556486297,11.074706077575684
845,1,0.126953125,0.2349609375,,0.00047509143826416473,23.638216018676758
846,1,0.212890625,0.2263671875,,0.00047502092643551347,12.88536262512207
847,1,0.310546875,0.23046875,,0.0004749503201922614,21.887161254882812
848,1,0.37109375,0.24375,,0.0004748796195640336,21.2623291015625
849,1,0.189453125,0.230078125,,0.0004748088245804946,22.38722801208496
850,1,0.1865234375,0.22314453125,,0.00047473793527134884,23.513521194458008
851,1,0.25390625,0.21962890625,,0.0004746669516663401,18.637758255004883
852,1,0.1142578125,0.2154296875,,0.0004745958737952517,19.63495445251465
853,1,0.2099609375,0.21796875,,0.0004745247016879066,13.885499000549316
854,1,0.1484375,0.21240234375,,0.00047445343537416744,14.94709300994873
855,1,0.16015625,0.21572265625,,0.00047438207488393616,18.510093688964844
856,1,0.150390625,0.20947265625,,0.00047431062024715423,10.383820533752441
857,1,0.1416015625,0.192578125,,0.00047423907149380274,23.262531280517578
858,1,0.2119140625,0.17666015625,,0.00047416742865390225,15.383748054504395
859,1,0.162109375,0.17392578125,,0.00047409569175751277,18.885950088500977
860,1,0.1240234375,0.16767578125,,0.00047402386083473364,13.19587230682373
861,1,0.2138671875,0.163671875,,0.00047395193591570395,20.009117126464844
862,1,0.287109375,0.18095703125,,0.000473879917030602,20.887531280517578
863,1,0.15625,0.1755859375,,0.0004738078042096455,15.697583198547363
864,1,0.1728515625,0.17802734375,,0.00047373559748309173,10.82071590423584
865,1,0.1494140625,0.176953125,,0.00047366329688123735,21.135459899902344
866,1,0.306640625,0.192578125,,0.0004735909024344182,18.511220932006836
867,1,0.23046875,0.20146484375,,0.00047351841417300967,21.262741088867188
868,1,0.228515625,0.203125,,0.00047344583212742666,22.010412216186523
869,1,0.1884765625,0.20576171875,,0.000473373156328123,23.762163162231445
870,1,0.1552734375,0.20888671875,,0.0004733003868055923,15.259757041931152
871,1,0.2578125,0.21328125,,0.00047322752359036724,21.011064529418945
872,1,0.1298828125,0.19755859375,,0.0004731545667130198,20.385374069213867
873,1,0.28515625,0.21044921875,,0.0004730815162041614,18.51253318786621
874,1,0.126953125,0.205859375,,0.0004730083720944427,13.571120262145996
875,1,0.2314453125,0.2140625,,0.0004729351344145536,14.888790130615234
876,1,0.181640625,0.2015625,,0.0004728618031952232,21.138952255249023
877,1,0.10888671875,0.189404296875,,0.00047278837846722,14.819803237915039
878,1,0.142578125,0.180810546875,,0.0004727148602613517,22.010557174682617
879,1,0.1953125,0.181494140625,,0.0004726412486084649,20.636226654052734
880,1,0.265625,0.192529296875,,0.00047256754353944605,21.388099670410156
881,1,0.2099609375,0.187744140625,,0.00047249374508522013,22.516260147094727
882,1,0.2236328125,0.197119140625,,0.0004724198532767518,18.510560989379883
883,1,0.15625,0.184228515625,,0.00047234586814504456,16.260915756225586
884,1,0.17578125,0.189111328125,,0.00047227178972114126,18.762779235839844
885,1,0.251953125,0.191162109375,,0.00047219761803612384,21.26327133178711
886,1,0.306640625,0.203662109375,,0.0004721233531211133,24.020050048828125
887,1,0.26171875,0.2189453125,,0.00047204899500726997,20.886262893676758
888,1,0.34765625,0.239453125,,0.0004719745437257929,18.515369415283203
889,1,0.2177734375,0.24169921875,,0.0004718999993079206,23.63818359375
890,1,0.1826171875,0.2333984375,,0.00047182536178493056,18.633480072021484
891,1,0.2490234375,0.2373046875,,0.0004717506311881392,23.8878116607666
892,1,0.1875,0.23369140625,,0.0004716758075489022,22.512968063354492
893,1,0.14453125,0.23251953125,,0.0004716008908986141,21.136024475097656
894,1,0.2353515625,0.2384765625,,0.00047152588126870854,21.261564254760742
895,1,0.12353515625,0.225634765625,,0.0004714507786906581,17.51171875
896,1,0.2060546875,0.215576171875,,0.0004713755831959746,16.883907318115234
897,1,0.12353515625,0.2017578125,,0.0004713002948162085,17.13614845275879
898,1,0.1337890625,0.18037109375,,0.0004712249135829495,26.137182235717773
899,1,0.2109375,0.1796875,,0.0004711494395278261,16.509140014648438
900,1,0.2314453125,0.1845703125,,0.0004710738726825059,17.134033203125
901,1,0.138671875,0.17353515625,,0.0004709982130786953,17.884613037109375
902,1,0.123046875,0.16708984375,,0.0004709224607481396,16.88401222229004
903,1,0.240234375,0.17666015625,,0.0004708466157226232,18.510238647460938
904,1,0.15625,0.16875,,0.0004707706780339692,11.259599685668945
905,1,0.2158203125,0.177978515625,,0.0004706946477140396,18.7635555267334
906,1,0.11962890625,0.1693359375,,0.0004706185247947354,20.635936737060547
907,1,0.1796875,0.174951171875,,0.0004705423093079962,15.260344505310059
908,1,0.1767578125,0.179248046875,,0.00047046600128580084,23.511524200439453
909,1,0.2490234375,0.183056640625,,0.0004703896007601666,23.63702392578125
910,1,0.1923828125,0.179150390625,,0.00047031310776314973,11.263221740722656
911,1,0.1884765625,0.184130859375,,0.0004702365223268452,15.385953903198242
912,1,0.1865234375,0.190478515625,,0.0004701598444833871,14.634894371032715
913,1,0.1357421875,0.180029296875,,0.0004700830742649477,21.760969161987305
914,1,0.251953125,0.189599609375,,0.0004700062117037386,23.886119842529297
915,1,0.162109375,0.184228515625,,0.0004699292568320097,23.261581420898438
916,1,0.1826171875,0.19052734375,,0.00046985220968205,18.51005744934082
917,1,0.224609375,0.19501953125,,0.00046977507028618705,15.447122573852539
918,1,0.2578125,0.203125,,0.0004696978386767871,16.13671875
919,1,0.1611328125,0.1943359375,,0.0004696205148862549,22.637083053588867
920,1,0.1533203125,0.1904296875,,0.00046954309894703427,21.384946823120117
921,1,0.2734375,0.19892578125,,0.0004694655908916076,17.887779235839844
922,1,0.140625,0.1943359375,,0.0004693879907524955,17.509721755981445
923,1,0.208984375,0.20166015625,,0.00046931029856225783,23.761152267456055
924,1,0.1025390625,0.18671875,,0.0004692325143534927,16.758878707885742
925,1,0.11083984375,0.181591796875,,0.000469154638158837,9.073067665100098
926,1,0.265625,0.189892578125,,0.0004690766700109659,19.38300132751465
927,1,0.201171875,0.187548828125,,0.00046899860994259365,20.63350486755371
928,1,0.2216796875,0.183935546875,,0.00046892045798647264,20.384305953979492
929,1,0.203125,0.188134765625,,0.000468842214175394,23.759653091430664
930,1,0.2294921875,0.195751953125,,0.0004687638785421875,23.636276245117188
931,1,0.310546875,0.199462890625,,0.00046868545111972116,21.260372161865234
932,1,0.0810546875,0.193505859375,,0.0004686069319409018,20.63322639465332
933,1,0.11572265625,0.1841796875,,0.0004685283210386745,17.634353637695312
934,1,0.314453125,0.20537109375,,0.000468449618446023,22.637441635131836
935,1,0.162109375,0.210498046875,,0.00046837082419596936,20.00966453552246
936,1,0.146484375,0.198583984375,,0.0004682919383215744,13.509502410888672
937,1,0.1748046875,0.195947265625,,0.00046821296085593683,18.63384246826172
938,1,0.09521484375,0.18330078125,,0.00046813389183219444,21.50914764404297
939,1,0.21484375,0.18447265625,,0.00046805473128352297,23.884843826293945
940,1,0.1884765625,0.18037109375,,0.00046797547924313674,15.257259368896484
941,1,0.1708984375,0.16640625,,0.00046789613574428846,19.382658004760742
942,1,0.09521484375,0.167822265625,,0.0004678167008202692,20.132976531982422
943,1,0.2431640625,0.18056640625,,0.0004677371745044083,23.6345157623291
944,1,0.2373046875,0.1728515625,,0.00046765755683007354,22.261098861694336
945,1,0.1220703125,0.16884765625,,0.0004675778478306711,20.6339054107666
946,1,0.2451171875,0.1787109375,,0.0004674980475396453,19.511571884155273
947,1,0.1806640625,0.179296875,,0.000467418155990479,22.63391876220703
948,1,0.2197265625,0.191748046875,,0.00046733817321669303,26.136398315429688
949,1,0.2470703125,0.194970703125,,0.00046725809925184683,13.696052551269531
950,1,0.275390625,0.203662109375,,0.0004671779341295378,21.38626480102539
951,1,0.224609375,0.209033203125,,0.00046709767788340184,18.26030158996582
952,1,0.111328125,0.21064453125,,0.0004670173305471129,16.507457733154297
953,1,0.1435546875,0.20068359375,,0.0004669368921543834,11.631829261779785
954,1,0.3125,0.208203125,,0.00046685636273896357,18.51282501220703
955,1,0.2138671875,0.2173828125,,0.00046677574233464227,23.763378143310547
956,1,0.29296875,0.22216796875,,0.0004666950309752461,20.76076889038086
957,1,0.201171875,0.22421875,,0.00046661422869464033,25.011056900024414
958,1,0.1552734375,0.2177734375,,0.00046653333552672775,14.008307456970215
959,1,0.072265625,0.20029296875,,0.00046645235150545,21.135391235351562
960,1,0.142578125,0.18701171875,,0.00046637127666478617,23.136438369750977
961,1,0.2236328125,0.1869140625,,0.00046629011103875383,23.889698028564453
962,1,0.271484375,0.2029296875,,0.0004662088546614087,23.635746002197266
963,1,0.1748046875,0.2060546875,,0.00046612750756684434,23.259233474731445
964,1,0.2734375,0.2021484375,,0.0004660460697891925,21.1350040435791
965,1,0.34375,0.21513671875,,0.00046596454136262294,23.765117645263672
966,1,0.1845703125,0.204296875,,0.00046588292232134347,21.508817672729492
967,1,0.2294921875,0.20712890625,,0.0004658012126996,20.387195587158203
968,1,0.177734375,0.209375,,0.00046571941253167626,17.385517120361328
969,1,0.33984375,0.2361328125,,0.00046563752185189424,22.264616012573242
970,1,0.2177734375,0.24365234375,,0.00046555554069461347,26.136451721191406
971,1,0.3828125,0.2595703125,,0.00046547346909423204,21.38471031188965
972,1,0.173828125,0.2498046875,,0.00046539130708518546,21.634979248046875
973,1,0.1494140625,0.247265625,,0.00046530905470194747,22.13475799560547
974,1,0.2412109375,0.24404296875,,0.00046522671197902956,18.885696411132812
975,1,0.25390625,0.23505859375,,0.0004651442789509813,18.507715225219727
976,1,0.177734375,0.234375,,0.00046506175565239006,21.009824752807617
977,1,0.1591796875,0.22734375,,0.00046497914211788096,12.07116985321045
978,1,0.09130859375,0.218701171875,,0.00046489643838211724,23.25893211364746
979,1,0.1689453125,0.201611328125,,0.0004648136444797998,18.133914947509766
980,1,0.1201171875,0.191845703125,,0.00046473076044566743,18.509485244750977
981,1,0.142578125,0.167822265625,,0.00046464778631449675,20.384428024291992
982,1,0.1123046875,0.161669921875,,0.0004645647221211021,21.764318466186523
983,1,0.265625,0.173291015625,,0.0004644815679003357,21.26104164123535
984,1,0.1962890625,0.168798828125,,0.0004643983236870876,15.38351821899414
985,1,0.2353515625,0.166943359375,,0.0004643149895162854,18.511022567749023
986,1,0.2421875,0.173388671875,,0.00046423156542289455,21.26209831237793
987,1,0.279296875,0.185400390625,,0.0004641480514419184,21.88652801513672
988,1,0.158203125,0.19208984375,,0.00046406444760839776,19.63595962524414
989,1,0.2158203125,0.19677734375,,0.00046398075395741133,16.510839462280273
990,1,0.275390625,0.2123046875,,0.0004638969705240753,17.761619567871094
991,1,0.2294921875,0.22099609375,,0.0004638130973435437,24.135295867919922
992,1,0.267578125,0.2365234375,,0.0004637291344510082,19.134302139282227
993,1,0.228515625,0.2328125,,0.00046364508188169803,26.009920120239258
994,1,0.166015625,0.22978515625,,0.00046356093967088,10.506415367126465
995,1,0.1630859375,0.22255859375,,0.0004634767078538588,21.139142990112305
996,1,0.166015625,0.21494140625,,0.0004633923864659764,9.88306713104248
997,1,0.1796875,0.20498046875,,0.0004633079755426125,18.259328842163086
998,1,0.2197265625,0.2111328125,,0.0004632234751191844,18.50925064086914
999,1,0.1337890625,0.2029296875,,0.0004631388852311469,23.01011848449707
1000,1,0.15625,0.191015625,0.18792260836973101,0.0004630542059139923,14.570504188537598
1001,1,0.1513671875,0.183203125,,0.0004629694372032506,22.88405990600586
1002,1,0.1171875,0.1681640625,,0.000462884579134489,20.383827209472656
1003,1,0.1005859375,0.15537109375,,0.0004627996317433124,15.445940971374512
1004,1,0.171875,0.15595703125,,0.0004627145950653633,19.511516571044922
1005,1,0.1611328125,0.15576171875,,0.0004626294691363213,16.007177352905273
1006,1,0.2578125,0.16494140625,,0.00046254425399190385,15.133399963378906
1007,1,0.255859375,0.17255859375,,0.00046245894966786557,12.322158813476562
1008,1,0.134765625,0.1640625,,0.00046237355619999847,17.133607864379883
1009,1,0.12158203125,0.162841796875,,0.0004622880736241322,20.133344650268555
1010,1,0.21484375,0.168701171875,,0.0004622025019761336,15.508612632751465
1011,1,0.142578125,0.167822265625,,0.000462116841291907,24.51036834716797
1012,1,0.28125,0.184228515625,,0.000462031091607394,19.134702682495117
1013,1,0.193359375,0.193505859375,,0.0004619452529585735,18.50951385498047
1014,1,0.2158203125,0.197900390625,,0.0004618593253814618,22.633970260620117
1015,1,0.2431640625,0.206103515625,,0.00046177330891211264,23.5102596282959
1016,1,0.1162109375,0.191943359375,,0.000461687203586617,26.13433837890625
1017,1,0.2060546875,0.186962890625,,0.0004616010094411027,21.25910758972168
1018,1,0.189453125,0.192431640625,,0.00046151472651173565,23.138574600219727
1019,1,0.1513671875,0.19541015625,,0.0004614283548347183,21.01319694519043
1020,1,0.1064453125,0.1845703125,,0.0004613418944462907,9.069628715515137
1021,1,0.1533203125,0.18564453125,,0.00046125534538272994,20.0091609954834
1022,1,0.2099609375,0.178515625,,0.00046116870768035044,20.761449813842773
1023,1,0.1416015625,0.17333984375,,0.00046108198137550377,21.383827209472656
1024,1,0.255859375,0.17734375,,0.00046099516650457875,15.196555137634277
1025,1,0.248046875,0.17783203125,,0.00046090826310400115,21.13412094116211
1026,1,0.212890625,0.1875,,0.0004608212712102341,23.75904083251953
1027,1,0.21875,0.18876953125,,0.0004607341908597779,25.637197494506836
1028,1,0.2490234375,0.1947265625,,0.00046064702208916953,16.13387107849121
1029,1,0.14453125,0.19404296875,,0.0004605597649349837,19.50810432434082
1030,1,0.267578125,0.21015625,,0.00046047241943383176,18.510173797607422
1031,1,0.29296875,0.22412109375,,0.00046038498562236225,15.760086059570312
1032,1,0.248046875,0.2279296875,,0.0004602974635372608,19.259544372558594
1033,1,0.189453125,0.23271484375,,0.0004602098532152501,23.88718032836914
1034,1,0.166015625,0.22373046875,,0.0004601221546930897,21.259321212768555
1035,1,0.1298828125,0.2119140625,,0.00046003436800757635,15.1957368850708
1036,1,0.2216796875,0.21279296875,,0.0004599464931955437,19.63358497619629
1037,1,0.216796875,0.21259765625,,0.00045985853029386237,19.885765075683594
1038,1,0.119140625,0.199609375,,0.00045977047933943996,12.256888389587402
1039,1,0.1953125,0.2046875,,0.00045968234036922103,18.385772705078125
1040,1,0.1552734375,0.19345703125,,0.0004595941134201871,15.507774353027344
1041,1,0.205078125,0.18466796875,,0.00045950579852935643,19.382793426513672
1042,1,0.248046875,0.18466796875,,0.00045941739573378444,19.761457443237305
1043,1,0.1611328125,0.1818359375,,0.00045932890507056326,18.512699127197266
1044,1,0.1630859375,0.18154296875,,0.0004592403265768219,21.382490158081055
1045,1,0.1630859375,0.18486328125,,0.0004591516602897262,18.75844955444336
1046,1,0.16796875,0.1794921875,,0.00045906290624647905,24.76202392578125
1047,1,0.232421875,0.1810546875,,0.00045897406448431986,23.635581970214844
1048,1,0.248046875,0.1939453125,,0.00045888513504052506,22.510725021362305
1049,1,0.0927734375,0.18369140625,,0.00045879611795240775,20.758159637451172
1050,1,0.1474609375,0.18291015625,,0.0004587070132573178,19.008445739746094
1051,1,0.1806640625,0.18046875,,0.000458617820992642,15.194416999816895
1052,1,0.2041015625,0.17607421875,,0.00045852854119580365,25.88671112060547
1053,1,0.130859375,0.173046875,,0.00045843917390426305,15.508007049560547
1054,1,0.1494140625,0.1716796875,,0.00045834971915551686,16.257431030273438
1055,1,0.2275390625,0.178125,,0.00045826017698709874,23.50897789001465
1056,1,0.2236328125,0.18369140625,,0.00045817054743657896,21.260282516479492
1057,1,0.1806640625,0.178515625,,0.0004580808305415644,19.88395118713379
1058,1,0.2080078125,0.17451171875,,0.0004579910263396985,25.88467025756836
1059,1,0.2451171875,0.18974609375,,0.00045790113486866146,15.26745319366455
1060,1,0.1845703125,0.19345703125,,0.0004578111561661702,25.513320922851562
1061,1,0.0888671875,0.18427734375,,0.000457721090269978,23.8837947845459
1062,1,0.07177734375,0.171044921875,,0.00045763093721787486,21.50996971130371
1063,1,0.2177734375,0.179736328125,,0.0004575406970476873,7.7292890548706055
1064,1,0.09716796875,0.17451171875,,0.00045745036979727844,21.259550094604492
1065,1,0.2353515625,0.17529296875,,0.0004573599555045479,22.886507034301758
1066,1,0.150390625,0.16796875,,0.0004572694542074319,23.7593994140625
1067,1,0.1279296875,0.1626953125,,0.0004571788659439031,22.258800506591797
1068,1,0.2333984375,0.165234375,,0.0004570881907519706,18.635046005249023
1069,1,0.10107421875,0.150830078125,,0.0004569974286696801,18.507524490356445
1070,1,0.263671875,0.158740234375,,0.0004569065797351135,19.633432388305664
1071,1,0.11865234375,0.16171875,,0.0004568156439863895,17.257753372192383
1072,1,0.1806640625,0.172607421875,,0.00045672462146166304,20.51067352294922
1073,1,0.177734375,0.168603515625,,0.0004566335121991254,18.513689041137695
1074,1,0.1982421875,0.1787109375,,0.00045654231623700435,15.449390411376953
1075,1,0.205078125,0.17568359375,,0.0004564510336135641,19.63508415222168
1076,1,0.154296875,0.17607421875,,0.00045635966436710515,20.257808685302734
1077,1,0.2470703125,0.18798828125,,0.0004562682085359642,20.762720108032227
1078,1,0.232421875,0.187890625,,0.0004561766661585145,23.63507652282715
1079,1,0.12890625,0.190673828125,,0.0004560850372731655,17.382490158081055
1080,1,0.21484375,0.185791015625,,0.00045599332191836314,19.135543823242188
1081,1,0.2109375,0.19501953125,,0.0004559015201325892,21.760438919067383
1082,1,0.2099609375,0.19794921875,,0.00045580963195436227,21.263010025024414
1083,1,0.15625,0.19580078125,,0.00045571765742223667,23.759397506713867
1084,1,0.259765625,0.201953125,,0.00045562559657480353,21.25991439819336
1085,1,0.22265625,0.2037109375,,0.00045553344945068955,23.5111083984375
1086,1,0.17578125,0.205859375,,0.0004554412160885581,20.887271881103516
1087,1,0.228515625,0.20400390625,,0.0004553488965271085,21.635265350341797
1088,1,0.173828125,0.19814453125,,0.0004552564908050765,15.510488510131836
1089,1,0.201171875,0.20537109375,,0.00045516399896123374,19.009307861328125
1090,1,0.20703125,0.20458984375,,0.00045507142103438794,19.509052276611328
1091,1,0.1806640625,0.2015625,,0.0004549787570633833,18.508255004882812
1092,1,0.30078125,0.21064453125,,0.00045488600708709973,21.136646270751953
1093,1,0.1904296875,0.2140625,,0.00045479317114445353,21.259952545166016
1094,1,0.09228515625,0.197314453125,,0.00045470024927439674,15.445624351501465
1095,1,0.18359375,0.193408203125,,0.0004546072415159179,16.50745391845703
1096,1,0.1904296875,0.194873046875,,0.0004545141479080411,23.134174346923828
1097,1,0.1904296875,0.191064453125,,0.00045442096848982694,26.1368465423584
1098,1,0.12353515625,0.18603515625,,0.00045432770330037153,14.94390869140625
1099,1,0.1767578125,0.18359375,,0.00045423435237880737,18.38249397277832
1100,1,0.1376953125,0.17666015625,,0.0004541409157643027,21.883752822875977
1101,1,0.140625,0.17265625,,0.00045404739349606186,22.258508682250977
1102,1,0.16796875,0.159375,,0.000453953785613325,18.508235931396484
1103,1,0.1728515625,0.1576171875,,0.00045386009215536824,21.13536834716797
1104,1,0.1181640625,0.160205078125,,0.00045376631316150365,18.509227752685547
1105,1,0.212890625,0.163134765625,,0.00045367244867107904,20.00957679748535
1106,1,0.16015625,0.160107421875,,0.00045357849872347837,22.01214599609375
1107,1,0.259765625,0.167041015625,,0.0004534844633581212,16.00743293762207
1108,1,0.111328125,0.1658203125,,0.0004533903426144631,11.256961822509766
1109,1,0.208984375,0.16904296875,,0.0004532961365319953,18.50941276550293
1110,1,0.08837890625,0.164111328125,,0.000453201845150245,11.319564819335938
1111,1,0.08740234375,0.1587890625,,0.000453107468508775,18.759218215942383
1112,1,0.205078125,0.1625,,0.0004530130066471841,20.63397789001465
1113,1,0.11083984375,0.156298828125,,0.00045291845960510665,17.509361267089844
1114,1,0.1875,0.163232421875,,0.0004528238274222129,22.636112213134766
1115,1,0.09326171875,0.15126953125,,0.00045272911013820874,22.38373565673828
1116,1,0.10009765625,0.145263671875,,0.00045263430779283575,19.384262084960938
1117,1,0.1494140625,0.134228515625,,0.00045253942042587127,18.88237762451172
1118,1,0.1123046875,0.134326171875,,0.0004524444480771283,7.606958389282227
1119,1,0.1416015625,0.127587890625,,0.0004523493907864554,16.88357925415039
1120,1,0.1064453125,0.12939453125,,0.0004522542485937369,24.25884437561035
1121,1,0.2099609375,0.141650390625,,0.0004521590215388927,13.885016441345215
1122,1,0.1376953125,0.134912109375,,0.0004520637096618782,15.694365501403809
1123,1,0.11181640625,0.135009765625,,0.0004519683130026846,14.382734298706055
1124,1,0.1630859375,0.132568359375,,0.00045187283160133865,19.383155822753906
1125,1,0.16015625,0.1392578125,,0.0004517772654979023,18.509031295776367
1126,1,0.201171875,0.149365234375,,0.0004516816147324736,24.63553237915039
1127,1,0.3203125,0.166455078125,,0.0004515858793451857,21.263565063476562
1128,1,0.185546875,0.173779296875,,0.0004514900593762074,15.75733470916748
1129,1,0.26953125,0.186572265625,,0.0004513941548657429,19.8867130279541
1130,1,0.10302734375,0.18623046875,,0.00045129816585403205,17.25787925720215
1131,1,0.19140625,0.184375,,0.0004512020923813501,23.890548706054688
1132,1,0.2158203125,0.1921875,,0.00045110593448800763,25.260805130004883
1133,1,0.2236328125,0.203369140625,,0.0004510096922143506,22.884395599365234
1134,1,0.1044921875,0.197509765625,,0.0004509133656007607,17.757678985595703
1135,1,0.169921875,0.198486328125,,0.00045081695468765466,17.51148223876953
1136,1,0.0947265625,0.187841796875,,0.0004507204595154847,22.134857177734375
1137,1,0.11962890625,0.1677734375,,0.00045062388012473843,17.259061813354492
1138,1,0.166015625,0.1658203125,,0.00045052721655593875,16.135665893554688
1139,1,0.15625,0.1544921875,,0.00045043046884964393,21.63431739807129
1140,1,0.2216796875,0.166357421875,,0.0004503336370464475,24.51527214050293
1141,1,0.267578125,0.173974609375,,0.00045023672118697826,19.263118743896484
1142,1,0.3359375,0.185986328125,,0.0004501397213119004,23.762910842895508
1143,1,0.1494140625,0.178564453125,,0.0004500426374619131,18.51157569885254
1144,1,0.181640625,0.186279296875,,0.00044994546967775105,13.694589614868164
1145,1,0.12890625,0.182177734375,,0.000449848218000184,15.322267532348633
1146,1,0.11474609375,0.1841796875,,0.000449750882470017,18.759708404541016
1147,1,0.31640625,0.203857421875,,0.0004496534631280902,23.634946823120117
1148,1,0.203125,0.207568359375,,0.000449555960015279,22.259231567382812
1149,1,0.34375,0.226318359375,,0.00044945837317249374,24.140121459960938
1150,1,0.1904296875,0.223193359375,,0.00044936070264068017,17.759960174560547
1151,1,0.1328125,0.209716796875,,0.00044926294846081913,21.260061264038086
1152,1,0.1513671875,0.191259765625,,0.0004491651106739262,18.50782012939453
1153,1,0.23046875,0.199365234375,,0.00044906718932105253,22.133350372314453
1154,1,0.296875,0.210888671875,,0.00044896918444328396,26.13809585571289
1155,1,0.2294921875,0.220947265625,,0.00044887109608174157,19.50914192199707
1156,1,0.234375,0.23291015625,,0.00044877292427758145,17.13450050354004
1157,1,0.265625,0.22783203125,,0.0004486746690719946,21.13450050354004
1158,1,0.16015625,0.22353515625,,0.00044857633050620705,15.761063575744629
1159,1,0.2080078125,0.2099609375,,0.00044847790862147994,18.5093994140625
1160,1,0.1376953125,0.2046875,,0.0004483794034591092,15.632296562194824
1161,1,0.208984375,0.2123046875,,0.00044828081506042585,18.510042190551758
1162,1,0.1279296875,0.2099609375,,0.0004481821434667956,22.13453483581543
1163,1,0.203125,0.2072265625,,0.00044808338871961926,22.261377334594727
1164,1,0.2392578125,0.20146484375,,0.0004479845508603326,21.258907318115234
1165,1,0.162109375,0.1947265625,,0.0004478856299304061,22.761058807373047
1166,1,0.318359375,0.203125,,0.0004477866259713451,21.38587760925293
1167,1,0.1728515625,0.19384765625,,0.00044768753902468984,21.384387969970703
1168,1,0.125,0.19033203125,,0.00044758836913201533,23.760360717773438
1169,1,0.099609375,0.1794921875,,0.0004474891163349315,15.568367004394531
1170,1,0.1171875,0.17744140625,,0.00044738978067508287,13.570411682128906
1171,1,0.197265625,0.17626953125,,0.000447290362194149,18.75877571105957
1172,1,0.162109375,0.1796875,,0.00044719086093384383,17.007198333740234
1173,1,0.310546875,0.1904296875,,0.00044709127693591636,15.195977210998535
1174,1,0.1630859375,0.1828125,,0.0004469916102421502,22.008527755737305
1175,1,0.18359375,0.1849609375,,0.0004468918608943636,19.133207321166992
1176,1,0.1279296875,0.16591796875,,0.00044679202893440956,23.13302230834961
1177,1,0.10400390625,0.159033203125,,0.0004466921144041757,11.882742881774902
1178,1,0.059326171875,0.1524658203125,,0.00044659211734558436,15.944665908813477
1179,1,0.1083984375,0.1533447265625,,0.00044649203780059235,22.009748458862305
1180,1,0.0966796875,0.1512939453125,,0.0004463918758111912,21.50774574279785
1181,1,0.2353515625,0.1551025390625,,0.000446291631419407,22.259119033813477
1182,1,0.1787109375,0.1567626953125,,0.00044619130466730064,12.948115348815918
1183,1,0.2158203125,0.1472900390625,,0.00044609089559696715,18.386241912841797
1184,1,0.140625,0.1450439453125,,0.00044599040425053626,12.632596015930176
1185,1,0.09716796875,0.1364013671875,,0.0004458898306701725,20.010330200195312
1186,1,0.216796875,0.1452880859375,,0.0004457891748980746,24.51202392578125
1187,1,0.1591796875,0.1508056640625,,0.00044568843697647564,23.633909225463867
1188,1,0.15625,0.160498046875,,0.0004455876169476437,19.63280487060547
1189,1,0.20703125,0.170361328125,,0.0004454867148538808,21.137758255004883
1190,1,0.083984375,0.169091796875,,0.0004453857307375236,20.132801055908203
1191,1,0.08544921875,0.1541015625,,0.0004452846646409432,15.257118225097656
1192,1,0.24609375,0.16083984375,,0.00044518351660654507,15.444578170776367
1193,1,0.1279296875,0.15205078125,,0.000445082286676769,19.634326934814453
1194,1,0.1728515625,0.1552734375,,0.00044498097489408916,17.75909996032715
1195,1,0.1162109375,0.157177734375,,0.0004448795813010142,19.257556915283203
1196,1,0.158203125,0.151318359375,,0.0004447781059400869,16.258699417114258
1197,1,0.1728515625,0.152685546875,,0.0004446765488538844,22.00754165649414
1198,1,0.232421875,0.160302734375,,0.0004445749100850184,23.387142181396484
1199,1,0.1474609375,0.154345703125,,0.0004444731896761343,25.133703231811523
1200,1,0.296875,0.175634765625,,0.0004443713876699124,17.884084701538086
1201,1,0.1845703125,0.185546875,,0.0004442695041090666,23.884397506713867
1202,1,0.1669921875,0.17763671875,,0.00044416753903634576,17.507261276245117
1203,1,0.2001953125,0.18486328125,,0.0004440654924945322,26.01097869873047
1204,1,0.2041015625,0.18798828125,,0.0004439633645264429,24.25978660583496
1205,1,0.1611328125,0.19248046875,,0.00044386115517492877,15.757315635681152
1206,1,0.2216796875,0.198828125,,0.00044375886448287503,18.765037536621094
1207,1,0.2451171875,0.2060546875,,0.000443656492493201,18.51093864440918
1208,1,0.2431640625,0.20712890625,,0.00044355403924885994,23.132524490356445
1209,1,0.248046875,0.2171875,,0.00044345150479283945,21.25935935974121
1210,1,0.189453125,0.2064453125,,0.00044334888916816096,16.88222312927246
1211,1,0.1494140625,0.2029296875,,0.00044324619241788024,19.632408142089844
1212,1,0.2490234375,0.2111328125,,0.0004431434145850867,18.507976531982422
1213,1,0.26171875,0.21728515625,,0.00044304055571290426,23.136377334594727
1214,1,0.1796875,0.21484375,,0.00044293761584449044,22.75926971435547
1215,1,0.1474609375,0.2134765625,,0.0004428345950230369,20.258403778076172
1216,1,0.1708984375,0.2083984375,,0.00044273149329176933,21.509681701660156
1217,1,0.07177734375,0.191064453125,,0.0004426283106939473,22.508766174316406
1218,1,0.1328125,0.180029296875,,0.0004425250472728643,19.00761604309082
1219,1,0.12158203125,0.1673828125,,0.00044242170307184773,23.885393142700195
1220,1,0.11865234375,0.160302734375,,0.0004423182781342588,15.693830490112305
1221,1,0.255859375,0.170947265625,,0.00044221477250349283,19.383970260620117
1222,1,0.2197265625,0.168017578125,,0.00044211118622297885,20.635101318359375
1223,1,0.380859375,0.179931640625,,0.0004420075193361797,25.511672973632812
1224,1,0.232421875,0.185205078125,,0.00044190377188659213,19.258548736572266
1225,1,0.169921875,0.187451171875,,0.0004417999439177465,18.50881004333496
1226,1,0.2216796875,0.192529296875,,0.00044169603547320726,22.75913429260254
1227,1,0.142578125,0.199609375,,0.0004415920465965724,20.6329402923584
1228,1,0.19140625,0.20546875,,0.00044148797733147374,21.509220123291016
1229,1,0.1953125,0.212841796875,,0.0004413838277215767,21.633920669555664
1230,1,0.103515625,0.211328125,,0.0004412795978105807,21.258350372314453
1231,1,0.216796875,0.207421875,,0.0004411752876422186,19.007610321044922
1232,1,0.2138671875,0.2068359375,,0.00044107089726025693,19.007064819335938
1233,1,0.193359375,0.1880859375,,0.00044096642670849606,16.38475227355957
1234,1,0.1787109375,0.18271484375,,0.00044086187603076986,20.13435173034668
1235,1,0.1376953125,0.1794921875,,0.00044075724527094587,20.633596420288086
1236,1,0.1396484375,0.1712890625,,0.0004406525344729251,18.881492614746094
1237,1,0.1279296875,0.16982421875,,0.0004405477436806424,13.819096565246582
1238,1,0.1376953125,0.164453125,,0.00044044287293806594,18.88263511657715
1239,1,0.24609375,0.16953125,,0.00044033792228919766,18.509687423706055
1240,1,0.1982421875,0.17900390625,,0.0004402328917780728,24.262271881103516
1241,1,0.1318359375,0.1705078125,,0.0004401277814487602,21.758790969848633
1242,1,0.1875,0.16787109375,,0.00044002259134536225,21.259906768798828
1243,1,0.1533203125,0.1638671875,,0.0004399173215120148,15.13232421875
1244,1,0.2470703125,0.170703125,,0.000439811971992887,20.634780883789062
1245,1,0.171875,0.17412109375,,0.0004397065428321817,18.75726890563965
1246,1,0.138671875,0.1740234375,,0.00043960103407413487,21.634260177612305
1247,1,0.169921875,0.17822265625,,0.0004394954457630161,18.634489059448242
1248,1,0.15625,0.180078125,,0.0004393897779431283,17.134410858154297
1249,1,0.306640625,0.1861328125,,0.0004392840306588076,14.514841079711914
1250,1,0.0908203125,0.175390625,,0.0004391782039544238,20.133407592773438
1251,1,0.119140625,0.17412109375,,0.00043907229787437977,22.6346492767334
1252,1,0.201171875,0.17548828125,,0.00043896631246311154,21.51031494140625
1253,1,0.2060546875,0.18076171875,,0.00043886024776508884,21.26066780090332
1254,1,0.25390625,0.1814453125,,0.00043875410382481427,25.511568069458008
1255,1,0.177734375,0.18203125,,0.0004386478806868241,18.008026123046875
1256,1,0.111328125,0.179296875,,0.00043854157839568733,23.884817123413086
1257,1,0.1767578125,0.17998046875,,0.00043843519699600657,20.0100040435791
1258,1,0.1796875,0.18232421875,,0.00043832873653241745,19.383838653564453
1259,1,0.1171875,0.16337890625,,0.00043822219704958877,14.382122039794922
1260,1,0.1064453125,0.16494140625,,0.00043811557859222257,21.257959365844727
1261,1,0.064453125,0.15947265625,,0.00043800888120505395,16.632143020629883
1262,1,0.10009765625,0.149365234375,,0.0004379021049328511,23.38610076904297
1263,1,0.1357421875,0.142333984375,,0.0004377952498204155,15.197295188903809
1264,1,0.1123046875,0.128173828125,,0.0004376883159125814,16.006343841552734
1265,1,0.1025390625,0.120654296875,,0.0004375813032542164,25.38431739807129
1266,1,0.1708984375,0.126611328125,,0.00043747421189022095,18.509140014648438
1267,1,0.10107421875,0.11904296875,,0.00043736704186552865,21.508438110351562
1268,1,0.09521484375,0.110595703125,,0.00043725979322510605,16.38231086730957
1269,1,0.09033203125,0.10791015625,,0.00043715246601395264,18.508255004882812
1270,1,0.1455078125,0.11181640625,,0.000437045060277101,21.134267807006836
1271,1,0.1806640625,0.1234375,,0.0004369375760596165,11.259387016296387
1272,1,0.1865234375,0.132080078125,,0.00043683001340659764,20.258018493652344
1273,1,0.10791015625,0.129296875,,0.00043672237236317546,18.50656509399414
1274,1,0.2451171875,0.142578125,,0.00043661465297451446,19.009052276611328
1275,1,0.08544921875,0.140869140625,,0.00043650685528581155,21.758251190185547
1276,1,0.09033203125,0.1328125,,0.00043639897934229655,15.445053100585938
1277,1,0.1298828125,0.135693359375,,0.0004362910251892324,22.508453369140625
1278,1,0.13671875,0.13984375,,0.0004361829928719144,22.510372161865234
1279,1,0.15625,0.146435546875,,0.00043607488243567114,18.508529663085938
1280,1,0.20703125,0.152587890625,,0.00043596669392586364,17.758583068847656
1281,1,0.0849609375,0.143017578125,,0.0004358584273878858,18.635440826416016
1282,1,0.1328125,0.137646484375,,0.00043575008286716424,12.880499839782715
1283,1,0.1533203125,0.1421875,,0.0004356416604091583,16.632999420166016
1284,1,0.19921875,0.13759765625,,0.0004355331600593601,21.258853912353516
1285,1,0.2041015625,0.149462890625,,0.0004354245818632944,17.38395118713379
1286,1,0.181640625,0.15859375,,0.00043531592586651836,16.38298797607422
1287,1,0.130859375,0.15869140625,,0.00043520719211462223,18.008821487426758
1288,1,0.1416015625,0.1591796875,,0.0004350983806532287,16.132917404174805
1289,1,0.13671875,0.1572265625,,0.00043498949152799283,18.510108947753906
1290,1,0.1259765625,0.14912109375,,0.0004348805247846027,23.88432502746582
1291,1,0.1376953125,0.15439453125,,0.00043477148046877856,23.7604923248291
1292,1,0.216796875,0.16279296875,,0.0004346623586262736,24.1361083984375
1293,1,0.11865234375,0.159326171875,,0.000434553159302873,23.257837295532227
1294,1,0.123046875,0.151708984375,,0.00043444388254439506,17.38332176208496
1295,1,0.130859375,0.144384765625,,0.0004343345283966901,19.759347915649414
1296,1,0.12255859375,0.1384765625,,0.00043422509690564106,15.257826805114746
1297,1,0.10205078125,0.135595703125,,0.0004341155881171636,20.382692337036133
1298,1,0.1337890625,0.134814453125,,0.0004340060020772053,15.882966995239258
1299,1,0.181640625,0.139306640625,,0.00043389633883174664,17.133275985717773
1300,1,0.2001953125,0.146728515625,,0.0004337865984268001,18.508522033691406
1301,1,0.134765625,0.146435546875,,0.0004336767809084109,25.384815216064453
1302,1,0.1982421875,0.144580078125,,0.00043356688632265625,18.508134841918945
1303,1,0.125,0.14521484375,,0.000433456914715646,17.883094787597656
1304,1,0.169921875,0.14990234375,,0.0004333468661335221,20.008996963500977
1305,1,0.119140625,0.14873046875,,0.000433236740622459,18.006690979003906
1306,1,0.1611328125,0.152587890625,,0.00043312653822866323,18.881711959838867
1307,1,0.203125,0.1626953125,,0.00043301625899837374,23.634225845336914
1308,1,0.1630859375,0.165625,,0.00043290590297786157,23.135818481445312
1309,1,0.255859375,0.173046875,,0.00043279547021343013,20.259138107299805
1310,1,0.1806640625,0.17109375,,0.00043268496075141486,23.885665893554688
1311,1,0.1669921875,0.17431640625,,0.0004325743746381836,18.883148193359375
1312,1,0.1875,0.1732421875,,0.00043246371192013613,17.75978660583496
1313,1,0.142578125,0.175,,0.00043235297264370456,12.447059631347656
1314,1,0.12109375,0.1701171875,,0.00043224215685535287,19.631790161132812
1315,1,0.208984375,0.1791015625,,0.00043213126460157745,22.260507583618164
1316,1,0.2392578125,0.1869140625,,0.0004320202959289067,15.194092750549316
1317,1,0.1015625,0.1767578125,,0.00043190925088390085,18.882080078125
1318,1,0.11279296875,0.171728515625,,0.0004317981295131523,22.25859832763672
1319,1,0.203125,0.166455078125,,0.0004316869318632858,15.385903358459473
1320,1,0.11376953125,0.159765625,,0.0004315756579809575,15.319911003112793
1321,1,0.16015625,0.15908203125,,0.000431464307912856,24.259292602539062
1322,1,0.22265625,0.16259765625,,0.00043135288170570175,18.385099411010742
1323,1,0.2431640625,0.17265625,,0.00043124137940624705,23.633928298950195
1324,1,0.17578125,0.178125,,0.0004311298010612762,15.568940162658691
1325,1,0.1787109375,0.17509765625,,0.00043101814671760543,17.131622314453125
1326,1,0.2314453125,0.17431640625,,0.00043090641642208274,23.383268356323242
1327,1,0.1376953125,0.1779296875,,0.0004307946102215883,22.26435089111328
1328,1,0.1630859375,0.182958984375,,0.00043068272816303366,11.444876670837402
1329,1,0.115234375,0.174169921875,,0.00043057077029336254,21.257925033569336
1330,1,0.109375,0.17373046875,,0.0004304587366595505,18.75882339477539
1331,1,0.1513671875,0.1728515625,,0.0004303466273086047,16.508302688598633
1332,1,0.107421875,0.161328125,,0.0004302344422875641,18.631656646728516
1333,1,0.1103515625,0.148046875,,0.0004301221816434994,20.759172439575195
1334,1,0.1552734375,0.14599609375,,0.00043000984542351323,17.25800895690918
1335,1,0.125,0.140625,,0.0004298974336747397,21.38321876525879
1336,1,0.134765625,0.13095703125,,0.00042978494644434467,21.00783920288086
1337,1,0.2333984375,0.14052734375,,0.00042967238377952577,18.50946807861328
1338,1,0.1328125,0.1375,,0.0004295597457275121,26.136016845703125
1339,1,0.205078125,0.146484375,,0.0004294470323355646,20.007404327392578
1340,1,0.09375,0.144921875,,0.0004293342436509756,26.13595962524414
1341,1,0.140625,0.14384765625,,0.0004292213797210693,18.509061813354492
1342,1,0.1748046875,0.1505859375,,0.00042910844059320107,18.509714126586914
1343,1,0.1962890625,0.1591796875,,0.0004289954263147583,20.634511947631836
1344,1,0.1796875,0.16162109375,,0.0004288823369331596,23.63481330871582
1345,1,0.1591796875,0.1650390625,,0.0004287691724958551,17.882429122924805
1346,1,0.1767578125,0.16923828125,,0.0004286559330503267,24.137601852416992
1347,1,0.2080078125,0.16669921875,,0.00042854261864408726,20.007991790771484
1348,1,0.171875,0.17060546875,,0.0004284292293246817,17.382047653198242
1349,1,0.1123046875,0.161328125,,0.00042831576513968584,15.25835132598877
1350,1,0.2373046875,0.17568359375,,0.0004282022261367073,21.885459899902344
1351,1,0.1669921875,0.1783203125,,0.0004280886123633849,25.260303497314453
1352,1,0.234375,0.18427734375,,0.0004279749238673888,18.759916305541992
1353,1,0.169921875,0.181640625,,0.00042786116069642066,11.320054054260254
1354,1,0.109375,0.174609375,,0.0004277473228982134,15.446784973144531
1355,1,0.08740234375,0.167431640625,,0.00042763341052053116,20.13150978088379
1356,1,0.1630859375,0.166064453125,,0.00042751942361116954,18.509498596191406
1357,1,0.1181640625,0.157080078125,,0.00042740536221795523,21.13427734375
1358,1,0.1689453125,0.156787109375,,0.0004272912263887464,23.134056091308594
1359,1,0.1787109375,0.163427734375,,0.0004271770161714323,20.6355037689209
1360,1,0.1455078125,0.154248046875,,0.00042706273161393325,22.260799407958984
1361,1,0.27734375,0.165283203125,,0.0004269483727642012,23.634925842285156
1362,1,0.18359375,0.160205078125,,0.00042683393967021875,15.321653366088867
1363,1,0.0888671875,0.152099609375,,0.0004267194323800001,19.00692367553711
1364,1,0.169921875,0.158154296875,,0.0004266048509415902,20.883365631103516
1365,1,0.12060546875,0.161474609375,,0.00042649019540306544,19.383697509765625
1366,1,0.1337890625,0.158544921875,,0.00042637546581253313,16.634212493896484
1367,1,0.267578125,0.173486328125,,0.0004262606622181316,21.01160430908203
1368,1,0.1884765625,0.175439453125,,0.0004261457846680303,13.88370418548584
1369,1,0.1337890625,0.170947265625,,0.0004260308332104298,22.1341552734375
1370,1,0.12109375,0.168505859375,,0.00042591580789356153,19.633575439453125
1371,1,0.2216796875,0.162939453125,,0.0004258007087656881,18.509021759033203
1372,1,0.126953125,0.157275390625,,0.0004256855358751028,19.007360458374023
1373,1,0.1572265625,0.164111328125,,0.0004255702892701301,19.756610870361328
1374,1,0.201171875,0.167236328125,,0.0004254549689991254,23.00916862487793
1375,1,0.294921875,0.18466796875,,0.0004253395751104748,23.50897216796875
1376,1,0.11328125,0.1826171875,,0.0004252241076525956,15.382791519165039
1377,1,0.1083984375,0.16669921875,,0.0004251085666739356,17.50788116455078
1378,1,0.126953125,0.160546875,,0.0004249929522229738,18.38534927368164
1379,1,0.1552734375,0.1626953125,,0.00042487726434821995,18.506534576416016
1380,1,0.09912109375,0.160498046875,,0.00042476150309821435,18.507417678833008
1381,1,0.1796875,0.156298828125,,0.0004246456685215284,19.883554458618164
1382,1,0.103515625,0.153955078125,,0.00042452976066676394,18.506797790527344
1383,1,0.16796875,0.155029296875,,0.00042441377958255406,15.1950101852417
1384,1,0.12451171875,0.14736328125,,0.00042429772531756205,22.132503509521484
1385,1,0.1015625,0.12802734375,,0.00042418159792048215,19.382102966308594
1386,1,0.16015625,0.13271484375,,0.0004240653974400393,18.63282585144043
1387,1,0.14453125,0.136328125,,0.0004239491239249891,11.510176658630371
1388,1,0.181640625,0.141796875,,0.0004238327774241176,20.507415771484375
1389,1,0.193359375,0.14560546875,,0.0004237163579862418,14.88214111328125
1390,1,0.12158203125,0.1478515625,,0.0004235998656602091,18.50786018371582
1391,1,0.09619140625,0.139501953125,,0.0004234833004948974,13.132206916809082
1392,1,0.1650390625,0.145654296875,,0.0004233666625392154,19.633007049560547
1393,1,0.1376953125,0.142626953125,,0.00042324995184210226,26.133989334106445
1394,1,0.109375,0.14111328125,,0.0004231331684525275,15.25636100769043
1395,1,0.2265625,0.15361328125,,0.00042301631241949123,24.509973526000977
1396,1,0.177734375,0.15537109375,,0.0004228993837920242,15.2583646774292
1397,1,0.091796875,0.15009765625,,0.00042278238261918744,18.132427215576172
1398,1,0.109375,0.14287109375,,0.00042266530895007247,16.38221549987793
1399,1,0.1044921875,0.133984375,,0.00042254816283380126,21.384031295776367
1400,1,0.11376953125,0.133203125,,0.0004224309443195261,22.508838653564453
1401,1,0.150390625,0.138623046875,,0.00042231365345642965,10.949380874633789
1402,1,0.130859375,0.135205078125,,0.0004221962902937251,18.509292602539062
1403,1,0.1572265625,0.137158203125,,0.0004220788548806557,7.726333141326904
1404,1,0.2333984375,0.149560546875,,0.00042196134726649534,15.511236190795898
1405,1,0.2216796875,0.149072265625,,0.00042184376750054785,21.25849723815918
1406,1,0.1572265625,0.147021484375,,0.00042172611563214766,19.00829315185547
1407,1,0.1787109375,0.155712890625,,0.00042160839171065937,20.885496139526367
1408,1,0.20703125,0.165478515625,,0.0004214905957854775,21.509803771972656
1409,1,0.1650390625,0.171533203125,,0.0004213727279060272,14.445103645324707
1410,1,0.177734375,0.1779296875,,0.0004212547881217637,3.28328800201416
1411,1,0.0927734375,0.17216796875,,0.0004211367764821722,20.13311004638672
1412,1,0.16015625,0.17509765625,,0.00042101869303676827,18.507783889770508
1413,1,0.2734375,0.18671875,,0.0004209005378350975,25.513477325439453
1414,1,0.2080078125,0.1841796875,,0.0004207823109267356,15.381978988647461
1415,1,0.1357421875,0.1755859375,,0.00042066401236128843,14.819014549255371
1416,1,0.197265625,0.17958984375,,0.00042054564218839185,18.50824737548828
1417,1,0.18359375,0.180078125,,0.00042042720045771186,18.508302688598633
1418,1,0.19921875,0.179296875,,0.00042030868721894434,21.383962631225586
1419,1,0.126953125,0.17548828125,,0.0004201901025218151,17.756816864013672
1420,1,0.18359375,0.17607421875,,0.00042007144641608037,19.132963180541992
1421,1,0.1455078125,0.18134765625,,0.0004199527189515259,14.38320255279541
1422,1,0.16796875,0.18212890625,,0.0004198339201779674,15.695249557495117
1423,1,0.1357421875,0.168359375,,0.00041971505014525083,20.50743293762207
1424,1,0.1484375,0.16240234375,,0.00041959610890325176,18.506433486938477
1425,1,0.1484375,0.163671875,,0.0004194770965018758,18.508516311645508
1426,1,0.06298828125,0.150244140625,,0.00041935801299105825,18.25625228881836
1427,1,0.1689453125,0.148779296875,,0.0004192388584207644,17.00912857055664
1428,1,0.1259765625,0.141455078125,,0.0004191196328409892,18.508037567138672
1429,1,0.1787109375,0.146630859375,,0.00041900033630175754,18.507898330688477
1430,1,0.1455078125,0.142822265625,,0.0004188809688531241,19.13186264038086
1431,1,0.236328125,0.151904296875,,0.0004187615305451732,21.2615909576416
1432,1,0.115234375,0.146630859375,,0.00041864202142801886,21.884883880615234
1433,1,0.1630859375,0.149365234375,,0.000418522441551805,13.943748474121094
1434,1,0.177734375,0.152294921875,,0.00041840279096670507,21.13296890258789
1435,1,0.1376953125,0.151220703125,,0.0004182830697229223,22.258630752563477
1436,1,0.11474609375,0.156396484375,,0.0004181632778706893,25.132844924926758
1437,1,0.1748046875,0.156982421875,,0.00041804341546026867,18.50642967224121
1438,1,0.107421875,0.155126953125,,0.00041792348254195247,19.75651741027832
1439,1,0.1181640625,0.149072265625,,0.0004178034791660622,22.007770538330078
1440,1,0.2138671875,0.155908203125,,0.0004176834053829492,17.133224487304688
1441,1,0.119140625,0.144189453125,,0.00041756326124299406,21.384796142578125
1442,1,0.0869140625,0.141357421875,,0.0004174430467966071,22.506994247436523
1443,1,0.177734375,0.142822265625,,0.00041732276209422803,25.883821487426758
1444,1,0.1552734375,0.140576171875,,0.00041720240718632614,18.63132095336914
1445,1,0.1689453125,0.143701171875,,0.0004170819821234001,21.2580509185791
1446,1,0.162109375,0.1484375,,0.0004169614869559779,16.381439208984375
1447,1,0.09423828125,0.140380859375,,0.00041684092173461726,17.130592346191406
1448,1,0.263671875,0.156005859375,,0.00041672028650990503,20.011857986450195
1449,1,0.1943359375,0.163623046875,,0.00041659958133245746,18.007671356201172
1450,1,0.1962890625,0.161865234375,,0.0004164788062529203,21.885478973388672
1451,1,0.1279296875,0.162744140625,,0.00041635796132196844,26.132747650146484
1452,1,0.08349609375,0.16240234375,,0.0004162370465903062,18.506372451782227
1453,1,0.10986328125,0.155615234375,,0.0004161160621086671,18.50623321533203
1454,1,0.294921875,0.169580078125,,0.00041599500792781417,21.259248733520508
1455,1,0.16015625,0.168701171875,,0.0004158738840985393,18.50848960876465
1456,1,0.1611328125,0.168603515625,,0.00041575269067166393,18.25705909729004
1457,1,0.2041015625,0.17958984375,,0.0004156314276980384,20.383100509643555
1458,1,0.1259765625,0.1658203125,,0.0004155100952285426,18.507598876953125
1459,1,0.2177734375,0.1681640625,,0.0004153886933140852,18.382436752319336
1460,1,0.17578125,0.16611328125,,0.0004152672220056044,21.008758544921875
1461,1,0.09130859375,0.162451171875,,0.00041514568135406704,18.256290435791016
1462,1,0.0966796875,0.16376953125,,0.00041502407141046955,17.506668090820312
1463,1,0.1826171875,0.171044921875,,0.0004149023922258371,21.25892448425293
1464,1,0.2451171875,0.166064453125,,0.00041478064385122403,20.00798797607422
1465,1,0.1552734375,0.165576171875,,0.0004146588263377137,26.133296966552734
1466,1,0.1630859375,0.165771484375,,0.00041453693973641836,23.75773811340332
1467,1,0.09765625,0.155126953125,,0.0004144149840984796,21.257110595703125
1468,1,0.12451171875,0.15498046875,,0.0004142929594750676,18.63157844543457
1469,1,0.1328125,0.146484375,,0.00041417086591738164,15.693425178527832
1470,1,0.1494140625,0.14384765625,,0.0004140487034766499,18.507749557495117
1471,1,0.162109375,0.150927734375,,0.00041392647220412943,21.506147384643555
1472,1,0.158203125,0.157080078125,,0.00041380417215110634,17.507261276245117
1473,1,0.1201171875,0.150830078125,,0.0004136818033688953,13.256738662719727
1474,1,0.19921875,0.146240234375,,0.0004135593659088401,25.635555267333984
1475,1,0.123046875,0.143017578125,,0.00041343685982231316,23.008596420288086
1476,1,0.2080078125,0.147509765625,,0.00041331428516071575,22.508983612060547
1477,1,0.185546875,0.156298828125,,0.0004131916419754779,17.757034301757812
1478,1,0.1220703125,0.1560546875,,0.0004130689303180586,15.444032669067383
1479,1,0.1181640625,0.15458984375,,0.0004129461502399451,21.884729385375977
1480,1,0.15234375,0.1548828125,,0.0004128233017926538,19.631916046142578
1481,1,0.1806640625,0.15673828125,,0.00041270038502772965,24.13338279724121
1482,1,0.154296875,0.15634765625,,0.0004125773999967462,15.631732940673828
1483,1,0.1376953125,0.15810546875,,0.00041245434675130565,19.632598876953125
1484,1,0.1796875,0.15615234375,,0.0004123312253430389,15.318857192993164
1485,1,0.224609375,0.16630859375,,0.00041220803582360543,24.25825309753418
1486,1,0.1357421875,0.15908203125,,0.00041208477824469314,19.13331413269043
1487,1,0.2041015625,0.1609375,,0.00041196145265801884,18.50929832458496
1488,1,0.126953125,0.16142578125,,0.00041183805911532747,22.38307762145996
1489,1,0.0673828125,0.15634765625,,0.0004117145976683927,16.25618553161621
1490,1,0.291015625,0.17021484375,,0.0004115910683690167,21.2602596282959
1491,1,0.1865234375,0.17080078125,,0.00041146747126903004,19.757312774658203
1492,1,0.154296875,0.17080078125,,0.00041134380642029187,18.881248474121094
1493,1,0.12109375,0.169140625,,0.0004112200738746895,16.131031036376953
1494,1,0.158203125,0.1669921875,,0.00041109627368413895,15.943503379821777
1495,1,0.15625,0.16015625,,0.00041097240590058437,15.63183307647705
1496,1,0.1494140625,0.1615234375,,0.0004108484705759985,21.13296127319336
1497,1,0.1455078125,0.1556640625,,0.00041072446776238217,23.75951385498047
1498,1,0.1689453125,0.15986328125,,0.0004106003975117647,21.25925636291504
1499,1,0.10888671875,0.164013671875,,0.0004104762598762037,23.757888793945312
1500,1,0.1484375,0.149755859375,0.14603387258215475,0.000410352054907785,5.755523681640625
1501,1,0.12890625,0.143994140625,,0.0004102277826586227,22.131803512573242
1502,1,0.12255859375,0.1408203125,,0.00041010344318085913,23.258867263793945
1503,1,0.08349609375,0.137060546875,,0.0004099790365266648,20.50742530822754
1504,1,0.1201171875,0.133251953125,,0.0004098545627482384,17.75928497314453
1505,1,0.1708984375,0.134716796875,,0.00040973002189780694,23.507545471191406
1506,1,0.1533203125,0.135107421875,,0.0004096054140276253,5.766342639923096
1507,1,0.1865234375,0.139208984375,,0.00040948073918997674,25.13509750366211
1508,1,0.140625,0.136376953125,,0.00040935599743717243,16.131702423095703
1509,1,0.1923828125,0.1447265625,,0.00040923118882155174,21.25940704345703
1510,1,0.12255859375,0.142138671875,,0.00040910631339548205,18.506696701049805
1511,1,0.1611328125,0.145361328125,,0.00040898137121135874,20.634662628173828
1512,1,0.30859375,0.16396484375,,0.00040885636232160526,19.759464263916016
1513,1,0.19140625,0.174755859375,,0.0004087312867786729,9.945927619934082
1514,1,0.228515625,0.185595703125,,0.0004086061446350413,19.007122039794922
1515,1,0.2138671875,0.189892578125,,0.0004084809359432175,21.00830078125
1516,1,0.16796875,0.191357421875,,0.00040835566075573686,26.008556365966797
1517,1,0.2109375,0.193798828125,,0.0004082303191251626,13.510566711425781
1518,1,0.208984375,0.200634765625,,0.0004081049111040855,18.632123947143555
1519,1,0.14453125,0.195849609375,,0.0004079794367451247,19.507930755615234
1520,1,0.1025390625,0.19384765625,,0.0004078538961009268,13.443358421325684
1521,1,0.162109375,0.1939453125,,0.00040772828922416626,15.443676948547363
1522,1,0.1318359375,0.17626953125,,0.00040760261616754544,19.63254737854004
1523,1,0.30078125,0.18720703125,,0.00040747687698379454,18.38258171081543
1524,1,0.14453125,0.17880859375,,0.00040735107172567127,24.632871627807617
1525,1,0.1572265625,0.17314453125,,0.00040722520044596114,12.632019996643066
1526,1,0.2119140625,0.1775390625,,0.0004070992631974775,18.506996154785156
1527,1,0.146484375,0.17109375,,0.00040697326003306115,21.382835388183594
1528,1,0.1181640625,0.16201171875,,0.00040684719100558077,21.50824737548828
1529,1,0.11865234375,0.159423828125,,0.00040672105616793263,15.006113052368164
1530,1,0.162109375,0.165380859375,,0.0004065948555730405,15.755674362182617
1531,1,0.1162109375,0.160791015625,,0.00040646858927385584,23.508899688720703
1532,1,0.095703125,0.157177734375,,0.0004063422573233575,7.660495758056641
1533,1,0.1484375,0.141943359375,,0.0004062158597745522,17.25728988647461
1534,1,0.255859375,0.153076171875,,0.00040608939668047394,23.26049041748047
1535,1,0.25390625,0.162744140625,,0.0004059628680941843,20.008079528808594
1536,1,0.14453125,0.156005859375,,0.0004058362740687723,11.381789207458496
1537,1,0.2109375,0.162451171875,,0.00040570961465735445,21.132564544677734
1538,1,0.1484375,0.165478515625,,0.0004055828899130747,19.007415771484375
1539,1,0.126953125,0.16630859375,,0.00040545609988910437,17.13252830505371
1540,1,0.169921875,0.16708984375,,0.0004053292446386422,23.26002311706543
1541,1,0.150390625,0.1705078125,,0.0004052023242149143,24.258729934692383
1542,1,0.125,0.1734375,,0.00040507533867117413,13.570566177368164
1543,1,0.1181640625,0.17041015625,,0.0004049482880607025,12.943979263305664
1544,1,0.1044921875,0.1552734375,,0.00040482117243680743,21.383159637451172
1545,1,0.19921875,0.1498046875,,0.0004046939918528243,19.509214401245117
1546,1,0.1962890625,0.15498046875,,0.0004045667463621157,18.507219314575195
1547,1,0.142578125,0.14814453125,,0.00040443943601807156,25.13273048400879
1548,1,0.150390625,0.14833984375,,0.0004043120608741088,22.008176803588867
1549,1,0.205078125,0.15615234375,,0.0004041846209836718,23.885942459106445
1550,1,0.1279296875,0.151953125,,0.00040405711640023183,16.006330490112305
1551,1,0.1259765625,0.14951171875,,0.00040392954717728756,18.507246017456055
1552,1,0.21484375,0.15849609375,,0.0004038019133683646,21.88262367248535
1553,1,0.1591796875,0.16259765625,,0.0004036742150270158,19.257160186767578
1554,1,0.13671875,0.1658203125,,0.0004035464522068209,26.133895874023438
1555,1,0.1533203125,0.16123046875,,0.00040341862496138685,21.882112503051758
1556,1,0.1826171875,0.15986328125,,0.0004032907333443477,15.382216453552246
1557,1,0.15625,0.16123046875,,0.00040316277740936425,18.50708770751953
1558,1,0.1826171875,0.164453125,,0.0004030347572101245,14.69543743133545
1559,1,0.173828125,0.161328125,,0.00040290667280034335,18.50751495361328
1560,1,0.12158203125,0.160693359375,,0.00040277852423376253,19.382076263427734
1561,1,0.1865234375,0.166748046875,,0.000402650311564151,22.13475227355957
1562,1,0.1689453125,0.162158203125,,0.00040252203484530426,18.382946014404297
1563,1,0.1376953125,0.160009765625,,0.0004023936941310449,13.31785774230957
1564,1,0.162109375,0.162548828125,,0.00040226528947522223,19.634395599365234
1565,1,0.302734375,0.177490234375,,0.00040213682093171257,23.636690139770508
1566,1,0.1650390625,0.175732421875,,0.00040200828855441883,19.132919311523438
1567,1,0.130859375,0.173193359375,,0.0004018796923972709,17.38446807861328
1568,1,0.1630859375,0.171240234375,,0.0004017510325142253,19.131629943847656
1569,1,0.142578125,0.168115234375,,0.0004016223089592652,18.506614685058594
1570,1,0.1259765625,0.1685546875,,0.00040149352178640087,17.00649070739746
1571,1,0.11669921875,0.161572265625,,0.0004013646710496688,16.005722045898438
1572,1,0.10107421875,0.15478515625,,0.00040123575680313254,19.633174896240234
1573,1,0.1376953125,0.15478515625,,0.00040110677910088193,19.007862091064453
1574,1,0.14453125,0.15302734375,,0.0004009777379970337,21.883298873901367
1575,1,0.138671875,0.13662109375,,0.0004008486335457312,18.50666618347168
1576,1,0.083984375,0.128515625,,0.00040071946580114403,14.818127632141113
1577,1,0.064453125,0.121875,,0.00040059023481746884,14.38129711151123
1578,1,0.1669921875,0.122265625,,0.0004004609406489284,18.506303787231445
1579,1,0.14453125,0.1224609375,,0.00040033158334977205,18.75724220275879
1580,1,0.1650390625,0.1263671875,,0.0004002021629742759,23.008588790893555
1581,1,0.1640625,0.131103515625,,0.0004000726795767423,20.632858276367188
1582,1,0.1728515625,0.13828125,,0.0003999431332115,23.508224487304688
1583,1,0.1298828125,0.1375,,0.0003998135239329042,23.63299560546875
1584,1,0.10888671875,0.133935546875,,0.00039968385179533675,14.381128311157227
1585,1,0.22265625,0.142333984375,,0.0003995541168532055,15.19483470916748
1586,1,0.1376953125,0.147705078125,,0.00039942431916094485,19.8824462890625
1587,1,0.130859375,0.154345703125,,0.0003992944587730156,18.38225555419922
1588,1,0.205078125,0.158154296875,,0.00039916453574390456,22.384305953979492
1589,1,0.2236328125,0.166064453125,,0.0003990345501281252,23.6335506439209
1590,1,0.119140625,0.161474609375,,0.00039890450198021705,18.882104873657227
1591,1,0.1474609375,0.159814453125,,0.0003987743913547458,21.8836612701416
1592,1,0.1484375,0.157373046875,,0.0003986442183063036,22.51102066040039
1593,1,0.1357421875,0.157958984375,,0.00039851398288950847,21.757822036743164
1594,1,0.1318359375,0.16025390625,,0.0003983836851590048,18.632261276245117
1595,1,0.1787109375,0.155859375,,0.00039825332516946324,21.381961822509766
1596,1,0.11572265625,0.153662109375,,0.0003981229029755803,21.633647918701172
1597,1,0.142578125,0.154833984375,,0.0003979924186320788,16.63332176208496
1598,1,0.09716796875,0.14404296875,,0.0003978618721937074,22.259593963623047
1599,1,0.1845703125,0.14013671875,,0.00039773126371524107,15.319109916687012
1600,1,0.078125,0.13603515625,,0.00039760059325148067,15.257060050964355
1601,1,0.12060546875,0.133349609375,,0.0003974698608572531,14.569392204284668
1602,1,0.1298828125,0.131494140625,,0.0003973390665874113,20.006423950195312
1603,1,0.16796875,0.134716796875,,0.000397208210496834,20.88254737854004
1604,1,0.2041015625,0.141943359375,,0.0003970772926404261,11.509635925292969
1605,1,0.1591796875,0.139990234375,,0.0003969463130731183,26.13911247253418
1606,1,0.1396484375,0.1423828125,,0.0003968152718498671,23.13222312927246
1607,1,0.10400390625,0.138525390625,,0.000396684169025655,21.007787704467773
1608,1,0.1171875,0.14052734375,,0.0003965530046554903,20.632722854614258
1609,1,0.1025390625,0.13232421875,,0.0003964217787944072,17.75714111328125
1610,1,0.09375,0.13388671875,,0.0003962904914974656,17.133529663085938
1611,1,0.0830078125,0.130126953125,,0.0003961591428197512,11.631865501403809
1612,1,0.0986328125,0.127001953125,,0.00039602773281637537,17.131275177001953
1613,1,0.11865234375,0.1220703125,,0.00039589626154247547,23.633180618286133
1614,1,0.2099609375,0.12265625,,0.00039576472905321434,21.757905960083008
1615,1,0.125,0.11923828125,,0.0003956331354037805,21.257429122924805
1616,1,0.1865234375,0.12392578125,,0.00039550148064938827,18.507482528686523
1617,1,0.12109375,0.125634765625,,0.0003953697648452776,18.50658416748047
1618,1,0.0947265625,0.123388671875,,0.00039523798804671394,7.2896904945373535
1619,1,0.09716796875,0.1228515625,,0.00039510615030898834,21.132919311523438
1620,1,0.19921875,0.1333984375,,0.0003949742516874175,22.38413429260254
1621,1,0.1328125,0.13837890625,,0.0003948422922373436,23.25944709777832
1622,1,0.171875,0.145703125,,0.00039471027201413446,24.008501052856445
1623,1,0.056640625,0.139501953125,,0.00039457819107318324,19.255878448486328
1624,1,0.14453125,0.132958984375,,0.0003944460494699087,18.508018493652344
1625,1,0.10986328125,0.1314453125,,0.0003943138472597549,24.632732391357422
1626,1,0.09326171875,0.122119140625,,0.0003941815844981915,18.631174087524414
1627,1,0.1552734375,0.125537109375,,0.00039404926124071357,11.06918716430664
1628,1,0.095703125,0.125634765625,,0.0003939168775428414,9.629632949829102
1629,1,0.10888671875,0.126806640625,,0.0003937844334601207,13.069011688232422
1630,1,0.1357421875,0.120458984375,,0.00039365192904812263,14.32025146484375
1631,1,0.1962890625,0.126806640625,,0.00039351936436244364,25.758405685424805
1632,1,0.240234375,0.133642578125,,0.00039338673945870517,23.88407325744629
1633,1,0.1845703125,0.146435546875,,0.0003932540543925544,23.382314682006836
1634,1,0.162109375,0.148193359375,,0.00039312130921966346,20.881866455078125
1635,1,0.09814453125,0.147021484375,,0.00039298850399572963,21.257701873779297
1636,1,0.1298828125,0.15068359375,,0.0003928556387764757,10.943603515625
1637,1,0.1376953125,0.14892578125,,0.0003927227136176493,18.506710052490234
1638,1,0.1572265625,0.155078125,,0.0003925897285750235,22.131811141967773
1639,1,0.1337890625,0.157568359375,,0.0003924566837043962,19.131858825683594
1640,1,0.1845703125,0.162451171875,,0.00039232357906159065,14.506270408630371
1641,1,0.1435546875,0.157177734375,,0.00039219041470245515,25.25901985168457
1642,1,0.146484375,0.147802734375,,0.00039205719068286285,15.569207191467285
1643,1,0.18359375,0.147705078125,,0.0003919239070587122,14.25637435913086
1644,1,0.1484375,0.146337890625,,0.00039179056388592633,20.632606506347656
1645,1,0.1201171875,0.14853515625,,0.00039165716122045377,21.382287979125977
1646,1,0.10693359375,0.146240234375,,0.0003915236991182677,19.50727081298828
1647,1,0.15234375,0.147705078125,,0.00039139017763536646,15.44347858428955
1648,1,0.1611328125,0.148095703125,,0.000391256596827773,23.883846282958984
1649,1,0.1591796875,0.150634765625,,0.0003911229567515354,16.63299560546875
1650,1,0.349609375,0.167138671875,,0.0003909892574627266,21.13278579711914
1651,1,0.171875,0.169970703125,,0.00039085549901744446,21.256757736206055
1652,1,0.1533203125,0.170654296875,,0.00039072168147181123,21.757266998291016
1653,1,0.154296875,0.167724609375,,0.00039058780488197457,23.883045196533203
1654,1,0.1806640625,0.170947265625,,0.00039045386930410637,18.75753402709961
1655,1,0.15625,0.174560546875,,0.00039031987479440367,21.382450103759766
1656,1,0.166015625,0.18046875,,0.0003901858214090881,23.63349723815918
1657,1,0.150390625,0.1802734375,,0.0003900517092044058,21.13306999206543
1658,1,0.1943359375,0.18359375,,0.0003899175382366279,20.131593704223633
1659,1,0.1240234375,0.180078125,,0.00038978330856205003,16.88214874267578
1660,1,0.140625,0.1591796875,,0.0003896490202369924,19.756105422973633
1661,1,0.177734375,0.159765625,,0.00038951467331779994,21.132917404174805
1662,1,0.1318359375,0.1576171875,,0.0003893802678608421,18.257213592529297
1663,1,0.09033203125,0.151220703125,,0.00038924580392251296,14.766036033630371
1664,1,0.10888671875,0.14404296875,,0.00038911128155923115,15.507787704467773
1665,1,0.15234375,0.14365234375,,0.0003889767008274395,18.756851196289062
1666,1,0.11572265625,0.138623046875,,0.00038884206178360593,12.88231372833252
1667,1,0.142578125,0.137841796875,,0.0003887073644842222,21.257070541381836
1668,1,0.10400390625,0.12880859375,,0.00038857260898580493,13.63090705871582
1669,1,0.1796875,0.134375,,0.000388437795344895,11.63420295715332
1670,1,0.1279296875,0.13310546875,,0.00038830292361805767,16.88148307800293
1671,1,0.125,0.12783203125,,0.00038816799386188274,20.63270378112793
1672,1,0.09326171875,0.123974609375,,0.00038803300613298407,14.444079399108887
1673,1,0.09765625,0.12470703125,,0.000387897960488,15.069456100463867
1674,1,0.11376953125,0.1251953125,,0.00038776285698359335,18.507038116455078
1675,1,0.107421875,0.120703125,,0.0003876276956764509,23.132211685180664
1676,1,0.0927734375,0.118408203125,,0.00038749247662328383,20.25747299194336
1677,1,0.0849609375,0.112646484375,,0.0003873571998808276,14.505666732788086
1678,1,0.09716796875,0.111962890625,,0.00038722186550584184,12.81910228729248
1679,1,0.095703125,0.103564453125,,0.0003870864735551102,21.13262176513672
1680,1,0.109375,0.101708984375,,0.00038695102408544074,18.506847381591797
1681,1,0.076171875,0.096826171875,,0.0003868155171536656,26.132568359375
1682,1,0.1611328125,0.10361328125,,0.00038667995281664076,21.00880241394043
1683,1,0.1142578125,0.1052734375,,0.00038654433113124667,18.507272720336914
1684,1,0.09716796875,0.10361328125,,0.0003864086521543877,21.257354736328125
1685,1,0.10009765625,0.102880859375,,0.0003862729159429921,21.132543563842773
1686,1,0.1650390625,0.110107421875,,0.0003861371225540123,21.25791358947754
1687,1,0.1455078125,0.116162109375,,0.0003860012720444247,19.132762908935547
1688,1,0.1748046875,0.12392578125,,0.00038586536447122967,17.257017135620117
1689,1,0.1572265625,0.130078125,,0.0003857293998914515,17.880855560302734
1690,1,0.1220703125,0.13134765625,,0.0003855933783621384,21.13569450378418
1691,1,0.09716796875,0.133447265625,,0.0003854572999403624,19.506229400634766
1692,1,0.10791015625,0.128125,,0.00038532116468321953,23.632999420166016
1693,1,0.047607421875,0.1214599609375,,0.0003851849726478297,16.2579345703125
1694,1,0.09326171875,0.1210693359375,,0.0003850487238913365,18.88083839416504
1695,1,0.0859375,0.1196533203125,,0.0003849124184709073,18.882312774658203
1696,1,0.197265625,0.1228759765625,,0.0003847760564437334,23.259370803833008
1697,1,0.1611328125,0.1244384765625,,0.00038463963786702975,23.883556365966797
1698,1,0.1005859375,0.1170166015625,,0.0003845031627980351,19.131303787231445
1699,1,0.1162109375,0.1129150390625,,0.00038436663129401183,24.386444091796875
1700,1,0.11962890625,0.1126708984375,,0.00038423004341224597,14.320337295532227
1701,1,0.154296875,0.1183837890625,,0.00038409339921004725,13.629988670349121
1702,1,0.0966796875,0.1172607421875,,0.00038395669874474915,18.883668899536133
1703,1,0.08984375,0.121484375,,0.00038381994207370857,22.00631332397461
1704,1,0.111328125,0.123291015625,,0.0003836831292543061,15.318968772888184
1705,1,0.0771484375,0.122412109375,,0.0003835462603439458,16.88047218322754
1706,1,0.1025390625,0.112939453125,,0.0003834093354000553,23.133033752441406
1707,1,0.1875,0.115576171875,,0.0003832723544800859,21.135116577148438
1708,1,0.177734375,0.123291015625,,0.0003831353176415122,23.635162353515625
1709,1,0.1796875,0.129638671875,,0.0003829982249418322,23.508867263793945
1710,1,0.068359375,0.12451171875,,0.0003828610764385676,19.883338928222656
1711,1,0.1484375,0.12392578125,,0.00038272387218926326,18.881732940673828
1712,1,0.1826171875,0.13251953125,,0.0003825866122514876,23.13478660583496
1713,1,0.1328125,0.13681640625,,0.0003824492966828323,19.6315860748291
1714,1,0.10986328125,0.136669921875,,0.00038231192554091244,24.258140563964844
1715,1,0.130859375,0.142041015625,,0.0003821744988833663,20.631820678710938
1716,1,0.12353515625,0.144140625,,0.0003820370167678557,16.381668090820312
1717,1,0.12060546875,0.137451171875,,0.00038189947925206566,17.757003784179688
1718,1,0.095703125,0.129248046875,,0.00038176188639370414,11.317915916442871
1719,1,0.1865234375,0.129931640625,,0.0003816242382505026,21.135292053222656
1720,1,0.11474609375,0.1345703125,,0.0003814865348802157,25.13239860534668
1721,1,0.11181640625,0.130908203125,,0.0003813487763406213,19.132755279541016
1722,1,0.150390625,0.127685546875,,0.0003812109626895201,18.880910873413086
1723,1,0.11474609375,0.12587890625,,0.00038107309398473634,21.75691795349121
1724,1,0.07958984375,0.1228515625,,0.000380935170284117,21.256999969482422
1725,1,0.138671875,0.1236328125,,0.0003807971916455325,16.505828857421875
1726,1,0.15625,0.126904296875,,0.000380659158126876,13.382431983947754
1727,1,0.193359375,0.1341796875,,0.00038052106978606396,11.19514274597168
1728,1,0.1396484375,0.13857421875,,0.00038038292668103536,22.88273811340332
1729,1,0.1015625,0.130078125,,0.00038024472886975265,22.256351470947266
1730,1,0.099609375,0.128564453125,,0.0003801064764102011,15.942652702331543
1731,1,0.16015625,0.1333984375,,0.00037996816936038894,21.007080078125
1732,1,0.138671875,0.1322265625,,0.00037982980777834707,18.506328582763672
1733,1,0.11767578125,0.13251953125,,0.00037969139172212965,18.756322860717773
1734,1,0.1484375,0.139404296875,,0.00037955292124981316,17.75864028930664
1735,1,0.0654296875,0.132080078125,,0.0003794143964194976,11.505403518676758
1736,1,0.166015625,0.133056640625,,0.0003792758172893052,17.38165855407715
1737,1,0.0712890625,0.120849609375,,0.00037913718391738115,12.816849708557129
1738,1,0.1357421875,0.120458984375,,0.00037899849636189356,22.132761001586914
1739,1,0.1416015625,0.124462890625,,0.00037885975468103316,21.633501052856445
1740,1,0.1796875,0.132470703125,,0.0003787209589330134,18.506330490112305
1741,1,0.130859375,0.129541015625,,0.00037858210917607023,22.259469985961914
1742,1,0.1943359375,0.135107421875,,0.00037844320546846257,18.382429122924805
1743,1,0.109375,0.13427734375,,0.00037830424786847183,22.8826961517334
1744,1,0.201171875,0.13955078125,,0.00037816523643440197,15.69643783569336
1745,1,0.1923828125,0.15224609375,,0.0003780261712245797,18.756881713867188
1746,1,0.12060546875,0.147705078125,,0.0003778870522973541,13.132274627685547
1747,1,0.0966796875,0.150244140625,,0.00037774787971109694,22.88218879699707
1748,1,0.09716796875,0.14638671875,,0.0003776086535242024,18.506744384765625
1749,1,0.1328125,0.1455078125,,0.0003774693737950873,16.631441116333008
1750,1,0.10302734375,0.137841796875,,0.00037733004058219076,20.007061004638672
1751,1,0.240234375,0.148779296875,,0.00037719065394397445,15.635786056518555
1752,1,0.2060546875,0.149951171875,,0.0003770512139389223,21.75819969177246
1753,1,0.09814453125,0.148828125,,0.0003769117206255409,20.76059341430664
1754,1,0.064453125,0.13515625,,0.00037677217406235897,23.883092880249023
1755,1,0.140625,0.12998046875,,0.00037663257430792767,18.50959587097168
1756,1,0.181640625,0.136083984375,,0.0003764929214208205,15.881732940673828
1757,1,0.1884765625,0.145263671875,,0.0003763532154596331,17.75689697265625
1758,1,0.185546875,0.1541015625,,0.00037621345648298365,22.382972717285156
1759,1,0.12451171875,0.153271484375,,0.00037607364454951233,20.50737762451172
1760,1,0.1435546875,0.15732421875,,0.00037593377971788163,23.882572174072266
1761,1,0.1357421875,0.146875,,0.00037579386204677627,21.381675720214844
1762,1,0.09423828125,0.135693359375,,0.00037565389159490304,19.38084602355957
1763,1,0.134765625,0.13935546875,,0.0003755138684209911,20.507905960083008
1764,1,0.173828125,0.15029296875,,0.0003753737925837913,18.50672721862793
1765,1,0.18359375,0.15458984375,,0.00037523366414207715,23.63192367553711
1766,1,0.111328125,0.14755859375,,0.00037509348315464374,23.257659912109375
1767,1,0.16015625,0.1447265625,,0.0003749532496803086,11.068085670471191
1768,1,0.1259765625,0.13876953125,,0.00037481296377791086,18.8807315826416
1769,1,0.09228515625,0.135546875,,0.00037467262550631205,20.25595474243164
1770,1,0.12353515625,0.133544921875,,0.00037453223492439543,18.50609016418457
1771,1,0.1650390625,0.136474609375,,0.0003743917920910662,20.63217544555664
1772,1,0.173828125,0.14443359375,,0.00037425129706525177,20.007549285888672
1773,1,0.1494140625,0.1458984375,,0.0003741107499059011,17.881629943847656
1774,1,0.1025390625,0.13876953125,,0.00037397015067198525,20.506120681762695
1775,1,0.09912109375,0.130322265625,,0.00037382949942249696,21.132556915283203
1776,1,0.08447265625,0.12763671875,,0.00037368879621645085,21.2572021484375
1777,1,0.16015625,0.12763671875,,0.0003735480411128834,21.25788116455078
1778,1,0.10888671875,0.125927734375,,0.00037340723417085304,22.508197784423828
1779,1,0.11181640625,0.127880859375,,0.0003732663754494395,21.382774353027344
1780,1,0.1513671875,0.1306640625,,0.0003731254650077446,22.384408950805664
1781,1,0.07568359375,0.121728515625,,0.0003729845029048916,21.63261604309082
1782,1,0.12890625,0.117236328125,,0.0003728434892000258,24.882699966430664
1783,1,0.08203125,0.110498046875,,0.0003727024239523138,19.005504608154297
1784,1,0.1640625,0.116650390625,,0.000372561307220944,18.506467819213867
1785,1,0.1513671875,0.121875,,0.00037242013906512626,21.257062911987305
1786,1,0.14453125,0.127880859375,,0.00037227891954409227,23.008371353149414
1787,1,0.12255859375,0.12412109375,,0.000372137648717095,19.131593704223633
1788,1,0.1298828125,0.126220703125,,0.00037199632664340913,19.631359100341797
1789,1,0.16015625,0.1310546875,,0.0003718549533823308,16.508682250976562
1790,1,0.11572265625,0.127490234375,,0.0003717135289931774,11.442710876464844
1791,1,0.14453125,0.134375,,0.0003715720535352882,20.007768630981445
1792,1,0.189453125,0.1404296875,,0.00037143052706802373,21.132545471191406
1793,1,0.2119140625,0.15341796875,,0.00037128894965076563,12.506733894348145
1794,1,0.09619140625,0.146630859375,,0.0003711473213429173,18.630428314208984
1795,1,0.2216796875,0.153662109375,,0.00037100564220390327,21.381786346435547
1796,1,0.1201171875,0.151220703125,,0.00037086391229316953,16.756526947021484
1797,1,0.0888671875,0.1478515625,,0.00037072213167018336,18.507137298583984
1798,1,0.056396484375,0.1405029296875,,0.00037058030039443325,16.631206512451172
1799,1,0.169921875,0.1414794921875,,0.0003704384185254288,22.133899688720703
1800,1,0.09765625,0.1396728515625,,0.0003702964861227013,11.81882381439209
1801,1,0.095703125,0.1347900390625,,0.0003701545032458027,21.38160514831543
1802,1,0.1396484375,0.1298095703125,,0.00037001246995430656,20.25709342956543
1803,1,0.1337890625,0.1219970703125,,0.0003698703863078072,23.63417625427246
1804,1,0.16796875,0.1291748046875,,0.00036972825236592053,19.258544921875
1805,1,0.1201171875,0.1190185546875,,0.0003695860681882832,14.75570011138916
1806,1,0.1748046875,0.1244873046875,,0.000369443833834553,17.758081436157227
1807,1,0.1728515625,0.1328857421875,,0.0003693015493644088,12.81795883178711
1808,1,0.09521484375,0.136767578125,,0.00036915921483755067,26.133365631103516
1809,1,0.06396484375,0.126171875,,0.00036901683031369937,20.633590698242188
1810,1,0.150390625,0.1314453125,,0.0003688743958525969,21.25811195373535
1811,1,0.1474609375,0.13662109375,,0.00036873191151400616,21.257125854492188
1812,1,0.125,0.13515625,,0.00036858937735771073,18.88204574584961
1813,1,0.11376953125,0.133154296875,,0.0003684467934435155,15.506291389465332
1814,1,0.10986328125,0.12734375,,0.00036830415983124597,23.756980895996094
1815,1,0.07568359375,0.122900390625,,0.0003681614765807486,18.1300106048584
1816,1,0.07958984375,0.11337890625,,0.0003680187437518905,14.381684303283691
1817,1,0.1748046875,0.11357421875,,0.0003678759614045598,17.132478713989258
1818,1,0.11181640625,0.115234375,,0.00036773312959866527,21.00823974609375
1819,1,0.08740234375,0.117578125,,0.0003675902483941366,19.50664520263672
1820,1,0.1015625,0.1126953125,,0.00036744731785092393,22.756671905517578
1821,1,0.1318359375,0.1111328125,,0.0003673043380289984,18.505855560302734
1822,1,0.1689453125,0.11552734375,,0.00036716130898835163,19.75771141052246
1823,1,0.162109375,0.120361328125,,0.00036701823078899587,18.508087158203125
1824,1,0.109375,0.1203125,,0.00036687510349096424,13.756185531616211
1825,1,0.1142578125,0.124169921875,,0.00036673192715431016,12.318161964416504
1826,1,0.1064453125,0.12685546875,,0.0003665887018391079,23.508953094482422
1827,1,0.08056640625,0.117431640625,,0.0003664454276054519,10.505566596984863
1828,1,0.09716796875,0.115966796875,,0.00036630210451345756,20.508495330810547
1829,1,0.061767578125,0.1134033203125,,0.0003661587326232606,18.63079071044922
1830,1,0.06787109375,0.1100341796875,,0.00036601531199501714,16.75733184814453
1831,1,0.0849609375,0.1053466796875,,0.0003658718426889038,13.25577163696289
1832,1,0.08251953125,0.0967041015625,,0.00036572832476511764,20.507673263549805
1833,1,0.06982421875,0.0874755859375,,0.0003655847582838762,24.258102416992188
1834,1,0.134765625,0.0900146484375,,0.0003654411433054171,21.382097244262695
1835,1,0.1376953125,0.0923583984375,,0.0003652974798899988,23.259937286376953
1836,1,0.1240234375,0.0941162109375,,0.0003651537680978996,18.380878448486328
1837,1,0.10498046875,0.0965576171875,,0.0003650100079894183,19.881568908691406
1838,1,0.181640625,0.1050048828125,,0.0003648661996248741,19.632431030273438
1839,1,0.08544921875,0.107373046875,,0.0003647223430646062,16.630767822265625
1840,1,0.11474609375,0.112060546875,,0.0003645784383689742,11.881208419799805
1841,1,0.1123046875,0.114794921875,,0.00036443448559835776,20.13178253173828
1842,1,0.146484375,0.12119140625,,0.000364290484813157,25.007755279541016
1843,1,0.09228515625,0.1234375,,0.00036414643607379164,21.510772705078125
1844,1,0.08349609375,0.118310546875,,0.0003640023394407022,26.132307052612305
1845,1,0.134765625,0.118017578125,,0.00036385819497434873,18.50633430480957
1846,1,0.11474609375,0.11708984375,,0.0003637140027352116,18.631654739379883
1847,1,0.08447265625,0.1150390625,,0.00036356976278379126,23.6329345703125
1848,1,0.1650390625,0.11337890625,,0.0003634254751806081,10.380962371826172
1849,1,0.1201171875,0.116845703125,,0.00036328113998620245,19.75816535949707
1850,1,0.1826171875,0.1236328125,,0.0003631367572611348,22.382741928100586
1851,1,0.10205078125,0.122607421875,,0.00036299232706598527,17.38223648071289
1852,1,0.09521484375,0.11748046875,,0.0003628478494613542,20.130678176879883
1853,1,0.07470703125,0.11572265625,,0.0003627033245078618,21.381404876708984
1854,1,0.09814453125,0.1171875,,0.00036255875226614794,21.00774574279785
1855,1,0.1484375,0.1185546875,,0.00036241413279687254,24.258771896362305
1856,1,0.0859375,0.115673828125,,0.000362269466160715,17.2565860748291
1857,1,0.1298828125,0.12021484375,,0.000362124752418375,15.755807876586914
1858,1,0.138671875,0.117578125,,0.0003619799916305717,22.2571964263916
1859,1,0.14453125,0.12001953125,,0.00036183518385804405,16.007369995117188
1860,1,0.158203125,0.117578125,,0.00036169032916155057,18.50767707824707
1861,1,0.06787109375,0.11416015625,,0.0003615454276018697,10.567758560180664
1862,1,0.1455078125,0.119189453125,,0.0003614004792397995,21.25668716430664
1863,1,0.10888671875,0.122607421875,,0.0003612554841361575,18.506017684936523
1864,1,0.091796875,0.12197265625,,0.000361110442351781,26.133834838867188
1865,1,0.11328125,0.11845703125,,0.00036096535394752676,16.75564193725586
1866,1,0.1259765625,0.1224609375,,0.0003608202189842713,21.256790161132812
1867,1,0.1494140625,0.1244140625,,0.00036067503752291053,12.00649356842041
1868,1,0.07763671875,0.118310546875,,0.0003605298096243599,19.382896423339844
1869,1,0.1455078125,0.118408203125,,0.0003603845353495542,24.258472442626953
1870,1,0.11328125,0.113916015625,,0.00036023921475944795,22.7576847076416
1871,1,0.0986328125,0.1169921875,,0.00036009384791501497,21.382221221923828
1872,1,0.08154296875,0.110595703125,,0.0003599484348772485,16.506031036376953
1873,1,0.12451171875,0.112158203125,,0.000359802975707161,17.75779151916504
1874,1,0.0693359375,0.109912109375,,0.0003596574704657847,23.258930206298828
1875,1,0.1689453125,0.115478515625,,0.00035951191921417057,19.007389068603516
1876,1,0.09765625,0.112646484375,,0.0003593663220133895,23.385725021362305
1877,1,0.1748046875,0.115185546875,,0.0003592206789245313,21.383625030517578
1878,1,0.1015625,0.117578125,,0.0003590749900087049,22.258264541625977
1879,1,0.09814453125,0.112841796875,,0.0003589292553270389,16.506458282470703
1880,1,0.10546875,0.112060546875,,0.0003587834749406808,20.88175392150879
1881,1,0.1484375,0.117041015625,,0.00035863764891079736,16.50576400756836
1882,1,0.1005859375,0.1189453125,,0.00035849177729857447,13.13028621673584
1883,1,0.130859375,0.119580078125,,0.00035834586016521703,22.257932662963867
1884,1,0.1904296875,0.131689453125,,0.00035819989757194924,20.88462257385254
1885,1,0.1533203125,0.130126953125,,0.0003580538895800144,21.256372451782227
1886,1,0.19140625,0.139501953125,,0.00035790783625067464,20.88184356689453
1887,1,0.21875,0.143896484375,,0.00035776173764521114,21.25892448425293
1888,1,0.1298828125,0.146728515625,,0.00035761559382492433,19.50615882873535
1889,1,0.125,0.1494140625,,0.0003574694048511334,23.13380241394043
1890,1,0.095703125,0.1484375,,0.0003573231707851765,15.942837715148926
1891,1,0.1044921875,0.14404296875,,0.00035717689168841073,14.943971633911133
1892,1,0.06787109375,0.140771484375,,0.00035703056762221197,15.568377494812012
1893,1,0.154296875,0.143115234375,,0.00035688419864797526,15.568822860717773
1894,1,0.1357421875,0.137646484375,,0.00035673778482711425,24.384052276611328
1895,1,0.146484375,0.136962890625,,0.0003565913262210615,21.257089614868164
1896,1,0.154296875,0.133251953125,,0.0003564448228912682,23.25811767578125
1897,1,0.0830078125,0.119677734375,,0.0003562982748992045,10.817057609558105
1898,1,0.10595703125,0.11728515625,,0.0003561516823063591,16.13173484802246
1899,1,0.123046875,0.11708984375,,0.00035600504517423984,21.25800132751465
1900,1,0.076171875,0.11513671875,,0.00035585836356437264,23.883926391601562
1901,1,0.15234375,0.119921875,,0.00035571163753830235,19.38141632080078
1902,1,0.1376953125,0.126904296875,,0.0003555648671575927,15.193999290466309
1903,1,0.1123046875,0.122705078125,,0.00035541805248382575,21.1317138671875
1904,1,0.10498046875,0.11962890625,,0.00035527119357860214,23.506860733032227
1905,1,0.08935546875,0.113916015625,,0.00035512429050354115,15.255928039550781
1906,1,0.1640625,0.114892578125,,0.00035497734332028065,18.50657081604004
1907,1,0.1806640625,0.124658203125,,0.0003548303520904769,23.50808334350586
1908,1,0.0986328125,0.12392578125,,0.0003546833168758047,13.817706108093262
1909,1,0.123046875,0.12392578125,,0.00035453623773795727,22.259435653686523
1910,1,0.1484375,0.13115234375,,0.0003543891147386463,15.193696022033691
1911,1,0.08349609375,0.124267578125,,0.00035424194793960196,22.008174896240234
1912,1,0.08544921875,0.11904296875,,0.00035409473740257254,15.443001747131348
1913,1,0.11083984375,0.118896484375,,0.00035394748318932494,18.506906509399414
1914,1,0.1279296875,0.12119140625,,0.00035380018536164425,15.381548881530762
1915,1,0.0751953125,0.119775390625,,0.000353652843981334,15.067696571350098
1916,1,0.08056640625,0.11142578125,,0.0003535054591102158,20.881528854370117
1917,1,0.10693359375,0.104052734375,,0.00035335803081012964,20.00641441345215
1918,1,0.15234375,0.109423828125,,0.00035321055914293363,24.759992599487305
1919,1,0.14453125,0.111572265625,,0.00035306304417050425,23.508705139160156
1920,1,0.150390625,0.111767578125,,0.000352915485954736,18.257184982299805
1921,1,0.0732421875,0.1107421875,,0.0003527678845575415,18.75633430480957
1922,1,0.1640625,0.118603515625,,0.00035262024004085167,21.007097244262695
1923,1,0.0986328125,0.1173828125,,0.0003524725524666153,21.631942749023438
1924,1,0.08935546875,0.113525390625,,0.0003523248218967995,18.381614685058594
1925,1,0.1494140625,0.120947265625,,0.0003521770483933891,19.882352828979492
1926,1,0.150390625,0.1279296875,,0.00035202923201838716,17.131746292114258
1927,1,0.138671875,0.131103515625,,0.0003518813728338147,18.3818302154541
1928,1,0.0771484375,0.123583984375,,0.0003517334709017108,23.632349014282227
1929,1,0.13671875,0.122802734375,,0.00035158552628413223,15.6934175491333
1930,1,0.0888671875,0.116650390625,,0.0003514375390431539,22.507658004760742
1931,1,0.08935546875,0.11826171875,,0.00035128950924086835,21.507230758666992
1932,1,0.162109375,0.11806640625,,0.0003511414369393862,15.508061408996582
1933,1,0.142578125,0.1224609375,,0.00035099332220083596,22.13252830505371
1934,1,0.1142578125,0.124951171875,,0.0003508451650873638,17.506072998046875
1935,1,0.1279296875,0.122802734375,,0.00035069696566113347,13.008400917053223
1936,1,0.171875,0.124951171875,,0.00035054872398432687,21.258472442626953
1937,1,0.185546875,0.129638671875,,0.0003504004401191435,15.381730079650879
1938,1,0.06396484375,0.1283203125,,0.0003502521141278004,16.005815505981445
1939,1,0.09228515625,0.123876953125,,0.0003501037460725326,17.75676155090332
1940,1,0.10791015625,0.12578125,,0.00034995533601559224,21.5068359375
1941,1,0.138671875,0.130712890625,,0.0003498068840192497,18.75873374938965
1942,1,0.0732421875,0.121826171875,,0.00034965839014579266,20.13174057006836
1943,1,0.048828125,0.112451171875,,0.00034950985445752624,6.378643035888672
1944,1,0.083984375,0.109423828125,,0.00034936127701677336,15.692683219909668
1945,1,0.1220703125,0.108837890625,,0.0003492126578858743,20.632389068603516
1946,1,0.1083984375,0.102490234375,,0.000349063997127187,21.632360458374023
1947,1,0.087890625,0.092724609375,,0.0003489152948030867,16.88142967224121
1948,1,0.12060546875,0.098388671875,,0.00034876655097596605,13.880358695983887
1949,1,0.099609375,0.09912109375,,0.0003486177657082352,23.882070541381836
1950,1,0.1474609375,0.103076171875,,0.0003484689390623218,18.5062313079834
1951,1,0.10595703125,0.0998046875,,0.0003483200711006707,22.50807762145996
1952,1,0.10009765625,0.102490234375,,0.00034817116188574416,15.443319320678711
1953,1,0.06298828125,0.10390625,,0.00034802221148002156,18.006025314331055
1954,1,0.1953125,0.1150390625,,0.00034787321994599984,18.63213539123535
1955,1,0.1298828125,0.1158203125,,0.0003477241873461932,17.75670051574707
1956,1,0.1923828125,0.12421875,,0.0003475751137431328,21.007043838500977
1957,1,0.1484375,0.1302734375,,0.0003474259991993672,20.13246726989746
1958,1,0.10400390625,0.12861328125,,0.000347276843777462,18.38104820251465
1959,1,0.1181640625,0.13046875,,0.00034712764754000016,17.75686264038086
1960,1,0.08203125,0.12392578125,,0.00034697841054958165,15.567606925964355
1961,1,0.09521484375,0.1228515625,,0.0003468291328688235,15.755921363830566
1962,1,0.0986328125,0.122705078125,,0.0003466798145603598,19.13123893737793
1963,1,0.0966796875,0.12607421875,,0.00034653045568684183,21.383068084716797
1964,1,0.0966796875,0.1162109375,,0.0003463810563109377,18.631258010864258
1965,1,0.11962890625,0.115185546875,,0.0003462316164953328,18.006370544433594
1966,1,0.0751953125,0.103466796875,,0.00034608213630272914,21.631772994995117
1967,1,0.07958984375,0.09658203125,,0.00034593261579584576,23.383211135864258
1968,1,0.1474609375,0.100927734375,,0.0003457830550374189,23.633777618408203
1969,1,0.111328125,0.100244140625,,0.00034563345409020134,21.256759643554688
1970,1,0.06396484375,0.0984375,,0.00034548381301696294,15.25577449798584
1971,1,0.1962890625,0.108544921875,,0.00034533413188049024,17.383081436157227
1972,1,0.130859375,0.111767578125,,0.00034518441074358667,16.75634002685547
1973,1,0.1513671875,0.117236328125,,0.0003450346496690724,17.131271362304688
1974,1,0.10888671875,0.11845703125,,0.00034488484871978456,20.132280349731445
1975,1,0.09228515625,0.11572265625,,0.0003447350079585767,18.63202667236328
1976,1,0.12890625,0.12109375,,0.00034458512744831927,19.63161277770996
1977,1,0.0947265625,0.122607421875,,0.00034443520725189927,14.192830085754395
1978,1,0.208984375,0.128759765625,,0.00034428524743222055,22.258115768432617
1979,1,0.0810546875,0.125732421875,,0.0003441352480522034,14.693939208984375
1980,1,0.11474609375,0.130810546875,,0.00034398520917478475,19.00621223449707
1981,1,0.059326171875,0.1171142578125,,0.00034383513086291823,16.1312313079834
1982,1,0.1552734375,0.1195556640625,,0.0003436850131795738,17.631031036376953
1983,1,0.09521484375,0.1139404296875,,0.0003435348561877381,15.255546569824219
1984,1,0.09326171875,0.1123779296875,,0.0003433846599504142,14.005298614501953
1985,1,0.09716796875,0.1128662109375,,0.0003432344245306217,18.507055282592773
1986,1,0.166015625,0.1165771484375,,0.0003430841499913965,22.757841110229492
1987,1,0.1162109375,0.1187255859375,,0.0003429338363957911,18.5079345703125
1988,1,0.06982421875,0.1048095703125,,0.00034278348380687416,14.880270957946777
1989,1,0.130859375,0.1097900390625,,0.00034263309228773096,20.8826847076416
1990,1,0.10693359375,0.1090087890625,,0.000342482661901463,19.88120460510254
1991,1,0.123046875,0.115380859375,,0.00034233219271118803,12.007320404052734
1992,1,0.0830078125,0.108154296875,,0.00034218168478004007,17.50540542602539
1993,1,0.1005859375,0.10869140625,,0.00034203113817116957,20.380640029907227
1994,1,0.11474609375,0.11083984375,,0.0003418805529477429,22.508209228515625
1995,1,0.10205078125,0.111328125,,0.00034172992917294305,18.881336212158203
1996,1,0.1171875,0.1064453125,,0.00034157926690996874,16.50532341003418
1997,1,0.0859375,0.10341796875,,0.0003414285662220353,20.63212776184082
1998,1,0.185546875,0.114990234375,,0.00034127782717237375,18.50800323486328
1999,1,0.0849609375,0.110400390625,,0.00034112704982423153,19.631736755371094
2000,1,0.08837890625,0.108544921875,0.11605548911536329,0.0003409762342408719,18.507957458496094
2001,1,0.09033203125,0.1052734375,,0.0003408253804855743,20.63155174255371
2002,1,0.08935546875,0.105908203125,,0.0003406744886216342,22.75756072998047
2003,1,0.11376953125,0.1072265625,,0.00034052355871236296,21.132854461669922
2004,1,0.0830078125,0.104052734375,,0.00034037259082108804,18.507183074951172
2005,1,0.2490234375,0.11875,,0.0003402215850111528,17.757530212402344
2006,1,0.076171875,0.1146484375,,0.0003400705413459163,16.255199432373047
2007,1,0.1669921875,0.12275390625,,0.0003399194598887538,16.755769729614258
2008,1,0.11865234375,0.116064453125,,0.00033976834070305627,17.0056209564209
2009,1,0.09912109375,0.11748046875,,0.0003396171838522305,22.75754737854004
2010,1,0.1279296875,0.121435546875,,0.00033946598939969895,18.631607055664062
2011,1,0.08203125,0.12060546875,,0.00033931475740890026,18.25690269470215
2012,1,0.1796875,0.129638671875,,0.0003391634879432884,23.507896423339844
2013,1,0.10302734375,0.128564453125,,0.00033901218106633323,23.007474899291992
2014,1,0.10107421875,0.13037109375,,0.0003388608368415204,17.004932403564453
2015,1,0.0966796875,0.11513671875,,0.00033870945533235106,17.756359100341797
2016,1,0.125,0.12001953125,,0.00033855803660234196,21.25639533996582
2017,1,0.10107421875,0.113427734375,,0.0003384065807150259,18.63172721862793
2018,1,0.08203125,0.109765625,,0.00033825508773395067,19.256704330444336
2019,1,0.11181640625,0.11103515625,,0.0003381035577226801,12.693010330200195
2020,1,0.09912109375,0.108154296875,,0.0003379519907447931,15.69396686553955
2021,1,0.07080078125,0.10703125,,0.0003378003868638847,18.256214141845703
2022,1,0.1220703125,0.10126953125,,0.0003376487461435649,21.505977630615234
2023,1,0.12060546875,0.10302734375,,0.0003374970686474594,16.256683349609375
2024,1,0.11767578125,0.1046875,,0.0003373453544392091,21.132349014282227
2025,1,0.1767578125,0.1126953125,,0.0003371936035824705,13.50607681274414
2026,1,0.087890625,0.108984375,,0.00033704181614091565,21.633405685424805
2027,1,0.1318359375,0.112060546875,,0.00033688999217823166,24.25862693786621
2028,1,0.0966796875,0.113525390625,,0.00033673813175812085,23.382474899291992
2029,1,0.08203125,0.110546875,,0.00033658623494430115,15.318395614624023
2030,1,0.10791015625,0.11142578125,,0.00033643430180050574,18.50728988647461
2031,1,0.12890625,0.117236328125,,0.0003362823323904828,15.318380355834961
2032,1,0.1298828125,0.118017578125,,0.00033613032677799596,11.570837020874023
2033,1,0.173828125,0.12333984375,,0.00033597828502682393,21.008150100708008
2034,1,0.240234375,0.135595703125,,0.00033582620720076057,24.258970260620117
2035,1,0.17578125,0.135498046875,,0.00033567409336361496,21.883167266845703
2036,1,0.162109375,0.142919921875,,0.0003355219435792112,25.88300895690918
2037,1,0.09619140625,0.13935546875,,0.0003353697579113886,20.382524490356445
2038,1,0.1201171875,0.14169921875,,0.00033521753642400126,23.633275985717773
2039,1,0.1181640625,0.1453125,,0.0003350652791809187,21.50729751586914
2040,1,0.1484375,0.149365234375,,0.0003349129862460251,22.25773048400879
2041,1,0.09814453125,0.1462890625,,0.0003347606576832198,20.632524490356445
2042,1,0.11279296875,0.144580078125,,0.000334608293556417,21.007328033447266
2043,1,0.1669921875,0.143896484375,,0.00033445589392954583,19.507122039794922
2044,1,0.1845703125,0.138330078125,,0.00033430345886655043,23.50786018371582
2045,1,0.099609375,0.130712890625,,0.0003341509884313897,22.632726669311523
2046,1,0.07421875,0.121923828125,,0.00033399848268803734,18.75575828552246
2047,1,0.09521484375,0.121826171875,,0.000333845941700482,23.756227493286133
2048,1,0.09033203125,0.11884765625,,0.0003336933655327269,16.25600242614746
2049,1,0.197265625,0.1267578125,,0.0003335407542487904,18.13124656677246
2050,1,0.1962890625,0.13154296875,,0.0003333881079127052,19.881834030151367
2051,1,0.15625,0.137353515625,,0.0003332354265885188,20.00724220275879
2052,1,0.1728515625,0.143359375,,0.0003330827103402937,22.381925582885742
2053,1,0.09228515625,0.135888671875,,0.00033292995923210654,22.00668716430664
2054,1,0.1328125,0.130712890625,,0.00033277717332804905,17.75727081298828
2055,1,0.109375,0.131689453125,,0.0003326243526922272,23.257831573486328
2056,1,0.14453125,0.138720703125,,0.00033247149738876183,22.75678062438965
2057,1,0.2158203125,0.15078125,,0.000332318607481788,23.383878707885742
2058,1,0.1962890625,0.161376953125,,0.0003321656830354557,18.63116455078125
2059,1,0.10888671875,0.1525390625,,0.00033201272411392905,18.505952835083008
2060,1,0.14453125,0.14736328125,,0.0003318597307813866,23.38259506225586
2061,1,0.08740234375,0.140478515625,,0.000331706703102022,17.881052017211914
2062,1,0.095703125,0.132763671875,,0.0003315536411400423,19.881515502929688
2063,1,0.08642578125,0.132177734375,,0.00033140054495966987,20.257213592529297
2064,1,0.076171875,0.126513671875,,0.0003312474146251407,11.692374229431152
2065,1,0.083984375,0.123974609375,,0.0003310942502007056,24.382083892822266
2066,1,0.10693359375,0.12021484375,,0.00033094105175062957,19.256929397583008
2067,1,0.07470703125,0.106103515625,,0.0003307878193391917,23.75860023498535
2068,1,0.1181640625,0.098291015625,,0.00033063455303068543,26.00728416442871
2069,1,0.1650390625,0.10390625,,0.0003304812528894186,22.881887435913086
2070,1,0.1162109375,0.10107421875,,0.00033032791897971307,19.381162643432617
2071,1,0.06884765625,0.09921875,,0.00033017455136590484,21.380868911743164
2072,1,0.09130859375,0.098779296875,,0.0003300211501123442,13.25545883178711
2073,1,0.0810546875,0.0982421875,,0.00032986771528339536,16.005910873413086
2074,1,0.10009765625,0.100634765625,,0.00032971424694343683,22.131637573242188
2075,1,0.1005859375,0.102294921875,,0.00032956074515686103,23.50731086730957
2076,1,0.1533203125,0.10693359375,,0.00032940720998807433,19.507394790649414
2077,1,0.10693359375,0.11015625,,0.00032925364150149743,20.506221771240234
2078,1,0.0830078125,0.106640625,,0.0003291000397615648,17.256227493286133
2079,1,0.055908203125,0.0957275390625,,0.0003289464048327247,12.254680633544922
2080,1,0.1162109375,0.0957275390625,,0.0003287927367794397,20.383037567138672
2081,1,0.09033203125,0.0978759765625,,0.0003286390356661859,12.196104049682617
2082,1,0.126953125,0.1014404296875,,0.0003284853015574535,21.257308959960938
2083,1,0.1513671875,0.1084716796875,,0.0003283315345177465,19.506500244140625
2084,1,0.1748046875,0.1159423828125,,0.00032817773461158274,19.63182830810547
2085,1,0.095703125,0.1154541015625,,0.0003280239019034936,18.50685691833496
2086,1,0.193359375,0.1194580078125,,0.00032787003645802466,17.007246017456055
2087,1,0.2119140625,0.1299560546875,,0.00032771613833973483,26.00948143005371
2088,1,0.0712890625,0.1287841796875,,0.000327562207613197,15.1299467086792
2089,1,0.1044921875,0.133642578125,,0.0003274082443429977,18.882028579711914
2090,1,0.1982421875,0.141845703125,,0.00032725424859373687,19.507041931152344
2091,1,0.09912109375,0.142724609375,,0.0003271002204300284,18.507530212402344
2092,1,0.1708984375,0.147119140625,,0.00032694615991649964,21.38285255432129
2093,1,0.12890625,0.144873046875,,0.00032679206711779153,16.131122589111328
2094,1,0.11767578125,0.13916015625,,0.00032663794209855846,18.507431030273438
2095,1,0.1259765625,0.1421875,,0.0003264837849234685,26.009056091308594
2096,1,0.2392578125,0.14677734375,,0.00032632959565720307,15.321671485900879
2097,1,0.08544921875,0.134130859375,,0.0003261753743644572,16.380701065063477
2098,1,0.0966796875,0.136669921875,,0.0003260211211099393,23.00649642944336
2099,1,0.11083984375,0.1373046875,,0.000325866835958371,13.755531311035156
2100,1,0.1484375,0.13232421875,,0.00032571251897448765,23.25705337524414
2101,1,0.125,0.134912109375,,0.0003255581702230378,23.75713348388672
2102,1,0.0908203125,0.126904296875,,0.0003254037897687833,18.381437301635742
2103,1,0.15625,0.129638671875,,0.0003252493776764992,24.63226890563965
2104,1,0.08349609375,0.126220703125,,0.00032509493401097403,17.131086349487305
2105,1,0.08935546875,0.12255859375,,0.0003249404588370095,10.94192123413086
2106,1,0.1728515625,0.11591796875,,0.0003247859522194204,14.693363189697266
2107,1,0.08837890625,0.1162109375,,0.0003246314142230351,18.130401611328125
2108,1,0.1025390625,0.116796875,,0.00032447684491269463,19.506803512573242
2109,1,0.09375,0.115087890625,,0.0003243222443532535,19.131580352783203
2110,1,0.08349609375,0.10859375,,0.0003241676126095792,23.75748062133789
2111,1,0.11328125,0.107421875,,0.0003240129497465524,18.006389617919922
2112,1,0.06982421875,0.105322265625,,0.0003238582558290667,12.44174575805664
2113,1,0.1259765625,0.102294921875,,0.00032370353092202883,21.132444381713867
2114,1,0.1396484375,0.10791015625,,0.00032354877509035843,21.135778427124023
2115,1,0.111328125,0.110107421875,,0.0003233939883989882,23.382856369018555
2116,1,0.06982421875,0.0998046875,,0.00032323917091286384,25.257831573486328
2117,1,0.1298828125,0.103955078125,,0.0003230843226969438,15.381516456604004
2118,1,0.07373046875,0.10107421875,,0.00032292944381619946,23.7574462890625
2119,1,0.15234375,0.10693359375,,0.0003227745343356153,23.6328182220459
2120,1,0.10986328125,0.1095703125,,0.00032261959432018834,18.50652313232422
2121,1,0.09716796875,0.107958984375,,0.0003224646238349286,14.31857967376709
2122,1,0.07177734375,0.108154296875,,0.0003223096229448587,22.00746726989746
2123,1,0.1611328125,0.111669921875,,0.0003221545917150142,18.507160186767578
2124,1,0.2041015625,0.118115234375,,0.00032199953021044337,19.131793975830078
2125,1,0.08203125,0.115185546875,,0.00032184443849620707,19.25737190246582
2126,1,0.125,0.120703125,,0.00032168931663737886,20.382617950439453
2127,1,0.076171875,0.11533203125,,0.0003215341646990452,16.255460739135742
2128,1,0.109375,0.118896484375,,0.00032137898274630473,15.38067626953125
2129,1,0.1875,0.122412109375,,0.0003212237708442691,21.131210327148438
2130,1,0.07080078125,0.118505859375,,0.00032106852905806215,18.506206512451172
2131,1,0.09228515625,0.118017578125,,0.00032091325745282055,23.257282257080078
2132,1,0.068359375,0.11767578125,,0.0003207579560936934,20.631702423095703
2133,1,0.14453125,0.116015625,,0.00032060262504584225,22.133705139160156
2134,1,0.1298828125,0.10859375,,0.00032044726437444114,19.63222312927246
2135,1,0.1083984375,0.11123046875,,0.0003202918741446764,15.317843437194824
2136,1,0.08154296875,0.106884765625,,0.0003201364544217471,24.382959365844727
2137,1,0.11474609375,0.1107421875,,0.00031998100527086426,21.256893157958984
2138,1,0.1572265625,0.11552734375,,0.0003198255267572516,20.13206672668457
2139,1,0.0732421875,0.1041015625,,0.000319670018946145,19.00588607788086
2140,1,0.08203125,0.105224609375,,0.00031951448190279254,21.1319522857666
2141,1,0.10400390625,0.106396484375,,0.0003193589156924548,21.1324405670166
2142,1,0.142578125,0.113818359375,,0.00031920332038040433,21.258012771606445
2143,1,0.0751953125,0.106884765625,,0.0003190476960319262,14.004074096679688
2144,1,0.1748046875,0.111376953125,,0.0003188920427123174,21.25811195373535
2145,1,0.1162109375,0.112158203125,,0.00031873636048688716,18.755468368530273
2146,1,0.11669921875,0.115673828125,,0.0003185806494209569,11.006853103637695
2147,1,0.080078125,0.11220703125,,0.00031842490957986004,17.255895614624023
2148,1,0.142578125,0.1107421875,,0.0003182691410289422,17.005964279174805
2149,1,0.14453125,0.11787109375,,0.0003181133438335608,18.631881713867188
2150,1,0.1142578125,0.12109375,,0.00031795751805908576,18.757949829101562
2151,1,0.1708984375,0.127783203125,,0.00031780166377089837,18.50692367553711
2152,1,0.11669921875,0.1251953125,,0.00031764578103439235,23.007421493530273
2153,1,0.060302734375,0.1237060546875,,0.00031748986991497313,11.445439338684082
2154,1,0.09423828125,0.1156494140625,,0.00031733393047805826,21.63157844543457
2155,1,0.047119140625,0.108740234375,,0.00031717796278907685,23.757658004760742
2156,1,0.142578125,0.111328125,,0.0003170219669134701,18.50587272644043
2157,1,0.09619140625,0.112939453125,,0.000316865942916691,18.507204055786133
2158,1,0.2158203125,0.120263671875,,0.0003167098908642044,25.633697509765625
2159,1,0.1171875,0.117529296875,,0.0003165538108214867,15.193126678466797
2160,1,0.12060546875,0.1181640625,,0.0003163977028540263,18.881467819213867
2161,1,0.162109375,0.11728515625,,0.00031624156702732314,18.506868362426758
2162,1,0.095703125,0.115185546875,,0.0003160854034068889,20.506343841552734
2163,1,0.10302734375,0.1194580078125,,0.00031592921205824705,26.00987434387207
2164,1,0.091796875,0.1192138671875,,0.00031577299304693247,19.380796432495117
2165,1,0.07470703125,0.12197265625,,0.0003156167464384917,9.88169002532959
2166,1,0.1416015625,0.121875,,0.00031546047229848303,22.632509231567383
2167,1,0.083984375,0.120654296875,,0.0003153041706924762,21.505958557128906
2168,1,0.09912109375,0.108984375,,0.0003151478416860524,11.067438125610352
2169,1,0.09033203125,0.106298828125,,0.00031499148534480437,23.00879669189453
2170,1,0.043701171875,0.0986083984375,,0.00031483510173433625,21.757333755493164
2171,1,0.1318359375,0.0955810546875,,0.0003146786909202639,24.383007049560547
2172,1,0.109375,0.0969482421875,,0.00031452225296821427,21.131189346313477
2173,1,0.0908203125,0.0957275390625,,0.00031436578794382584,20.632314682006836
2174,1,0.1298828125,0.0995361328125,,0.0003142092959127484,18.756484985351562
2175,1,0.1357421875,0.1056396484375,,0.00031405277694064305,17.131240844726562
2176,1,0.1201171875,0.1034912109375,,0.00031389623109318244,20.130823135375977
2177,1,0.0830078125,0.1033935546875,,0.00031373965843605015,20.632129669189453
2178,1,0.119140625,0.1053955078125,,0.00031358305903494114,17.13198471069336
2179,1,0.07568359375,0.1039306640625,,0.00031342643295556165,22.256919860839844
2180,1,0.0751953125,0.107080078125,,0.00031326978026362907,19.505895614624023
2181,1,0.0810546875,0.102001953125,,0.000313113101024872,20.006853103637695
2182,1,0.0703125,0.098095703125,,0.00031295639530503006,15.067663192749023
2183,1,0.08984375,0.097998046875,,0.00031279966316985415,16.25655746459961
2184,1,0.10498046875,0.0955078125,,0.00031264290468510604,16.130321502685547
2185,1,0.1474609375,0.0966796875,,0.00031248611991655884,15.319892883300781
2186,1,0.09228515625,0.093896484375,,0.0003123293089299964,19.381608963012695
2187,1,0.0810546875,0.093701171875,,0.0003121724717912138,19.38262176513672
2188,1,0.0908203125,0.090869140625,,0.0003120156085660168,17.38030242919922
2189,1,0.1630859375,0.099609375,,0.0003118587193202224,25.8831729888916
2190,1,0.1572265625,0.1078125,,0.00031170180411965856,26.135284423828125
2191,1,0.056396484375,0.1053466796875,,0.00031154486303016385,23.881866455078125
2192,1,0.0810546875,0.1064208984375,,0.0003113878961175878,25.25752067565918
2193,1,0.1298828125,0.1104248046875,,0.0003112309034477908,12.130881309509277
2194,1,0.0791015625,0.1078369140625,,0.0003110738850866442,24.257108688354492
2195,1,0.111328125,0.1042236328125,,0.0003109168411000299,21.63139533996582
2196,1,0.134765625,0.1084716796875,,0.0003107597715538406,18.507434844970703
2197,1,0.169921875,0.1173583984375,,0.0003106026765139798,20.882089614868164
2198,1,0.134765625,0.1217529296875,,0.00031044555604636164,3.8114585876464844
2199,1,0.10546875,0.1159912109375,,0.00031028841021691104,16.13041114807129
2200,1,0.11181640625,0.1114501953125,,0.00031013123909156344,15.38042163848877
2201,1,0.11865234375,0.11767578125,,0.0003099740427362648,22.757883071899414
2202,1,0.11328125,0.1208984375,,0.0003098168212169719,17.75578498840332
2203,1,0.173828125,0.12529296875,,0.00030965957459965193,18.631505966186523
2204,1,0.11572265625,0.128955078125,,0.00030950230295028277,26.008304595947266
2205,1,0.15234375,0.133056640625,,0.0003093450063348525,20.75632095336914
2206,1,0.162109375,0.135791015625,,0.00030918768481935996,18.63060760498047
2207,1,0.1396484375,0.132763671875,,0.00030903033846981426,16.50575828552246
2208,1,0.154296875,0.134716796875,,0.0003088729673522351,23.132606506347656
2209,1,0.1162109375,0.135791015625,,0.0003087155715326525,21.507295608520508
2210,1,0.13671875,0.13828125,,0.00030855815107710667,17.00693130493164
2211,1,0.08837890625,0.13525390625,,0.0003084007060516484,18.50604820251465
2212,1,0.103515625,0.13427734375,,0.00030824323652233875,14.317498207092285
2213,1,0.0458984375,0.121484375,,0.00030808574255524894,18.881528854370117
2214,1,0.0966796875,0.119580078125,,0.0003079282242164606,17.505300521850586
2215,1,0.0712890625,0.111474609375,,0.00030777068157206535,20.881074905395508
2216,1,0.125,0.107763671875,,0.0003076131146881652,16.880796432495117
2217,1,0.09033203125,0.10283203125,,0.0003074555236308724,19.255386352539062
2218,1,0.166015625,0.10400390625,,0.0003072979084663091,21.132036209106445
2219,1,0.09814453125,0.102197265625,,0.0003071402692606078,14.443313598632812
2220,1,0.04638671875,0.0931640625,,0.0003069826060799109,22.50700569152832
2221,1,0.06591796875,0.09091796875,,0.0003068249189903709,18.506059646606445
2222,1,0.09326171875,0.089892578125,,0.00030666720805815057,18.50647735595703
2223,1,0.1376953125,0.099072265625,,0.0003065094733494224,21.006452560424805
2224,1,0.13671875,0.103076171875,,0.0003063517149303687,20.63177490234375
2225,1,0.09326171875,0.1052734375,,0.0003061939328671824,16.506467819213867
2226,1,0.12890625,0.1056640625,,0.00030603612722606555,22.257715225219727
2227,1,0.10302734375,0.10693359375,,0.0003058782980732307,10.25918197631836
2228,1,0.07177734375,0.097509765625,,0.0003057204454748999,18.505971908569336
2229,1,0.11376953125,0.099072265625,,0.00030556256949730527,11.75473690032959
2230,1,0.11572265625,0.106005859375,,0.0003054046702066886,18.380903244018555
2231,1,0.07666015625,0.107080078125,,0.00030524674766930143,19.13046646118164
2232,1,0.1416015625,0.1119140625,,0.0003050888019514052,19.633249282836914
2233,1,0.103515625,0.10849609375,,0.00030493083311927097,17.25678825378418
2234,1,0.115234375,0.10634765625,,0.0003047728412391796,19.75590705871582
2235,1,0.134765625,0.110498046875,,0.00030461482637742133,17.130939483642578
2236,1,0.12255859375,0.10986328125,,0.0003044567886002966,20.883438110351562
2237,1,0.1650390625,0.116064453125,,0.0003042987279741148,21.882400512695312
2238,1,0.169921875,0.12587890625,,0.00030414064456519543,24.008012771606445
2239,1,0.064453125,0.120947265625,,0.0003039825384398673,21.380901336669922
2240,1,0.083984375,0.1177734375,,0.0003038244096644687,18.631717681884766
2241,1,0.08349609375,0.11845703125,,0.0003036662583053478,22.63225746154785
2242,1,0.09716796875,0.114013671875,,0.00030350808442886166,19.88125991821289
2243,1,0.0986328125,0.113525390625,,0.00030334988810137734,22.1315860748291
2244,1,0.07373046875,0.109375,,0.0003031916693892709,17.382062911987305
2245,1,0.10595703125,0.106494140625,,0.000303033428358928,23.882568359375
2246,1,0.07568359375,0.101806640625,,0.00030287516507674375,18.757034301757812
2247,1,0.068359375,0.092138671875,,0.00030271687960912243,20.756664276123047
2248,1,0.10693359375,0.08583984375,,0.0003025585720224777,21.506959915161133
2249,1,0.138671875,0.09326171875,,0.00030240024238323244,19.257436752319336
2250,1,0.06689453125,0.091552734375,,0.0003022418907578188,16.881519317626953
2251,1,0.138671875,0.0970703125,,0.00030208351721267826,15.25752067565918
2252,1,0.07763671875,0.0951171875,,0.00030192512181426135,17.757108688354492
2253,1,0.13671875,0.09892578125,,0.0003017667046290279,18.25710678100586
2254,1,0.08056640625,0.099609375,,0.00030160826572344675,14.505619049072266
2255,1,0.1572265625,0.104736328125,,0.0003014498051639959,23.508127212524414
2256,1,0.1103515625,0.108203125,,0.00030129132301716263,19.006744384765625
2257,1,0.16015625,0.1173828125,,0.00030113281934944296,21.7581844329834
2258,1,0.1005859375,0.116748046875,,0.0003009742942273421,22.381494522094727
2259,1,0.10205078125,0.1130859375,,0.0003008157477173742,15.757222175598145
2260,1,0.1376953125,0.120166015625,,0.00030065717988606255,23.508556365966797
2261,1,0.14453125,0.120751953125,,0.00030049859079993925,18.134170532226562
2262,1,0.126953125,0.12568359375,,0.00030033998052554525,23.508399963378906
2263,1,0.12158203125,0.124169921875,,0.00030018134912943045,23.25809669494629
2264,1,0.1171875,0.12783203125,,0.00030002269667815375,23.882719039916992
2265,1,0.11474609375,0.123583984375,,0.0002998640232382827,19.382604598999023
2266,1,0.1259765625,0.125146484375,,0.00029970532887639383,23.63469696044922
2267,1,0.14453125,0.123583984375,,0.00029954661365907227,19.63262939453125
2268,1,0.09716796875,0.1232421875,,0.0002993878776529118,17.630529403686523
2269,1,0.09375,0.122412109375,,0.00029922912092451544,5.78803014755249
2270,1,0.10400390625,0.11904296875,,0.0002990703435404944,18.256336212158203
2271,1,0.1064453125,0.115234375,,0.0002989115455674687,25.382797241210938
2272,1,0.119140625,0.114453125,,0.000298752727072067,18.881616592407227
2273,1,0.1279296875,0.115087890625,,0.0002985938881209266,22.007200241088867
2274,1,0.08544921875,0.1119140625,,0.0002984350287806935,19.00684356689453
2275,1,0.130859375,0.113525390625,,0.000298276149118022,22.50847625732422
2276,1,0.140625,0.114990234375,,0.0002981172491995751,20.506677627563477
2277,1,0.10302734375,0.11083984375,,0.0002979583290920242,18.25621795654297
2278,1,0.15234375,0.116357421875,,0.0002977993888620493,12.317495346069336
2279,1,0.1796875,0.124951171875,,0.0002976404285763387,15.131087303161621
2280,1,0.15234375,0.12978515625,,0.00029748144830158926,11.442699432373047
2281,1,0.1328125,0.132421875,,0.000297322448104506,13.255424499511719
2282,1,0.2451171875,0.14501953125,,0.00029716342805180264,23.383316040039062
2283,1,0.1787109375,0.15009765625,,0.000297004388210201,21.50775718688965
2284,1,0.166015625,0.158154296875,,0.0002968453286464312,23.382797241210938
2285,1,0.169921875,0.162060546875,,0.0002966862494272316,25.38303565979004
2286,1,0.119140625,0.159912109375,,0.000296527150619349,23.632186889648438
2287,1,0.12158203125,0.161767578125,,0.0002963680322895382,20.383028030395508
2288,1,0.11669921875,0.158203125,,0.0002962088945045625,23.50655174255371
2289,1,0.11865234375,0.152099609375,,0.000296049737331193,21.13170051574707
2290,1,0.142578125,0.151123046875,,0.000295890560836209,26.134016036987305
2291,1,0.1533203125,0.153173828125,,0.00029573136508639827,22.382108688354492
2292,1,0.14453125,0.143115234375,,0.0002955721501485561,22.88318634033203
2293,1,0.10986328125,0.13623046875,,0.0002954129160894864,20.75733184814453
2294,1,0.169921875,0.13662109375,,0.00029525366297600053,26.009620666503906
2295,1,0.1689453125,0.1365234375,,0.00029509439087491835,21.257863998413086
2296,1,0.11279296875,0.135888671875,,0.00029493509985306746,21.131704330444336
2297,1,0.099609375,0.13369140625,,0.0002947757899772833,17.25538444519043
2298,1,0.1376953125,0.135791015625,,0.00029461646131440946,21.132272720336914
2299,1,0.10009765625,0.133935546875,,0.00029445711393129715,17.50591278076172
2300,1,0.0869140625,0.128369140625,,0.0002942977478948057,18.506389617919922
2301,1,0.1396484375,0.127001953125,,0.0002941383632718021,23.007282257080078
2302,1,0.09814453125,0.12236328125,,0.00029397896012916115,18.75725746154785
2303,1,0.12158203125,0.12353515625,,0.0002938195385337654,19.881685256958008
2304,1,0.10009765625,0.116552734375,,0.00029366009855250535,18.63111114501953
2305,1,0.09765625,0.109423828125,,0.00029350064025227896,20.630857467651367
2306,1,0.11328125,0.10947265625,,0.0002933411636999919,23.38115692138672
2307,1,0.1455078125,0.1140625,,0.0002931816689625577,17.75559425354004
2308,1,0.171875,0.11748046875,,0.0002930221561068973,20.00687026977539
2309,1,0.1337890625,0.120849609375,,0.0002928626251999394,19.507822036743164
2310,1,0.10498046875,0.12265625,,0.0002927030763086201,20.13152313232422
2311,1,0.1279296875,0.121484375,,0.00029254350949988324,18.881181716918945
2312,1,0.134765625,0.125146484375,,0.00029238392484068007,18.631450653076172
2313,1,0.1064453125,0.1236328125,,0.0002922243223979694,21.257671356201172
2314,1,0.126953125,0.126318359375,,0.0002920647022387173,22.50735092163086
2315,1,0.08984375,0.125537109375,,0.0002919050644298975,21.256919860839844
2316,1,0.1640625,0.130615234375,,0.00029174540903849117,15.25594425201416
2317,1,0.130859375,0.129150390625,,0.00029158573613148657,20.13107681274414
2318,1,0.140625,0.126025390625,,0.0002914260457758796,22.007863998413086
2319,1,0.146484375,0.127294921875,,0.00029126633803867343,23.883535385131836
2320,1,0.1201171875,0.12880859375,,0.00029110661298687823,20.38203239440918
2321,1,0.1025390625,0.12626953125,,0.0002909468706875118,21.0057373046875
2322,1,0.1044921875,0.1232421875,,0.0002907871112075991,19.132081985473633
2323,1,0.08984375,0.12158203125,,0.00029062733461417215,19.6314697265625
2324,1,0.12890625,0.12177734375,,0.00029046754097427035,18.757156372070312
2325,1,0.20703125,0.13349609375,,0.00029030773035493995,21.132205963134766
2326,1,0.115234375,0.12861328125,,0.00029014790282323467,16.50528907775879
2327,1,0.08203125,0.12373046875,,0.00028998805844621524,17.88048553466797
2328,1,0.12158203125,0.121826171875,,0.00028982819729094915,19.0057373046875
2329,1,0.11328125,0.118505859375,,0.0002896683194245114,18.883024215698242
2330,1,0.08984375,0.115478515625,,0.00028950842491398356,21.50569725036621
2331,1,0.087890625,0.114013671875,,0.0002893485138264547,23.756284713745117
2332,1,0.10498046875,0.1140625,,0.0002891885862290202,19.506006240844727
2333,1,0.11083984375,0.116162109375,,0.000289028642188783,15.13097858428955
2334,1,0.1259765625,0.115869140625,,0.00028886868177285243,21.25667381286621
2335,1,0.1796875,0.113134765625,,0.00028870870504834494,21.257463455200195
2336,1,0.09912109375,0.1115234375,,0.0002885487120823839,21.88154411315918
2337,1,0.1298828125,0.11630859375,,0.0002883887029420994,19.25613784790039
2338,1,0.1474609375,0.118896484375,,0.0002882286776946282,19.13117790222168
2339,1,0.1474609375,0.122314453125,,0.0002880686364071139,20.13078498840332
2340,1,0.07177734375,0.1205078125,,0.00028790857914670696,14.754937171936035
2341,1,0.07861328125,0.119580078125,,0.00028774850598056446,22.38175392150879
2342,1,0.12158203125,0.121240234375,,0.00028758841697585,18.75596809387207
2343,1,0.08056640625,0.118212890625,,0.00028742831219973395,23.007877349853516
2344,1,0.115234375,0.117138671875,,0.0002872681917193933,21.13065528869629
2345,1,0.11962890625,0.1111328125,,0.0002871080556020118,15.442630767822266
2346,1,0.09130859375,0.1103515625,,0.00028694790391477947,13.442516326904297
2347,1,0.123046875,0.10966796875,,0.00028678773672489294,25.881820678710938
2348,1,0.10498046875,0.105419921875,,0.00028662755409955543,21.13106918334961
2349,1,0.11474609375,0.1021484375,,0.0002864673561059766,23.006664276123047
2350,1,0.06103515625,0.10107421875,,0.0002863071428113726,22.256643295288086
2351,1,0.11767578125,0.10498046875,,0.0002861469142829659,21.6320858001709
2352,1,0.09765625,0.102587890625,,0.0002859866705879853,17.880277633666992
2353,1,0.0751953125,0.10205078125,,0.0002858264117936663,19.13056755065918
2354,1,0.0556640625,0.09609375,,0.0002856661379672504,13.817564010620117
2355,1,0.06787109375,0.09091796875,,0.0002855058491759855,17.005434036254883
2356,1,0.08203125,0.089990234375,,0.0002853455454871259,16.130306243896484
2357,1,0.05859375,0.083544921875,,0.0002851852269679319,19.755714416503906
2358,1,0.09423828125,0.082470703125,,0.00028502489368567027,18.505342483520508
2359,1,0.12353515625,0.083349609375,,0.0002848645457076138,20.50697135925293
2360,1,0.150390625,0.09228515625,,0.00028470418310104175,22.63259506225586
2361,1,0.032470703125,0.0837646484375,,0.00028454380593323893,21.382740020751953
2362,1,0.134765625,0.0874755859375,,0.0002843834142714969,18.007158279418945
2363,1,0.087890625,0.0887451171875,,0.00028422300818311294,14.817848205566406
2364,1,0.1416015625,0.0973388671875,,0.00028406258773539043,19.88155746459961
2365,1,0.158203125,0.1063720703125,,0.00028390215299563883,25.633237838745117
2366,1,0.138671875,0.1120361328125,,0.0002837417040311736,16.505859375
2367,1,0.09765625,0.1159423828125,,0.00028358124090931613,18.630922317504883
2368,1,0.125,0.1190185546875,,0.0002834207636973938,23.507484436035156
2369,1,0.11376953125,0.1180419921875,,0.00028326027246273984,15.319841384887695
2370,1,0.107421875,0.1137451171875,,0.00028309976727269333,18.506532669067383
2371,1,0.10888671875,0.12138671875,,0.00028293924819459927,21.50588607788086
2372,1,0.12890625,0.12080078125,,0.0002827787152958086,13.754935264587402
2373,1,0.2177734375,0.1337890625,,0.00028261816864367796,15.382013320922852
2374,1,0.061279296875,0.1257568359375,,0.0002824576083055695,22.38140296936035
2375,1,0.08740234375,0.1186767578125,,0.0002822970343488516,23.63245964050293
2376,1,0.150390625,0.1198486328125,,0.000282136446840898,18.88146209716797
2377,1,0.12060546875,0.1221435546875,,0.0002819758458490883,18.13226890563965
2378,1,0.07275390625,0.1169189453125,,0.00028181523144080764,17.506174087524414
2379,1,0.0966796875,0.1152099609375,,0.0002816546036834468,22.756912231445312
2380,1,0.09716796875,0.1141845703125,,0.0002814939626444023,26.134639739990234
2381,1,0.1328125,0.1165771484375,,0.00028133330839107606,19.00659942626953
2382,1,0.1455078125,0.1182373046875,,0.0002811726409908757,18.507564544677734
2383,1,0.08056640625,0.1045166015625,,0.0002810119605112142,21.13104248046875
2384,1,0.0771484375,0.106103515625,,0.0002808512670195101,15.506204605102539
2385,1,0.109375,0.10830078125,,0.00028069056058318756,16.755521774291992
2386,1,0.076171875,0.10087890625,,0.0002805298412696758,19.130508422851562
2387,1,0.059326171875,0.0947509765625,,0.0002803691091464098,17.50505256652832
2388,1,0.10205078125,0.0976806640625,,0.0002802083642808296,19.381309509277344
2389,1,0.10693359375,0.0987060546875,,0.00028004760674038104,24.382097244262695
2390,1,0.10693359375,0.0996826171875,,0.00027988683659251474,21.50626564025879
2391,1,0.060546875,0.0924560546875,,0.00027972605390468703,13.692986488342285
2392,1,0.091796875,0.0870849609375,,0.00027956525874435923,20.256328582763672
2393,1,0.1025390625,0.0892822265625,,0.00027940445117899816,19.756244659423828
2394,1,0.06005859375,0.0875732421875,,0.0002792436312760755,17.880659103393555
2395,1,0.076171875,0.0842529296875,,0.0002790827991030683,23.757709503173828
2396,1,0.06298828125,0.0829345703125,,0.0002789219547274589,23.756662368774414
2397,1,0.11376953125,0.08837890625,,0.0002787610982167346,15.194249153137207
2398,1,0.09423828125,0.08759765625,,0.00027860022963838773,21.13067626953125
2399,1,0.087890625,0.085693359375,,0.00027843934905991575,21.257097244262695
2400,1,0.08740234375,0.083740234375,,0.0002782784565488211,15.318864822387695
2401,1,0.061767578125,0.0838623046875,,0.0002781175521726114,24.007320404052734
2402,1,0.0810546875,0.0827880859375,,0.0002779566359987992,18.630504608154297
2403,1,0.05615234375,0.0781494140625,,0.00027779570809490173,16.505332946777344
2404,1,0.058349609375,0.077978515625,,0.0002776347685284415,18.505443572998047
2405,1,0.064453125,0.076806640625,,0.0002774738173669457,21.00618553161621
2406,1,0.158203125,0.086328125,,0.00027731285467794657,11.192785263061523
2407,1,0.0908203125,0.084033203125,,0.00027715188052898095,23.006505966186523
2408,1,0.10107421875,0.084716796875,,0.0002769908949875906,18.506488800048828
2409,1,0.107421875,0.086669921875,,0.000276829898121322,19.257482528686523
2410,1,0.0947265625,0.08740234375,,0.0002766688899977266,18.505990982055664
2411,1,0.08056640625,0.0892822265625,,0.0002765078706843604,18.25716209411621
2412,1,0.08447265625,0.0896240234375,,0.00027634684024878403,18.881006240844727
2413,1,0.07861328125,0.0918701171875,,0.0002761857987585629,11.130542755126953
2414,1,0.140625,0.10009765625,,0.00027602474628126697,21.881900787353516
2415,1,0.076171875,0.10126953125,,0.0002758636828844709,18.506065368652344
2416,1,0.07861328125,0.093310546875,,0.000275702608635754,17.50539779663086
2417,1,0.09716796875,0.0939453125,,0.0002755415236027,22.00679588317871
2418,1,0.03759765625,0.08759765625,,0.0002753804278528971,16.88068389892578
2419,1,0.0947265625,0.086328125,,0.00027521932145393806,14.817951202392578
2420,1,0.05517578125,0.082373046875,,0.0002750582044734203,20.5062313079834
2421,1,0.08203125,0.08251953125,,0.0002748970769789454,20.506593704223633
2422,1,0.1240234375,0.086474609375,,0.00027473593903811936,24.00777244567871
2423,1,0.130859375,0.09169921875,,0.0002745747907185529,21.75777244567871
2424,1,0.07958984375,0.085595703125,,0.0002744136320878607,26.00802230834961
2425,1,0.06494140625,0.08447265625,,0.00027425246321366204,18.880691528320312
2426,1,0.109375,0.087548828125,,0.0002740912841635803,14.694478988647461
2427,1,0.08154296875,0.085986328125,,0.0002739300950052432,15.005304336547852
2428,1,0.07275390625,0.089501953125,,0.00027376889580628275,21.13111114501953
2429,1,0.0810546875,0.088134765625,,0.0002736076866343351,18.755970001220703
2430,1,0.09130859375,0.091748046875,,0.00027344646755704077,20.50632667541504
2431,1,0.0927734375,0.092822265625,,0.00027328523864204407,21.50734519958496
2432,1,0.08984375,0.089404296875,,0.00027312399995699384,19.131677627563477
2433,1,0.08203125,0.084521484375,,0.00027296275156954273,16.255767822265625
2434,1,0.0859375,0.08515625,,0.00027280149354734766,15.506242752075195
2435,1,0.1357421875,0.092236328125,,0.00027264022595806947,23.382524490356445
2436,1,0.0703125,0.088330078125,,0.000272478948869373,17.505582809448242
2437,1,0.208984375,0.10107421875,,0.00027231766234892706,18.5067138671875
2438,1,0.09228515625,0.10302734375,,0.0002721563664644046,19.75678825378418
2439,1,0.08447265625,0.103369140625,,0.00027199506128348244,22.632280349731445
2440,1,0.099609375,0.10419921875,,0.000271833746873841,24.5074520111084
2441,1,0.11474609375,0.106396484375,,0.0002716724233031651,21.381378173828125
2442,1,0.2333984375,0.120751953125,,0.0002715110906391428,18.881759643554688
2443,1,0.0947265625,0.122021484375,,0.0002713497489494665,21.50608253479004
2444,1,0.08984375,0.122412109375,,0.00027118839830183217,15.443011283874512
2445,1,0.12109375,0.120947265625,,0.0002710270387639394,15.818277359008789
2446,1,0.1494140625,0.128857421875,,0.0002708656704034919,21.75722885131836
2447,1,0.053466796875,0.1133056640625,,0.00027070429328819655,19.50543212890625
2448,1,0.11083984375,0.1151611328125,,0.00027054290748576446,19.25638771057129
2449,1,0.2216796875,0.1288818359375,,0.00027038151306390986,21.007999420166016
2450,1,0.11572265625,0.1304931640625,,0.00027022011009035106,18.506982803344727
2451,1,0.140625,0.1330810546875,,0.00027005869863280964,18.381420135498047
2452,1,0.1328125,0.1230224609375,,0.0002698972787590109,22.88207244873047
2453,1,0.12451171875,0.1260009765625,,0.00026973585053668357,23.382116317749023
2454,1,0.12451171875,0.1294677734375,,0.0002695744140335599,23.631914138793945
2455,1,0.123046875,0.1296630859375,,0.00026941296931737584,25.75734519958496
2456,1,0.15234375,0.1299560546875,,0.0002692515164558704,20.632143020629883
2457,1,0.0703125,0.131640625,,0.00026909005551678625,19.382722854614258
2458,1,0.06884765625,0.12744140625,,0.0002689285865678694,19.881174087524414
2459,1,0.130859375,0.118359375,,0.00026876710967686925,18.50626564025879
2460,1,0.07373046875,0.11416015625,,0.0002686056249115385,21.256542205810547
2461,1,0.04638671875,0.104736328125,,0.00026844413233963313,16.75513458251953
2462,1,0.0712890625,0.098583984375,,0.00026828263202891245,11.504706382751465
2463,1,0.0810546875,0.09423828125,,0.00026812112404713895,15.255451202392578
2464,1,0.150390625,0.096826171875,,0.00026795960846207853,24.132944107055664
2465,1,0.07080078125,0.0916015625,,0.00026779808534149984,15.005496978759766
2466,1,0.1083984375,0.08720703125,,0.0002676365547531753,20.256784439086914
2467,1,0.08984375,0.08916015625,,0.00026747501676487983,19.256383895874023
2468,1,0.07177734375,0.089453125,,0.00026731347144439213,22.006927490234375
2469,1,0.130859375,0.089453125,,0.0002671519188594933,21.382396697998047
2470,1,0.1484375,0.096923828125,,0.0002669903590779679,20.506820678710938
2471,1,0.080078125,0.10029296875,,0.00026682879216760353,18.88141632080078
2472,1,0.10791015625,0.103955078125,,0.0002666672181961905,16.130464553833008
2473,1,0.10693359375,0.10654296875,,0.0002665056372315223,18.63136863708496
2474,1,0.1552734375,0.10703125,,0.00026634404934139545,15.25545883178711
2475,1,0.09228515625,0.1091796875,,0.00026618245459360897,21.257516860961914
2476,1,0.07275390625,0.105615234375,,0.0002660208530559651,23.757308959960938
2477,1,0.07470703125,0.1041015625,,0.000265859244796269,23.756921768188477
2478,1,0.09521484375,0.1064453125,,0.0002656976298823284,16.880617141723633
2479,1,0.12060546875,0.105419921875,,0.0002655360083819538,19.131790161132812
2480,1,0.14453125,0.105029296875,,0.00026537438036295876,14.693864822387695
2481,1,0.107421875,0.107763671875,,0.0002652127458931592,17.75526237487793
2482,1,0.056884765625,0.1026611328125,,0.0002650511050403741,22.75720977783203
2483,1,0.126953125,0.1046630859375,,0.00026488945787242496,17.631229400634766
2484,1,0.10205078125,0.0993408203125,,0.0002647278044571358,17.130834579467773
2485,1,0.10009765625,0.1001220703125,,0.00026456614486233343,15.254998207092285
2486,1,0.091796875,0.1020263671875,,0.00026440447915584736,21.506494522094727
2487,1,0.09228515625,0.1037841796875,,0.0002642428074055094,16.5054931640625
2488,1,0.119140625,0.1061767578125,,0.00026408112967915397,17.131019592285156
2489,1,0.10791015625,0.1049072265625,,0.0002639194460446181,18.506710052490234
2490,1,0.107421875,0.1011962890625,,0.0002637577565697412,25.006628036499023
2491,1,0.1259765625,0.1030517578125,,0.00026359606132236526,20.38092041015625
2492,1,0.0712890625,0.1044921875,,0.0002634343603703346,20.381641387939453
2493,1,0.060546875,0.0978515625,,0.00026327265378149573,17.005460739135742
2494,1,0.050048828125,0.0926513671875,,0.0002631109416236979,20.381771087646484
2495,1,0.083984375,0.0910400390625,,0.00026294922396479257,21.256189346313477
2496,1,0.06640625,0.0885009765625,,0.00026278750087263347,22.756349563598633
2497,1,0.1015625,0.0894287109375,,0.00026262577241507645,18.755834579467773
2498,1,0.0830078125,0.0858154296875,,0.0002624640386599798,17.131046295166016
2499,1,0.1484375,0.0898681640625,,0.00026230229967520415,21.88274383544922
2500,1,0.1142578125,0.0905517578125,0.11053693605275929,0.0002621405555286121,14.567110061645508
2501,1,0.0908203125,0.0870361328125,,0.00026197880628806843,16.505123138427734
2502,1,0.140625,0.0939697265625,,0.0002618170520214401,22.131641387939453
2503,1,0.1357421875,0.1014892578125,,0.0002616552927965963,18.508358001708984
2504,1,0.09912109375,0.106396484375,,0.0002614935286814081,18.38176727294922
2505,1,0.171875,0.115185546875,,0.0002613317597437489,20.382110595703125
2506,1,0.1064453125,0.119189453125,,0.0002611699860514937,17.505945205688477
2507,1,0.0576171875,0.114794921875,,0.00026100820767251977,18.255891799926758
2508,1,0.09814453125,0.11630859375,,0.0002608464246747065,18.50726890563965
2509,1,0.068359375,0.10830078125,,0.0002606846371259349,17.755577087402344
2510,1,0.1513671875,0.11201171875,,0.00026052284509408804,25.884910583496094
2511,1,0.1005859375,0.11298828125,,0.00026036104864705077,18.50657081604004
2512,1,0.0703125,0.10595703125,,0.00026019924785271,18.50579833984375
2513,1,0.05712890625,0.098095703125,,0.0002600374427789543,20.3812198638916
2514,1,0.068359375,0.09501953125,,0.0002598756334936741,14.505311012268066
2515,1,0.09619140625,0.087451171875,,0.0002597138200647615,18.00592803955078
2516,1,0.1318359375,0.089990234375,,0.0002595520025601104,21.38227653503418
2517,1,0.06298828125,0.09052734375,,0.0002593901810476165,17.00580596923828
2518,1,0.0693359375,0.087646484375,,0.000259228355595177,22.381650924682617
2519,1,0.10107421875,0.09091796875,,0.00025906652627069105,21.88169288635254
2520,1,0.07373046875,0.083154296875,,0.00025890469314205895,20.881078720092773
2521,1,0.1640625,0.089501953125,,0.00025874285627718307,17.256778717041016
2522,1,0.048095703125,0.0872802734375,,0.0002585810157439671,22.13142204284668
2523,1,0.09619140625,0.0911865234375,,0.00025841917161031636,18.506717681884766
2524,1,0.09326171875,0.0936767578125,,0.00025825732394413754,19.005674362182617
2525,1,0.10986328125,0.0950439453125,,0.000258095472813339,14.256390571594238
2526,1,0.0791015625,0.0897705078125,,0.00025793361828583037,22.256608963012695
2527,1,0.06640625,0.0901123046875,,0.00025777176042952307,9.941893577575684
2528,1,0.123046875,0.0954833984375,,0.0002576098993123293,23.75748062133789
2529,1,0.0859375,0.0939697265625,,0.0002574480350021632,23.006542205810547
2530,1,0.07275390625,0.0938720703125,,0.00025728616756693994,5.883557319641113
2531,1,0.10205078125,0.0876708984375,,0.00025712429707457605,21.25649070739746
2532,1,0.06884765625,0.08974609375,,0.0002569624235929896,20.3809871673584
2533,1,0.11767578125,0.09189453125,,0.00025680054719009945,14.942688941955566
2534,1,0.0634765625,0.088916015625,,0.000256638667933826,18.13175392150879
2535,1,0.072265625,0.08515625,,0.0002564767858920909,20.25700569152832
2536,1,0.0556640625,0.0828125,,0.00025631490113281664,17.38025665283203
2537,1,0.0927734375,0.08544921875,,0.0002561530137239272,18.630922317504883
2538,1,0.06103515625,0.079248046875,,0.00025599112373334747,21.006155014038086
2539,1,0.1015625,0.080810546875,,0.0002558292312290036,14.506464958190918
2540,1,0.1171875,0.08525390625,,0.0002556673362788225,21.256250381469727
2541,1,0.1396484375,0.089013671875,,0.0002555054389507324,20.506290435791016
2542,1,0.12060546875,0.094189453125,,0.0002553435393126624,18.507089614868164
2543,1,0.07861328125,0.090283203125,,0.00025518163743254256,14.505678176879883
2544,1,0.1337890625,0.097314453125,,0.00025501973337830393,15.381390571594238
2545,1,0.1171875,0.101806640625,,0.0002548578272178784,21.381420135498047
2546,1,0.11474609375,0.10771484375,,0.0002546959190191988,21.256216049194336
2547,1,0.12890625,0.111328125,,0.0002545340088501988,17.63097381591797
2548,1,0.0810546875,0.113330078125,,0.0002543720967788129,21.882099151611328
2549,1,0.0859375,0.111767578125,,0.0002542101828729764,19.00678825378418
2550,1,0.0869140625,0.108740234375,,0.0002540482672006254,23.63218116760254
2551,1,0.1298828125,0.107763671875,,0.00025388634982969667,18.005578994750977
2552,1,0.057861328125,0.1014892578125,,0.0002537244308281277,17.256013870239258
2553,1,0.0703125,0.1006591796875,,0.00025356251026385687,15.005544662475586
2554,1,0.08544921875,0.0958251953125,,0.0002534005882048228,23.257474899291992
2555,1,0.053466796875,0.089453125,,0.0002532386647189651,21.257081985473633
2556,1,0.052734375,0.083251953125,,0.0002530767398742238,13.56786060333252
2557,1,0.080078125,0.078369140625,,0.0002529148137385397,13.567787170410156
2558,1,0.1943359375,0.089697265625,,0.00025275288637985387,22.508790969848633
2559,1,0.053955078125,0.0864990234375,,0.000252590957866108,22.1314640045166
2560,1,0.1259765625,0.0904052734375,,0.00025242902826524434,11.31763744354248
2561,1,0.06591796875,0.0840087890625,,0.0002522670976452056,18.255931854248047
2562,1,0.1357421875,0.091796875,,0.0002521051660739348,21.131729125976562
2563,1,0.06689453125,0.091455078125,,0.00025194323361937544,19.380748748779297
2564,1,0.08251953125,0.091162109375,,0.0002517813003494713,18.6309814453125
2565,1,0.1025390625,0.0960693359375,,0.00025161936633216655,23.132051467895508
2566,1,0.057861328125,0.09658203125,,0.00025145743163540587,21.132164001464844
2567,1,0.08984375,0.09755859375,,0.0002512954963271339,19.756092071533203
2568,1,0.11083984375,0.089208984375,,0.0002511335604752958,18.50623893737793
2569,1,0.05322265625,0.0891357421875,,0.0002509716241478367,18.129846572875977
2570,1,0.09326171875,0.0858642578125,,0.00025080968741270223,21.13148307800293
2571,1,0.0888671875,0.0881591796875,,0.0002506477503378379,21.507036209106445
2572,1,0.1572265625,0.0903076171875,,0.0002504858129911896,19.88322639465332
2573,1,0.08544921875,0.0921630859375,,0.00025032387544070316,20.880640029907227
2574,1,0.09765625,0.0936767578125,,0.0002501619377543246,23.383102416992188
2575,1,0.1650390625,0.0999267578125,,0.00025,11.444600105285645
2576,1,0.1064453125,0.10478515625,,0.00024983806224567536,19.131092071533203
2577,1,0.10498046875,0.106298828125,,0.00024967612455929685,19.1315860748291
2578,1,0.1201171875,0.1072265625,,0.0002495141870088104,16.756694793701172
2579,1,0.0947265625,0.111376953125,,0.0002493522496621622,17.5067138671875
2580,1,0.048583984375,0.1069091796875,,0.00024919031258729783,13.318306922912598
2581,1,0.0634765625,0.1043701171875,,0.0002490283758521633,22.631744384765625
2582,1,0.06201171875,0.0948486328125,,0.00024886643952470427,23.132173538208008
2583,1,0.107421875,0.0970458984375,,0.0002487045036728661,16.130895614624023
2584,1,0.05419921875,0.0927001953125,,0.00024854256836459425,8.943765640258789
2585,1,0.07958984375,0.0841552734375,,0.0002483806336678335,12.441842079162598
2586,1,0.053955078125,0.07890625,,0.0002482186996505288,19.505083084106445
2587,1,0.09326171875,0.077734375,,0.0002480567663806247,19.13093376159668
2588,1,0.06494140625,0.072216796875,,0.0002478948339260652,18.756309509277344
2589,1,0.150390625,0.077783203125,,0.0002477329023547945,21.25687599182129
2590,1,0.11669921875,0.0845947265625,,0.0002475709717347557,16.25640296936035
2591,1,0.06201171875,0.0844482421875,,0.00024740904213389205,16.50513458251953
2592,1,0.20703125,0.0989501953125,,0.00024724711362014625,21.257709503173828
2593,1,0.099609375,0.0981689453125,,0.0002470851862614603,16.005340576171875
2594,1,0.0810546875,0.1008544921875,,0.0002469232601257762,20.131103515625
2595,1,0.07763671875,0.1006591796875,,0.00024676133528103494,18.755678176879883
2596,1,0.0625,0.101513671875,,0.00024659941179517724,11.066765785217285
2597,1,0.058349609375,0.0980224609375,,0.00024643748973614325,13.068185806274414
2598,1,0.06787109375,0.0983154296875,,0.0002462755691718723,17.880521774291992
2599,1,0.125,0.0957763671875,,0.00024611365017030334,16.13071060180664
2600,1,0.0888671875,0.0929931640625,,0.0002459517327993746,23.881982803344727
2601,1,0.087890625,0.0955810546875,,0.0002457898171270236,21.257022857666016
2602,1,0.058837890625,0.08076171875,,0.0002456279032211872,17.131181716918945
2603,1,0.0654296875,0.07734375,,0.0002454659911498013,10.817761421203613
2604,1,0.083984375,0.07763671875,,0.0002453040809808013,16.756725311279297
2605,1,0.09130859375,0.07900390625,,0.0002451421727821217,11.570392608642578
2606,1,0.0869140625,0.0814453125,,0.0002449802666216961,17.005760192871094
2607,1,0.06787109375,0.0823974609375,,0.0002448183625674575,13.380642890930176
2608,1,0.05322265625,0.0809326171875,,0.0002446564606873376,17.505443572998047
2609,1,0.06640625,0.0750732421875,,0.00024449456104926753,18.630416870117188
2610,1,0.0634765625,0.0725341796875,,0.0002443326637211775,15.44228458404541
2611,1,0.046142578125,0.068359375,,0.0002441707687709964,24.006959915161133
2612,1,0.083984375,0.0708740234375,,0.0002440088762666525,20.00608253479004
2613,1,0.07177734375,0.0715087890625,,0.0002438469862760728,19.005950927734375
2614,1,0.068359375,0.0699462890625,,0.00024368509886718334,23.75815200805664
2615,1,0.11474609375,0.0722900390625,,0.0002435232141079092,18.881460189819336
2616,1,0.06494140625,0.0700927734375,,0.00024336133206617403,11.81709098815918
2617,1,0.05126953125,0.0684326171875,,0.00024319945280990065,16.880155563354492
2618,1,0.07373046875,0.0704833984375,,0.00024303757640701043,13.691527366638184
2619,1,0.08544921875,0.0723876953125,,0.00024287570292542388,21.256906509399414
2620,1,0.09228515625,0.0752685546875,,0.00024271383243306015,17.380733489990234
2621,1,0.09033203125,0.0796875,,0.00024255196499783685,18.88054084777832
2622,1,0.1025390625,0.08154296875,,0.0002423901006876707,19.6328067779541
2623,1,0.0576171875,0.080126953125,,0.00024222823957047702,19.256059646606445
2624,1,0.10009765625,0.08330078125,,0.00024206638171416956,22.632219314575195
2625,1,0.056396484375,0.0774658203125,,0.00024190452718666109,17.255285263061523
2626,1,0.11474609375,0.0824462890625,,0.00024174267605586253,13.818007469177246
2627,1,0.20703125,0.0980224609375,,0.00024158082838968365,15.194015502929688
2628,1,0.111328125,0.1017822265625,,0.00024141898425603296,17.00604248046875
2629,1,0.10009765625,0.1032470703125,,0.00024125714372281697,13.567427635192871
2630,1,0.08251953125,0.1022705078125,,0.00024109530685794108,14.567425727844238
2631,1,0.115234375,0.1047607421875,,0.00024093347372930901,22.50762176513672
2632,1,0.0849609375,0.1030029296875,,0.00024077164440482294,19.130294799804688
2633,1,0.0830078125,0.1055419921875,,0.00024060981895238358,16.62969970703125
2634,1,0.08154296875,0.1036865234375,,0.00024044799743988963,23.756723403930664
2635,1,0.06298828125,0.104345703125,,0.00024028617993523857,19.880970001220703
2636,1,0.0947265625,0.10234375,,0.00024012436650632595,21.756803512573242
2637,1,0.06640625,0.08828125,,0.00023996255722104565,14.191692352294922
2638,1,0.1005859375,0.08720703125,,0.00023980075214729004,15.755459785461426
2639,1,0.11474609375,0.088671875,,0.00023963895135294924,15.693126678466797
2640,1,0.1083984375,0.091259765625,,0.00023947715490591203,19.75714683532715
2641,1,0.126953125,0.092431640625,,0.00023931536287406514,21.006019592285156
2642,1,0.072265625,0.091162109375,,0.0002391535753252935,21.630578994750977
2643,1,0.08349609375,0.0912109375,,0.00023899179232748024,21.507028579711914
2644,1,0.166015625,0.099658203125,,0.00023883001394850635,23.507734298706055
2645,1,0.08251953125,0.101611328125,,0.0002386682402562512,19.88134765625
2646,1,0.049072265625,0.0970458984375,,0.0002385064713185919,12.317346572875977
2647,1,0.09033203125,0.0994384765625,,0.0002383447072034037,22.256492614746094
2648,1,0.09375,0.0987548828125,,0.00023818294797855994,15.381152153015137
2649,1,0.07568359375,0.0948486328125,,0.00023802119371193163,19.88129997253418
2650,1,0.07275390625,0.0912841796875,,0.000237859444471388,16.255489349365234
2651,1,0.0634765625,0.0849365234375,,0.00023769770032479586,17.757247924804688
2652,1,0.038818359375,0.081591796875,,0.00023753596134002018,18.6314754486084
2653,1,0.10595703125,0.083837890625,,0.00023737422758492364,18.630956649780273
2654,1,0.09423828125,0.07666015625,,0.0002372124991273666,22.007022857666016
2655,1,0.07763671875,0.076171875,,0.00023705077603520738,18.756101608276367
2656,1,0.11962890625,0.0832275390625,,0.0002368890583763021,13.50479507446289
2657,1,0.05810546875,0.0800048828125,,0.0002367273462185043,15.692489624023438
2658,1,0.09765625,0.0803955078125,,0.00023656563962966555,18.88189697265625
2659,1,0.06787109375,0.0796142578125,,0.00023640393867763477,17.631099700927734
2660,1,0.1474609375,0.0870849609375,,0.00023624224343025876,20.632368087768555
2661,1,0.09130859375,0.0898681640625,,0.00023608055395538195,19.505714416503906
2662,1,0.072265625,0.093212890625,,0.00023591887032084604,15.442862510681152
2663,1,0.08349609375,0.090966796875,,0.00023575719259449072,21.13201332092285
2664,1,0.0732421875,0.0888671875,,0.00023559552084415268,17.505603790283203
2665,1,0.07763671875,0.0888671875,,0.00023543385513766655,19.25613021850586
2666,1,0.09716796875,0.08662109375,,0.00023527219554286426,21.256872177124023
2667,1,0.10205078125,0.091015625,,0.0002351105421275751,23.257925033569336
2668,1,0.1123046875,0.09248046875,,0.00023494889495962598,17.131357192993164
2669,1,0.051025390625,0.0907958984375,,0.00023478725410684085,16.131418228149414
2670,1,0.05859375,0.0819091796875,,0.00023462561963704133,16.254684448242188
2671,1,0.10498046875,0.0832763671875,,0.00023446399161804624,18.7570743560791
2672,1,0.07421875,0.0834716796875,,0.00023430237011767165,17.131147384643555
2673,1,0.0208740234375,0.07720947265625,,0.00023414075520373107,20.00660514831543
2674,1,0.06884765625,0.07677001953125,,0.00023397914694403492,18.755468368530273
2675,1,0.06689453125,0.07569580078125,,0.00023381754540639107,15.25570297241211
2676,1,0.0732421875,0.07330322265625,,0.00023365595065860464,15.880348205566406
2677,1,0.09814453125,0.07291259765625,,0.0002334943627684777,21.38127326965332
2678,1,0.057861328125,0.06746826171875,,0.00023333278180380962,19.88166618347168
2679,1,0.11279296875,0.07364501953125,,0.0002331712078323965,15.756107330322266
2680,1,0.126953125,0.08048095703125,,0.00023300964092203206,18.50685691833496
2681,1,0.068359375,0.07681884765625,,0.0002328480811405068,20.631484985351562
2682,1,0.08642578125,0.07803955078125,,0.00023268652855560796,20.3811092376709
2683,1,0.0791015625,0.0838623046875,,0.00023252498323512012,18.006832122802734
2684,1,0.1220703125,0.0891845703125,,0.00023236344524682476,11.067131042480469
2685,1,0.05224609375,0.0877197265625,,0.00023220191465850014,12.754749298095703
2686,1,0.06787109375,0.0871826171875,,0.0002320403915379216,13.567506790161133
2687,1,0.0703125,0.0843994140625,,0.00023187887595286106,6.446411609649658
2688,1,0.08837890625,0.087451171875,,0.00023171736797108756,15.630705833435059
2689,1,0.08984375,0.08515625,,0.0002315558676603669,18.506412506103516
2690,1,0.055908203125,0.0780517578125,,0.00023139437508846154,16.880475997924805
2691,1,0.1474609375,0.0859619140625,,0.00023123289032313086,20.881263732910156
2692,1,0.06640625,0.0839599609375,,0.00023107141343213066,9.130489349365234
2693,1,0.103515625,0.0864013671875,,0.00023090994448321381,18.63207244873047
2694,1,0.08056640625,0.0822509765625,,0.0002307484835441297,21.50724220275879
2695,1,0.10595703125,0.0876220703125,,0.0002305870306826242,22.008405685424805
2696,1,0.1357421875,0.0944091796875,,0.00023042558596644011,21.008825302124023
2697,1,0.076171875,0.0949951171875,,0.00023026414946331647,18.130672454833984
2698,1,0.0927734375,0.0954345703125,,0.0002301027212409891,11.56975269317627
2699,1,0.1376953125,0.1002197265625,,0.00022994130136719043,21.382530212402344
2700,1,0.10302734375,0.104931640625,,0.00022977988990964898,21.131349563598633
2701,1,0.1259765625,0.102783203125,,0.00022961848693609017,18.506484985351562
2702,1,0.140625,0.110205078125,,0.0002294570925142356,18.632741928100586
2703,1,0.06005859375,0.105859375,,0.0002292957067118034,18.25602912902832
2704,1,0.068359375,0.104638671875,,0.0002291343295965082,21.006938934326172
2705,1,0.130859375,0.10712890625,,0.00022897296123606059,19.382240295410156
2706,1,0.1474609375,0.10830078125,,0.00022881160169816792,21.131752014160156
2707,1,0.0888671875,0.1095703125,,0.00022865025105053353,20.005563735961914
2708,1,0.126953125,0.11298828125,,0.0002284889093608572,21.257282257080078
2709,1,0.1259765625,0.11181640625,,0.00022832757669683505,24.007131576538086
2710,1,0.10693359375,0.11220703125,,0.00022816625312615903,19.50743293762207
2711,1,0.1552734375,0.11513671875,,0.00022800493871651768,11.194845199584961
2712,1,0.1005859375,0.1111328125,,0.00022784363353559538,18.880218505859375
2713,1,0.0888671875,0.114013671875,,0.00022768233765107295,19.13140869140625
2714,1,0.201171875,0.127294921875,,0.0002275210511306271,15.130024909973145
2715,1,0.0908203125,0.123291015625,,0.00022735977404193057,21.383092880249023
2716,1,0.05419921875,0.11396484375,,0.0002271985064526523,19.005664825439453
2717,1,0.12158203125,0.117236328125,,0.00022703724843045728,21.256446838378906
2718,1,0.04736328125,0.10927734375,,0.00022687600004300617,17.130290985107422
2719,1,0.06396484375,0.103076171875,,0.00022671476135795597,16.755596160888672
2720,1,0.04638671875,0.097021484375,,0.0002265535324429593,20.881479263305664
2721,1,0.1181640625,0.093310546875,,0.00022639231336566486,23.632535934448242
2722,1,0.10693359375,0.0939453125,,0.00022623110419371734,18.130739212036133
2723,1,0.09375,0.09443359375,,0.00022606990499475686,20.382892608642578
2724,1,0.08740234375,0.083056640625,,0.00022590871583641977,18.25798797607422
2725,1,0.059326171875,0.0799072265625,,0.000225747536786338,12.316438674926758
2726,1,0.140625,0.0885498046875,,0.00022558636791213926,18.506025314331055
2727,1,0.10546875,0.0869384765625,,0.00022542520928144717,18.130861282348633
2728,1,0.0556640625,0.0877685546875,,0.00022526406096188062,14.130125999450684
2729,1,0.053466796875,0.08671875,,0.0002251029230210547,13.067073822021484
2730,1,0.06298828125,0.08837890625,,0.00022494179552657976,18.13037109375
2731,1,0.04541015625,0.081103515625,,0.00022478067854606192,21.756216049194336
2732,1,0.07763671875,0.078173828125,,0.00022461957214710296,15.630836486816406
2733,1,0.0703125,0.075830078125,,0.00022445847639730002,23.13179588317871
2734,1,0.11181640625,0.078271484375,,0.00022429739136424603,15.568851470947266
2735,1,0.0908203125,0.0814208984375,,0.0002241363171155291,17.131195068359375
2736,1,0.068359375,0.0741943359375,,0.00022397525371873307,20.506572723388672
2737,1,0.076171875,0.0712646484375,,0.0002238142012414372,23.632678985595703
2738,1,0.10546875,0.0762451171875,,0.000223653159751216,15.130725860595703
2739,1,0.0654296875,0.07744140625,,0.0002234921293156397,19.75631332397461
2740,1,0.1611328125,0.087255859375,,0.0002233311100022734,18.757949829101562
2741,1,0.06591796875,0.089306640625,,0.00022317010187867799,22.757797241210938
2742,1,0.06787109375,0.088330078125,,0.00022300910501240947,21.13103675842285
2743,1,0.042236328125,0.0855224609375,,0.0002228481194710191,19.880983352661133
2744,1,0.06884765625,0.0812255859375,,0.0002226871453220534,15.693981170654297
2745,1,0.09326171875,0.0814697265625,,0.00022252618263305429,21.132328033447266
2746,1,0.0673828125,0.0813720703125,,0.00022236523147155845,15.442880630493164
2747,1,0.10107421875,0.0838623046875,,0.00022220429190509833,16.755796432495117
2748,1,0.0625,0.0795654296875,,0.0002220433640012009,16.756155014038086
2749,1,0.06298828125,0.0793212890625,,0.00022188244782738858,20.63274574279785
2750,1,0.07568359375,0.0707763671875,,0.00022172154345117894,21.381114959716797
2751,1,0.07421875,0.0716064453125,,0.00022156065094008432,14.256396293640137
2752,1,0.08447265625,0.0732666015625,,0.00022139977036161242,21.131513595581055
2753,1,0.1171875,0.08076171875,,0.00022123890178326545,13.754910469055176
2754,1,0.0810546875,0.081982421875,,0.00022107804527254105,21.50600242614746
2755,1,0.08740234375,0.081396484375,,0.00022091720089693168,18.381061553955078
2756,1,0.08154296875,0.0828125,,0.00022075636872392453,14.505489349365234
2757,1,0.068359375,0.079541015625,,0.00022059554882100196,18.630489349365234
2758,1,0.052734375,0.078564453125,,0.00022043474125564078,19.131189346313477
2759,1,0.07666015625,0.079931640625,,0.00022027394609531298,16.63088607788086
2760,1,0.10498046875,0.082861328125,,0.0002201131634074853,24.510366439819336
2761,1,0.06201171875,0.081640625,,0.000219952393259619,20.755592346191406
2762,1,0.107421875,0.083935546875,,0.00021979163571917047,21.506772994995117
2763,1,0.1123046875,0.083447265625,,0.0002196308908535903,21.256866455078125
2764,1,0.09716796875,0.08505859375,,0.0002194701587303242,15.444070816040039
2765,1,0.0615234375,0.082470703125,,0.00021930943941681253,12.19184684753418
2766,1,0.055908203125,0.0799072265625,,0.00021914873298048987,18.38119125366211
2767,1,0.059326171875,0.07900390625,,0.00021898803948878584,21.630550384521484
2768,1,0.099609375,0.08369140625,,0.00021882735900912432,11.00350284576416
2769,1,0.057861328125,0.0818115234375,,0.00021866669160892392,18.755603790283203
2770,1,0.1376953125,0.0850830078125,,0.00021850603735559777,14.317610740661621
2771,1,0.1552734375,0.0944091796875,,0.00021834539631655322,8.383519172668457
2772,1,0.11279296875,0.0949462890625,,0.00021818476855919245,24.632951736450195
2773,1,0.0986328125,0.0935791015625,,0.00021802415415091175,23.008268356323242
2774,1,0.056396484375,0.089501953125,,0.00021786355315910196,16.12954330444336
2775,1,0.13671875,0.097021484375,,0.00021770296565114846,21.75660514831543
2776,1,0.08056640625,0.0994873046875,,0.0002175423916944305,12.754236221313477
2777,1,0.12255859375,0.105810546875,,0.0002173818313563221,18.505584716796875
2778,1,0.08935546875,0.10478515625,,0.00021722128470419143,16.005029678344727
2779,1,0.1328125,0.1122802734375,,0.0002170607518054007,16.880922317504883
2780,1,0.07177734375,0.1056884765625,,0.00021690023272730681,18.005632400512695
2781,1,0.09130859375,0.0992919921875,,0.0002167397275372602,13.880330085754395
2782,1,0.08642578125,0.0966552734375,,0.00021657923630260617,15.068108558654785
2783,1,0.07861328125,0.0946533203125,,0.0002164187590906839,16.130001068115234
2784,1,0.0751953125,0.096533203125,,0.0002162582959688264,22.005910873413086
2785,1,0.0986328125,0.092724609375,,0.00021609784700436118,23.13275146484375
2786,1,0.11376953125,0.096044921875,,0.0002159374122646096,24.632652282714844
2787,1,0.0732421875,0.09111328125,,0.00021577699181688707,18.5056095123291
2788,1,0.08056640625,0.090234375,,0.00021561658572850318,24.758264541625977
2789,1,0.1044921875,0.08740234375,,0.00021545619406676108,19.006269454956055
2790,1,0.154296875,0.095654296875,,0.0002152958168989584,18.506006240844727
2791,1,0.0927734375,0.09580078125,,0.00021513545429238619,23.88198471069336
2792,1,0.0625,0.093408203125,,0.00021497510631432977,18.506380081176758
2793,1,0.10107421875,0.095654296875,,0.0002148147730320682,20.506742477416992
2794,1,0.08056640625,0.09619140625,,0.0002146544545128742,22.13230323791504
2795,1,0.1396484375,0.10029296875,,0.00021449415082401454,16.005868911743164
2796,1,0.07177734375,0.09609375,,0.00021433386203274964,15.6924409866333
2797,1,0.060546875,0.09482421875,,0.0002141735882063337,14.317289352416992
2798,1,0.078125,0.094580078125,,0.0002140133294120147,18.130598068237305
2799,1,0.0654296875,0.090673828125,,0.00021385308571703415,17.505956649780273
2800,1,0.055419921875,0.0807861328125,,0.0002136928571886275,18.506818771362305
2801,1,0.10791015625,0.0822998046875,,0.00021353264389402344,21.2578182220459
2802,1,0.059814453125,0.08203125,,0.00021337244590044458,21.88065528869629
2803,1,0.07666015625,0.07958984375,,0.00021321226327510712,21.757007598876953
2804,1,0.12353515625,0.08388671875,,0.00021305209608522057,18.505977630615234
2805,1,0.059326171875,0.0758544921875,,0.00021289194439798816,13.317337036132812
2806,1,0.10009765625,0.0786865234375,,0.00021273180828060672,19.131200790405273
2807,1,0.05810546875,0.0784423828125,,0.00021257168780026612,10.19356918334961
2808,1,0.06640625,0.0772705078125,,0.0002124115830241501,15.568124771118164
2809,1,0.1318359375,0.0839111328125,,0.0002122514940194356,18.380090713500977
2810,1,0.031982421875,0.0815673828125,,0.000212091420853293,9.816848754882812
2811,1,0.04638671875,0.0754150390625,,0.00021193136359288613,24.382165908813477
2812,1,0.08837890625,0.078271484375,,0.00021177132230537185,19.63158416748047
2813,1,0.05419921875,0.076025390625,,0.00021161129705790066,17.131418228149414
2814,1,0.050537109375,0.0687255859375,,0.00021145128791761608,18.131059646606445
2815,1,0.04248046875,0.067041015625,,0.00021129129495165507,14.316290855407715
2816,1,0.0908203125,0.06611328125,,0.00021113131822714766,18.630939483642578
2817,1,0.052001953125,0.0655029296875,,0.00021097135781121708,17.25525665283203
2818,1,0.03125,0.0619873046875,,0.00021081141377097987,23.631628036499023
2819,1,0.10546875,0.0593505859375,,0.0002106514861735454,20.381561279296875
2820,1,0.08935546875,0.065087890625,,0.00021049157508601642,20.13205909729004
2821,1,0.055419921875,0.0659912109375,,0.0002103316805754887,19.880563735961914
2822,1,0.0849609375,0.0656494140625,,0.00021017180270905083,21.131572723388672
2823,1,0.0859375,0.0688232421875,,0.00021001194155378488,18.505678176879883
2824,1,0.10986328125,0.074755859375,,0.00020985209717676534,17.130826950073242
2825,1,0.115234375,0.08203125,,0.00020969226964506006,20.256113052368164
2826,1,0.1689453125,0.08984375,,0.00020953245902572974,22.50833511352539
2827,1,0.111328125,0.0957763671875,,0.00020937266538582783,23.506866455078125
2828,1,0.10302734375,0.1029541015625,,0.000209212888792401,20.50613021850586
2829,1,0.06689453125,0.0990966796875,,0.00020905312931248824,14.379898071289062
2830,1,0.08642578125,0.0988037109375,,0.00020889338701312183,16.13018035888672
2831,1,0.099609375,0.10322265625,,0.0002087336619613267,15.256958961486816
2832,1,0.08935546875,0.103662109375,,0.0002085739542241204,16.506322860717773
2833,1,0.1259765625,0.107666015625,,0.0002084142638685134,22.883169174194336
2834,1,0.109375,0.1076171875,,0.0002082545909615089,17.130634307861328
2835,1,0.060546875,0.1021484375,,0.00020809493557010249,23.507375717163086
2836,1,0.111328125,0.09638671875,,0.0002079352977612828,23.00726890563965
2837,1,0.08349609375,0.093603515625,,0.0002077756776020307,19.381166458129883
2838,1,0.0927734375,0.092578125,,0.00020761607515931994,18.755529403686523
2839,1,0.056396484375,0.0915283203125,,0.00020745649050011677,22.75649070739746
2840,1,0.056640625,0.0885498046875,,0.00020729692369137988,19.631166458129883
2841,1,0.09228515625,0.0878173828125,,0.0002071373748000607,21.132854461669922
2842,1,0.095703125,0.0884521484375,,0.00020697784389310276,14.444599151611328
2843,1,0.09375,0.0852294921875,,0.00020681833103744233,18.130361557006836
2844,1,0.125,0.0867919921875,,0.0002066588363000081,23.507801055908203
2845,1,0.12255859375,0.0929931640625,,0.00020649935974772105,21.256866455078125
2846,1,0.057861328125,0.087646484375,,0.0002063399014474947,22.006282806396484
2847,1,0.10205078125,0.089501953125,,0.00020618046146623462,21.255983352661133
2848,1,0.0966796875,0.089892578125,,0.00020602103987083883,21.00618553161621
2849,1,0.080078125,0.0922607421875,,0.00020586163672819797,19.756879806518555
2850,1,0.04931640625,0.0915283203125,,0.00020570225210519432,23.132369995117188
2851,1,0.0576171875,0.0880615234375,,0.00020554288606870288,21.256149291992188
2852,1,0.10400390625,0.0888916015625,,0.00020538353868559058,16.5067081451416
2853,1,0.0654296875,0.0860595703125,,0.0002052242100227167,22.006113052368164
2854,1,0.05615234375,0.0791748046875,,0.00020506490014693263,22.63212013244629
2855,1,0.0859375,0.0755126953125,,0.00020490560912508166,19.755708694458008
2856,1,0.06640625,0.0763671875,,0.00020474633702399954,19.25529670715332
2857,1,0.061279296875,0.0722900390625,,0.00020458708391051368,16.005807876586914
2858,1,0.068359375,0.0694580078125,,0.00020442784985144386,20.506589889526367
2859,1,0.11083984375,0.0725341796875,,0.00020426863491360183,15.256178855895996
2860,1,0.052734375,0.0728759765625,,0.00020410943916379098,22.756694793701172
2861,1,0.07080078125,0.0741943359375,,0.00020395026266880709,15.506454467773438
2862,1,0.07373046875,0.0711669921875,,0.00020379110549543751,12.005606651306152
2863,1,0.048583984375,0.069482421875,,0.00020363196771046172,18.380451202392578
2864,1,0.07861328125,0.071728515625,,0.00020347284938065108,17.63042640686035
2865,1,0.142578125,0.077392578125,,0.00020331375057276843,23.25678825378418
2866,1,0.11572265625,0.08232421875,,0.0002031546713535688,18.881359100341797
2867,1,0.08740234375,0.0849365234375,,0.00020299561178979903,22.507095336914062
2868,1,0.054443359375,0.083544921875,,0.00020283657194819732,12.066926002502441
2869,1,0.123046875,0.084765625,,0.000202677551895494,22.256643295288086
2870,1,0.09375,0.0888671875,,0.00020251855169841078,19.006319046020508
2871,1,0.052001953125,0.0869873046875,,0.00020235957142366128,22.88199806213379
2872,1,0.057861328125,0.085400390625,,0.0002022006111379508,18.63063621520996
2873,1,0.07861328125,0.0884033203125,,0.00020204167090797585,15.381082534790039
2874,1,0.06396484375,0.0869384765625,,0.00020188275080042497,21.13046646118164
2875,1,0.0830078125,0.0809814453125,,0.00020172385088197803,18.756439208984375
2876,1,0.0693359375,0.0763427734375,,0.0002015649712193065,20.006072998046875
2877,1,0.0634765625,0.0739501953125,,0.00020140611187907342,20.131006240844727
2878,1,0.06201171875,0.07470703125,,0.00020124727292793304,10.504720687866211
2879,1,0.08154296875,0.070556640625,,0.00020108845443253138,18.50678062438965
2880,1,0.087890625,0.069970703125,,0.00020092965645950565,17.756967544555664
2881,1,0.09814453125,0.0745849609375,,0.00020077087907548452,17.25596046447754
2882,1,0.1376953125,0.082568359375,,0.00020061212234708819,18.381587982177734
2883,1,0.0810546875,0.0828125,,0.0002004533863409278,19.256500244140625
2884,1,0.138671875,0.090283203125,,0.00020029467112360624,18.506359100341797
2885,1,0.043212890625,0.0863037109375,,0.0002001359767617173,18.631174087524414
2886,1,0.02685546875,0.0820556640625,,0.00019997730332184626,21.131311416625977
2887,1,0.0576171875,0.0814697265625,,0.0001998186508705696,12.94174861907959
2888,1,0.06201171875,0.0814697265625,,0.00019966001947445481,15.255387306213379
2889,1,0.06396484375,0.0797119140625,,0.00019950140920006087,21.256181716918945
2890,1,0.07568359375,0.0784912109375,,0.0001993428201139375,20.131229400634766
2891,1,0.07763671875,0.0764404296875,,0.0001991842522826258,19.881465911865234
2892,1,0.06298828125,0.0689697265625,,0.000199025705772658,21.506391525268555
2893,1,0.0810546875,0.0689697265625,,0.0001988671806505571,21.13172721862793
2894,1,0.052001953125,0.060302734375,,0.00019870867698283735,18.63187599182129
2895,1,0.1201171875,0.0679931640625,,0.00019855019483600413,18.50581169128418
2896,1,0.056396484375,0.070947265625,,0.0001983917342765533,11.692595481872559
2897,1,0.072265625,0.072412109375,,0.0001982332953709722,18.75555992126465
2898,1,0.0693359375,0.07314453125,,0.0001980748781857387,17.75535011291504
2899,1,0.04345703125,0.07109375,,0.00019791648278732178,18.380373001098633
2900,1,0.15625,0.079150390625,,0.00019775810924218125,19.25642967224121
2901,1,0.11328125,0.08271484375,,0.00019759975761676757,15.31897258758545
2902,1,0.08837890625,0.08525390625,,0.0001974414279775224,22.38182830810547
2903,1,0.0634765625,0.08349609375,,0.00019728312039087758,17.005023956298828
2904,1,0.0869140625,0.0869873046875,,0.00019712483492325623,22.00639533996582
2905,1,0.1240234375,0.0873779296875,,0.00019696657164107201,22.13200569152832
2906,1,0.12890625,0.09462890625,,0.00019680833061072917,18.256486892700195
2907,1,0.1259765625,0.1,,0.0001966501118986228,10.568070411682129
2908,1,0.06494140625,0.099560546875,,0.00019649191557113838,18.629934310913086
2909,1,0.07568359375,0.102783203125,,0.00019633374169465226,16.129850387573242
2910,1,0.06982421875,0.094140625,,0.00019617559033553128,13.00449275970459
2911,1,0.099609375,0.0927734375,,0.00019601746156013274,17.131563186645508
2912,1,0.08447265625,0.0923828125,,0.00019585935543480469,15.62995719909668
2913,1,0.10205078125,0.096240234375,,0.00019570127202588527,21.132539749145508
2914,1,0.06884765625,0.09443359375,,0.0001955432113997035,18.75743865966797
2915,1,0.08447265625,0.090478515625,,0.00019538517362257868,23.75719451904297
2916,1,0.07763671875,0.0853515625,,0.00019522715876082048,17.755992889404297
2917,1,0.04345703125,0.077099609375,,0.00019506916688072912,22.381071090698242
2918,1,0.0771484375,0.0783203125,,0.0001949111980485948,19.38178825378418
2919,1,0.07080078125,0.07783203125,,0.00019475325233069858,19.131839752197266
2920,1,0.0556640625,0.076416015625,,0.0001945953297933115,19.255538940429688
2921,1,0.08203125,0.074658203125,,0.00019443743050269474,21.506540298461914
2922,1,0.0498046875,0.07119140625,,0.00019427955452510013,20.130464553833008
2923,1,0.050048828125,0.0659912109375,,0.00019412170192676932,17.506196975708008
2924,1,0.057373046875,0.06484375,,0.00019396387277393444,15.692638397216797
2925,1,0.0400390625,0.060400390625,,0.00019380606713281773,14.066951751708984
2926,1,0.05078125,0.05771484375,,0.00019364828506963127,13.94342041015625
2927,1,0.05517578125,0.05888671875,,0.00019349052665057771,13.253852844238281
2928,1,0.0810546875,0.05927734375,,0.00019333279194184947,12.004999160766602
2929,1,0.076171875,0.059814453125,,0.00019317508100962904,17.880979537963867
2930,1,0.09716796875,0.06396484375,,0.0001930173939200892,16.631126403808594
2931,1,0.054443359375,0.0612060546875,,0.00019285973073939229,13.817111015319824
2932,1,0.0625,0.0624755859375,,0.00019270209153369092,15.129698753356934
2933,1,0.0751953125,0.064990234375,,0.00019254447636912766,11.254334449768066
2934,1,0.0947265625,0.0687255859375,,0.00019238688531183478,20.13150405883789
2935,1,0.0419921875,0.0689208984375,,0.00019222931842793474,19.629976272583008
2936,1,0.047119140625,0.0685546875,,0.00019207177578353947,13.692760467529297
2937,1,0.0703125,0.070068359375,,0.00019191425744475102,14.13074016571045
2938,1,0.08935546875,0.0708984375,,0.00019175676347766129,15.755443572998047
2939,1,0.03173828125,0.066455078125,,0.00019159929394835156,12.253625869750977
2940,1,0.0859375,0.06533203125,,0.00019144184892289337,20.5063419342041
2941,1,0.05126953125,0.0650146484375,,0.00019128442846734755,11.692014694213867
2942,1,0.032470703125,0.06201171875,,0.00019112703264776486,18.755373001098633
2943,1,0.11767578125,0.066259765625,,0.0001909696615301858,22.007333755493164
2944,1,0.078125,0.064599609375,,0.0001908123151806401,20.631568908691406
2945,1,0.12255859375,0.07265625,,0.00019065499366514757,15.94365119934082
2946,1,0.05126953125,0.0730712890625,,0.0001904976970497173,21.256465911865234
2947,1,0.0791015625,0.0739501953125,,0.00019034042540034803,18.75624656677246
2948,1,0.0615234375,0.0711669921875,,0.00019018317878302814,23.5064697265625
2949,1,0.0966796875,0.0776611328125,,0.00019002595726373524,17.129905700683594
2950,1,0.1025390625,0.0793212890625,,0.00018986876090843667,23.632232666015625
2951,1,0.0654296875,0.0807373046875,,0.00018971158978308897,19.131244659423828
2952,1,0.10302734375,0.08779296875,,0.0001895544439536383,19.005355834960938
2953,1,0.031982421875,0.0792236328125,,0.00018939732348602023,21.88115882873535
2954,1,0.0625,0.0776611328125,,0.0001892402284461594,11.943519592285156
2955,1,0.035400390625,0.0689453125,,0.00018908315889997008,13.316828727722168
2956,1,0.07421875,0.071240234375,,0.00018892611491335584,17.13160514831543
2957,1,0.0712890625,0.070458984375,,0.0001887690965522092,12.25553035736084
2958,1,0.08203125,0.072509765625,,0.00018861210388241228,22.131267547607422
2959,1,0.06396484375,0.06923828125,,0.0001884551369698362,19.881271362304688
2960,1,0.07275390625,0.066259765625,,0.00018829819588034143,20.63203239440918
2961,1,0.07763671875,0.06748046875,,0.0001881412806797776,16.880159378051758
2962,1,0.035400390625,0.0607177734375,,0.00018798439143398327,20.13164520263672
2963,1,0.046875,0.06220703125,,0.00018782752820878634,16.630006790161133
2964,1,0.07080078125,0.063037109375,,0.00018767069107000366,22.256975173950195
2965,1,0.12890625,0.0723876953125,,0.00018751388008344117,19.00704002380371
2966,1,0.05126953125,0.0700927734375,,0.000187357095314894,23.256269454956055
2967,1,0.059814453125,0.0689453125,,0.0001872003368301459,24.631452560424805
2968,1,0.09814453125,0.070556640625,,0.00018704360469497,18.381290435791016
2969,1,0.08935546875,0.073095703125,,0.00018688689897512805,17.25503158569336
2970,1,0.05908203125,0.071728515625,,0.00018673021973637094,17.380300521850586
2971,1,0.053955078125,0.0693603515625,,0.00018657356704443839,21.505908966064453
2972,1,0.0517578125,0.07099609375,,0.00018641694096505887,18.63033676147461
2973,1,0.0947265625,0.07578125,,0.00018626034156394994,16.255403518676758
2974,1,0.08203125,0.076904296875,,0.0001861037689068176,22.881669998168945
2975,1,0.068359375,0.070849609375,,0.0001859472230593569,20.00640869140625
2976,1,0.040283203125,0.0697509765625,,0.00018579070408725166,21.631084442138672
2977,1,0.06201171875,0.069970703125,,0.0001856342120561742,18.505918502807617
2978,1,0.0654296875,0.06669921875,,0.00018547774703178582,15.630127906799316
2979,1,0.0380859375,0.061572265625,,0.00018532130907973615,16.255207061767578
2980,1,0.030517578125,0.0587158203125,,0.00018516489826566373,16.880313873291016
2981,1,0.10498046875,0.063818359375,,0.00018500851465519575,13.880643844604492
2982,1,0.111328125,0.069775390625,,0.00018485215831394767,17.75592041015625
2983,1,0.1533203125,0.075634765625,,0.00018469582930752393,23.508596420288086
2984,1,0.045654296875,0.0719970703125,,0.000184539527701517,23.75594711303711
2985,1,0.07373046875,0.0725341796875,,0.00018438325356150826,17.505617141723633
2986,1,0.095703125,0.078076171875,,0.00018422700695306762,25.132568359375
2987,1,0.049072265625,0.0767822265625,,0.000184070787941753,17.0056095123291
2988,1,0.0693359375,0.0771728515625,,0.00018391459659311104,14.129769325256348
2989,1,0.05615234375,0.0789794921875,,0.00018375843297267685,21.631372451782227
2990,1,0.1015625,0.086083984375,,0.0001836022971459737,17.38082504272461
2991,1,0.0732421875,0.08291015625,,0.00018344618917851335,13.3787260055542
2992,1,0.09375,0.08115234375,,0.00018329010913579563,18.506040573120117
2993,1,0.07080078125,0.072900390625,,0.000183134057083309,21.13191795349121
2994,1,0.07080078125,0.0754150390625,,0.00018297803308652994,23.757617950439453
2995,1,0.0888671875,0.0769287109375,,0.0001828220372109232,22.8829345703125
2996,1,0.09423828125,0.0767822265625,,0.00018266606952194186,18.630632400512695
2997,1,0.05224609375,0.077099609375,,0.0001825101300850269,21.50592803955078
2998,1,0.1494140625,0.085107421875,,0.00018235421896560766,22.631729125976562
2999,1,0.04736328125,0.084228515625,,0.0001821983362291017,22.131908416748047
3000,1,0.0576171875,0.079833984375,0.08269874373873405,0.00018204248194091428,17.005809783935547
3001,1,0.0625,0.078759765625,,0.00018188665616643924,22.132034301757812
3002,1,0.0830078125,0.077685546875,,0.00018173085897105784,19.005626678466797
3003,1,0.051513671875,0.0757568359375,,0.00018157509042013994,18.504945755004883
3004,1,0.0908203125,0.0777587890625,,0.0001814193505790432,16.756208419799805
3005,1,0.058837890625,0.074755859375,,0.00018126363951311288,16.130098342895508
3006,1,0.09033203125,0.074365234375,,0.0001811079572876827,19.88455581665039
3007,1,0.047607421875,0.0739013671875,,0.00018095230396807384,20.756359100341797
3008,1,0.028076171875,0.061767578125,,0.00018079667961959565,20.505517959594727
3009,1,0.04296875,0.061328125,,0.00018064108430754531,18.63138771057129
3010,1,0.1162109375,0.0671875,,0.0001804855180972075,15.318421363830566
3011,1,0.053955078125,0.0663330078125,,0.00018032998105385506,19.755756378173828
3012,1,0.0673828125,0.0647705078125,,0.0001801744732427484,19.75786590576172
3013,1,0.0615234375,0.065771484375,,0.0001800189947291357,22.756206512451172
3014,1,0.1298828125,0.069677734375,,0.00017986354557825295,15.319177627563477
3015,1,0.1279296875,0.0765869140625,,0.00017970812585532358,24.882326126098633
3016,1,0.05859375,0.0734130859375,,0.0001795527356255589,16.00503921508789
3017,1,0.0625,0.07490234375,,0.00017939737495415776,16.505615234375
3018,1,0.041748046875,0.07626953125,,0.0001792420439063066,17.505393981933594
3019,1,0.0654296875,0.078515625,,0.00017908674254717952,13.879908561706543
3020,1,0.04248046875,0.071142578125,,0.00017893147094193786,11.50457763671875
3021,1,0.0654296875,0.0722900390625,,0.00017877622915573091,19.00551414489746
3022,1,0.119140625,0.0774658203125,,0.00017862101725369528,23.756433486938477
3023,1,0.05419921875,0.0767333984375,,0.00017846583530095484,15.87979507446289
3024,1,0.06201171875,0.0699462890625,,0.00017831068336262112,17.50565528869629
3025,1,0.054931640625,0.062646484375,,0.00017815556150379297,17.75637435913086
3026,1,0.07275390625,0.0640625,,0.00017800046978955664,18.880678176879883
3027,1,0.0869140625,0.06650390625,,0.00017784540828498586,18.005962371826172
3028,1,0.06396484375,0.0687255859375,,0.00017769037705514136,21.006088256835938
3029,1,0.0693359375,0.0691162109375,,0.00017753537616507152,18.380268096923828
3030,1,0.0693359375,0.0718017578125,,0.00017738040567981167,17.630643844604492
3031,1,0.06396484375,0.0716552734375,,0.0001772254656643847,19.755773544311523
3032,1,0.07080078125,0.0668212890625,,0.00017707055618380058,17.1298885345459
3033,1,0.0849609375,0.0698974609375,,0.00017691567730305626,18.631301879882812
3034,1,0.0693359375,0.0706298828125,,0.00017676082908713625,11.879947662353516
3035,1,0.047119140625,0.0698486328125,,0.00017660601160101181,23.507848739624023
3036,1,0.1025390625,0.0728271484375,,0.0001764512249096416,23.382728576660156
3037,1,0.057861328125,0.069921875,,0.00017629646907797126,15.19308090209961
3038,1,0.07763671875,0.0712890625,,0.0001761417441709333,16.25517463684082
3039,1,0.05224609375,0.069580078125,,0.00017598705025344768,13.629664421081543
3040,1,0.0576171875,0.068408203125,,0.00017583238739042086,15.629959106445312
3041,1,0.04541015625,0.066552734375,,0.00017567775564674654,21.00615692138672
3042,1,0.177734375,0.07724609375,,0.00017552315508730543,18.880632400512695
3043,1,0.032958984375,0.0720458984375,,0.00017536858577696493,17.755142211914062
3044,1,0.07275390625,0.0723876953125,,0.00017521404778057966,14.56801986694336
3045,1,0.068359375,0.07451171875,,0.00017505954116299062,20.131195068359375
3046,1,0.09765625,0.0740234375,,0.00017490506598902603,20.756826400756836
3047,1,0.08056640625,0.0762939453125,,0.00017475062232350088,18.75627326965332
3048,1,0.037109375,0.0722412109375,,0.00017459621023121677,15.380176544189453
3049,1,0.0400390625,0.0710205078125,,0.00017444182977696215,18.005474090576172
3050,1,0.05126953125,0.0703857421875,,0.00017428748102551236,16.754779815673828
3051,1,0.11376953125,0.0772216796875,,0.00017413316404162898,11.442726135253906
3052,1,0.059814453125,0.0654296875,,0.0001739788788900608,19.631702423095703
3053,1,0.07763671875,0.0698974609375,,0.00017382462563554282,15.755351066589355
3054,1,0.055908203125,0.068212890625,,0.00017367040434279694,21.131567001342773
3055,1,0.0751953125,0.068896484375,,0.00017351621507653156,21.007644653320312
3056,1,0.06298828125,0.0654296875,,0.00017336205790144155,13.69215202331543
3057,1,0.057373046875,0.0631103515625,,0.00017320793288220859,20.255964279174805
3058,1,0.0390625,0.0633056640625,,0.0001730538400835004,15.629570960998535
3059,1,0.10302734375,0.0696044921875,,0.0001728997795699716,15.068802833557129
3060,1,0.12060546875,0.0765380859375,,0.00017274575140626317,16.756052017211914
3061,1,0.0654296875,0.0717041015625,,0.00017259175565700235,19.631174087524414
3062,1,0.034423828125,0.0691650390625,,0.00017243779238680307,20.00560760498047
3063,1,0.111328125,0.0725341796875,,0.0001722838616602652,21.256591796875
3064,1,0.058349609375,0.0727783203125,,0.00017212996354197538,24.50723648071289
3065,1,0.052490234375,0.0705078125,,0.00017197609809650643,21.630802154541016
3066,1,0.2138671875,0.085595703125,,0.00017182226538841732,16.131359100341797
3067,1,0.091796875,0.0890380859375,,0.00017166846548225356,22.13152313232422
3068,1,0.051025390625,0.090234375,,0.00017151469844254655,20.38038444519043
3069,1,0.1484375,0.094775390625,,0.00017136096433381415,22.25636100769043
3070,1,0.0673828125,0.089453125,,0.0001712072632205604,12.317302703857422
3071,1,0.041015625,0.08701171875,,0.0001710535951672753,21.00731658935547
3072,1,0.048828125,0.0884521484375,,0.00017089996023843528,20.50623893737793
3073,1,0.0400390625,0.0813232421875,,0.00017074635849850255,18.50514030456543
3074,1,0.1064453125,0.0861328125,,0.00017059279001192562,18.505939483642578
3075,1,0.076171875,0.0885009765625,,0.0001704392548431391,23.506603240966797
3076,1,0.058837890625,0.072998046875,,0.0001702857530565632,20.506820678710938
3077,1,0.0673828125,0.070556640625,,0.00017013228471660463,21.8809757232666
3078,1,0.0751953125,0.0729736328125,,0.00016997884988765582,17.75589942932129
3079,1,0.0712890625,0.0652587890625,,0.0001698254486340951,18.630765914916992
3080,1,0.036865234375,0.06220703125,,0.00016967208102028697,17.879878997802734
3081,1,0.034423828125,0.0615478515625,,0.0001695187471105814,16.880205154418945
3082,1,0.035400390625,0.060205078125,,0.00016936544696931455,15.880362510681152
3083,1,0.09326171875,0.06552734375,,0.0001692121806608084,18.130863189697266
3084,1,0.064453125,0.061328125,,0.0001690589482493705,21.25592041015625
3085,1,0.052001953125,0.0589111328125,,0.00016890574979929447,18.755783081054688
3086,1,0.07958984375,0.060986328125,,0.00016875258537485936,17.381269454956055
3087,1,0.10693359375,0.06494140625,,0.00016859945504033014,19.006078720092773
3088,1,0.099609375,0.0673828125,,0.0001684463588599577,15.192452430725098
3089,1,0.050537109375,0.0653076171875,,0.00016829329689797807,18.630617141723633
3090,1,0.0986328125,0.071484375,,0.00016814026921861336,19.25623893737793
3091,1,0.049560546875,0.072998046875,,0.00016798727588607104,17.13071060180664
3092,1,0.0595703125,0.0754150390625,,0.00016783431696454433,18.6304931640625
3093,1,0.07177734375,0.0732666015625,,0.00016768139251821203,20.00650978088379
3094,1,0.072265625,0.0740478515625,,0.00016752850261123826,20.50675392150879
3095,1,0.07470703125,0.076318359375,,0.00016737564730777283,6.6933512687683105
3096,1,0.12109375,0.08046875,,0.000167222826671951,19.757173538208008
3097,1,0.0439453125,0.074169921875,,0.0001670700407678934,18.630922317504883
3098,1,0.060791015625,0.0702880859375,,0.00016691728965970636,18.505523681640625
3099,1,0.09033203125,0.074267578125,,0.0001667645734114812,7.56779146194458
3100,1,0.0576171875,0.070166015625,,0.0001666118920872949,14.4422025680542
3101,1,0.09521484375,0.0747314453125,,0.00016645924575120965,20.506122589111328
3102,1,0.10302734375,0.0790771484375,,0.00016630663446727306,4.8166422843933105
3103,1,0.12890625,0.0847900390625,,0.00016615405829951814,24.75710678100586
3104,1,0.1025390625,0.0878173828125,,0.00016600151731196273,24.256763458251953
3105,1,0.07958984375,0.0883056640625,,0.00016584901156861039,19.380172729492188
3106,1,0.052978515625,0.081494140625,,0.00016569654113344958,13.379639625549316
3107,1,0.09619140625,0.08671875,,0.00016554410607045418,18.00493049621582
3108,1,0.08544921875,0.0891845703125,,0.00016539170644358302,12.56771183013916
3109,1,0.052978515625,0.08544921875,,0.00016523934231678022,26.13205909729004
3110,1,0.0830078125,0.08798828125,,0.00016508701375397486,15.318624496459961
3111,1,0.09326171875,0.08779296875,,0.00016493472081908133,22.25615692138672
3112,1,0.04150390625,0.081640625,,0.00016478246357599872,25.882410049438477
3113,1,0.08349609375,0.077099609375,,0.00016463024208861147,21.757402420043945
3114,1,0.078125,0.074658203125,,0.00016447805642078877,20.131301879882812
3115,1,0.08154296875,0.074853515625,,0.00016432590663638502,20.880693435668945
3116,1,0.0751953125,0.0770751953125,,0.0001641737927992395,22.381954193115234
3117,1,0.0810546875,0.0755615234375,,0.00016402171497317613,23.131004333496094
3118,1,0.078125,0.0748291015625,,0.0001638696732220041,14.130119323730469
3119,1,0.05810546875,0.075341796875,,0.00016371766760951722,17.75603675842285
3120,1,0.0654296875,0.073583984375,,0.0001635656981994943,15.694267272949219
3121,1,0.09619140625,0.073876953125,,0.00016341376505569892,12.505271911621094
3122,1,0.056396484375,0.0753662109375,,0.00016326186824187916,21.756620407104492
3123,1,0.1279296875,0.0798095703125,,0.0001631100078217685,19.006729125976562
3124,1,0.056640625,0.0776611328125,,0.00016295818385908434,19.005939483642578
3125,1,0.068359375,0.0763427734375,,0.00016280639641752943,21.256242752075195
3126,1,0.051025390625,0.07392578125,,0.00016265464556079097,22.38069725036621
3127,1,0.08203125,0.0740234375,,0.00016250293135254066,20.258407592773438
3128,1,0.06494140625,0.072705078125,,0.00016235125385643517,12.629430770874023
3129,1,0.1484375,0.08173828125,,0.0001621996131361153,11.630254745483398
3130,1,0.0810546875,0.08330078125,,0.00016204800925520685,24.007511138916016
3131,1,0.08056640625,0.08173828125,,0.00016189644227732002,15.692546844482422
3132,1,0.0703125,0.0831298828125,,0.00016174491226604934,21.131710052490234
3133,1,0.053955078125,0.075732421875,,0.00016159341928497422,16.630849838256836
3134,1,0.048095703125,0.0748779296875,,0.00016144196339765805,23.63157844543457
3135,1,0.08056640625,0.0760986328125,,0.00016129054466764903,21.25641632080078
3136,1,0.11962890625,0.082958984375,,0.00016113916315847968,21.13166046142578
3137,1,0.068359375,0.081591796875,,0.00016098781893366675,17.505760192871094
3138,1,0.034423828125,0.0785400390625,,0.0001608365120567116,14.129475593566895
3139,1,0.076171875,0.0713134765625,,0.00016068524259109973,20.63182258605957
3140,1,0.07958984375,0.0711669921875,,0.00016053401060030098,21.131771087646484
3141,1,0.06787109375,0.0698974609375,,0.00016038281614776963,18.88070297241211
3142,1,0.046630859375,0.067529296875,,0.00016023165929694377,18.38026237487793
3143,1,0.1005859375,0.0721923828125,,0.00016008054011124617,19.88223648071289
3144,1,0.083984375,0.07578125,,0.0001599294586540837,20.63085174560547
3145,1,0.058349609375,0.0735595703125,,0.00015977841498884723,21.256372451782227
3146,1,0.033447265625,0.06494140625,,0.000159627409178912,21.38066864013672
3147,1,0.05712890625,0.063818359375,,0.00015947644128763705,19.880462646484375
3148,1,0.07470703125,0.0678466796875,,0.00015932551137836582,11.817204475402832
3149,1,0.1142578125,0.0716552734375,,0.00015917461951442575,18.2557315826416
3150,1,0.038330078125,0.067529296875,,0.00015902376575912814,13.817100524902344
3151,1,0.06591796875,0.067333984375,,0.00015887295017576856,17.8803768157959
3152,1,0.0498046875,0.0676513671875,,0.00015872217282762624,21.256093978881836
3153,1,0.154296875,0.0730224609375,,0.00015857143377796468,18.005510330200195
3154,1,0.1015625,0.0747802734375,,0.00015842073309003124,15.443554878234863
3155,1,0.045654296875,0.0735107421875,,0.000158270070827057,15.00509262084961
3156,1,0.05615234375,0.07578125,,0.00015811944705225716,16.505123138427734
3157,1,0.0615234375,0.076220703125,,0.00015796886182883053,20.631011962890625
3158,1,0.038818359375,0.0726318359375,,0.00015781831521995994,16.130523681640625
3159,1,0.0859375,0.0697998046875,,0.00015766780728881209,19.756195068359375
3160,1,0.140625,0.080029296875,,0.00015751733809853702,19.13087272644043
3161,1,0.06494140625,0.079931640625,,0.00015736690771226905,15.754901885986328
3162,1,0.0810546875,0.083056640625,,0.00015721651619312585,15.944014549255371
3163,1,0.072265625,0.074853515625,,0.00015706616360420893,23.632156372070312
3164,1,0.1123046875,0.075927734375,,0.00015691585000860358,23.257356643676758
3165,1,0.0888671875,0.0802490234375,,0.00015676557546937838,15.756973266601562
3166,1,0.083984375,0.0830322265625,,0.00015661534004958585,12.005244255065918
3167,1,0.10009765625,0.0868896484375,,0.00015646514381226193,21.25662612915039
3168,1,0.10009765625,0.093017578125,,0.00015631498682042622,10.692389488220215
3169,1,0.052734375,0.089697265625,,0.00015616486913708184,20.006675720214844
3170,1,0.041748046875,0.0798095703125,,0.00015601479082521524,11.878545761108398
3171,1,0.06640625,0.0799560546875,,0.00015586475194779662,26.131628036499023
3172,1,0.06884765625,0.0787353515625,,0.00015571475256777952,19.505334854125977
3173,1,0.10791015625,0.0822998046875,,0.00015556479274810074,23.506380081176758
3174,1,0.10693359375,0.0817626953125,,0.0001554148725516808,20.007307052612305
3175,1,0.05078125,0.0779541015625,,0.0001552649920414233,17.755233764648438
3176,1,0.07373046875,0.0769287109375,,0.00015511515128021543,17.13047981262207
3177,1,0.08251953125,0.0751708984375,,0.00015496535033092762,16.130788803100586
3178,1,0.049072265625,0.070068359375,,0.00015481558925641337,17.505632400512695
3179,1,0.08349609375,0.07314453125,,0.00015466586811950983,16.130046844482422
3180,1,0.1357421875,0.0825439453125,,0.0001545161869830371,19.00552749633789
3181,1,0.0625,0.0821533203125,,0.0001543665459097986,19.755523681640625
3182,1,0.0673828125,0.0820068359375,,0.00015421694496258115,22.506107330322266
3183,1,0.0556640625,0.0767822265625,,0.00015406738420415422,21.38173484802246
3184,1,0.0537109375,0.0714599609375,,0.00015391786369727095,18.13031578063965
3185,1,0.04833984375,0.0712158203125,,0.00015376838350466724,13.067505836486816
3186,1,0.039794921875,0.067822265625,,0.00015361894368906223,12.25440788269043
3187,1,0.11669921875,0.071240234375,,0.00015346954431315823,10.942292213439941
3188,1,0.09033203125,0.0753662109375,,0.00015332018543964024,3.8974554538726807
3189,1,0.04296875,0.0713134765625,,0.00015317086713117662,19.130962371826172
3190,1,0.111328125,0.0688720703125,,0.0001530215894504184,14.31959342956543
3191,1,0.03955078125,0.0665771484375,,0.00015287235245999985,14.005471229553223
3192,1,0.053466796875,0.065185546875,,0.000152723156222538,10.691654205322266
3193,1,0.058837890625,0.0655029296875,,0.00015257400080063283,18.25495147705078
3194,1,0.05615234375,0.0657470703125,,0.00015242488625686728,15.942943572998047
3195,1,0.06982421875,0.0678955078125,,0.00015227581265380685,18.63206672668457
3196,1,0.055908203125,0.0695068359375,,0.0001521267800540001,13.129857063293457
3197,1,0.05712890625,0.0635498046875,,0.00015197778851997848,7.661175727844238
3198,1,0.10888671875,0.0654052734375,,0.0001518288381142559,19.631254196166992
3199,1,0.07373046875,0.0684814453125,,0.0001516799288993293,21.880924224853516
3200,1,0.09423828125,0.0667724609375,,0.00015153106093767827,12.256041526794434
3201,1,0.03564453125,0.0663818359375,,0.00015138223429176482,14.816431045532227
3202,1,0.08349609375,0.069384765625,,0.00015123344902403404,14.629838943481445
3203,1,0.08935546875,0.0724365234375,,0.00015108470519691338,18.381248474121094
3204,1,0.0927734375,0.0760986328125,,0.000150936002872813,20.881546020507812
3205,1,0.09228515625,0.0783447265625,,0.00015078734211412573,22.63163185119629
3206,1,0.056640625,0.07841796875,,0.00015063872298322668,25.383031845092773
3207,1,0.0625,0.078955078125,,0.0001504901455424738,14.442752838134766
3208,1,0.026611328125,0.0707275390625,,0.0001503416098542074,23.756092071533203
3209,1,0.05126953125,0.0684814453125,,0.00015019311598075025,23.13174057006836
3210,1,0.060546875,0.0651123046875,,0.00015004466398440774,19.88064956665039
3211,1,0.0576171875,0.0673095703125,,0.00014989625392746743,15.379926681518555
3212,1,0.09765625,0.0687255859375,,0.0001497478858721996,22.632587432861328
3213,1,0.0230712890625,0.06209716796875,,0.00014959955988085654,20.255643844604492
3214,1,0.059814453125,0.05880126953125,,0.0001494512760156731,21.382522583007812
3215,1,0.054443359375,0.05501708984375,,0.0001493030343388666,19.131092071533203
3216,1,0.1279296875,0.06214599609375,,0.0001491548349126363,19.88187026977539
3217,1,0.0888671875,0.06478271484375,,0.0001490066777991641,18.506141662597656
3218,1,0.0849609375,0.07061767578125,,0.00014885856306061382,12.066620826721191
3219,1,0.058349609375,0.07132568359375,,0.00014871049075913174,17.755577087402344
3220,1,0.0361328125,0.06888427734375,,0.0001485624609568462,15.880638122558594
3221,1,0.051025390625,0.06822509765625,,0.0001484144737158678,17.505325317382812
3222,1,0.099609375,0.06842041015625,,0.0001482665290982893,18.131080627441406
3223,1,0.12451171875,0.078564453125,,0.0001481186271661853,22.256813049316406
3224,1,0.040771484375,0.07666015625,,0.00014797076798161285,20.505725860595703
3225,1,0.056884765625,0.076904296875,,0.000147822951606611,17.755285263061523
3226,1,0.05712890625,0.06982421875,,0.0001476751781032006,16.755598068237305
3227,1,0.10693359375,0.071630859375,,0.00014752744753338467,18.50636863708496
3228,1,0.0703125,0.070166015625,,0.00014737975995914837,13.629691123962402
3229,1,0.03955078125,0.0682861328125,,0.00014723211544245845,17.131179809570312
3230,1,0.0908203125,0.0737548828125,,0.00014708451404526408,22.881694793701172
3231,1,0.04833984375,0.073486328125,,0.00014693695582949578,18.63053321838379
3232,1,0.0810546875,0.071630859375,,0.00014678944085706635,21.25629997253418
3233,1,0.0810546875,0.06728515625,,0.0001466419691898704,8.254951477050781
3234,1,0.09521484375,0.0727294921875,,0.0001464945408897842,18.25552749633789
3235,1,0.061767578125,0.0732177734375,,0.00014634715601866604,22.756311416625977
3236,1,0.08740234375,0.0762451171875,,0.00014619981463835576,13.816978454589844
3237,1,0.05078125,0.0706298828125,,0.00014605251681067504,12.130517959594727
3238,1,0.04296875,0.0678955078125,,0.0001459052625974275,20.006141662597656
3239,1,0.08251953125,0.0721923828125,,0.00014575805206039805,20.631786346435547
3240,1,0.064453125,0.0695556640625,,0.00014561088526135373,20.75641441345215
3241,1,0.058837890625,0.07060546875,,0.00014546376226204277,14.005375862121582
3242,1,0.08837890625,0.071337890625,,0.00014531668312419533,16.630939483642578
3243,1,0.072265625,0.070458984375,,0.00014516964790952308,16.6307373046875
3244,1,0.10693359375,0.071630859375,,0.0001450226566797193,21.007028579711914
3245,1,0.06787109375,0.0722412109375,,0.00014487570949645886,17.757219314575195
3246,1,0.134765625,0.0769775390625,,0.0001447288064213979,25.50881576538086
3247,1,0.16796875,0.0886962890625,,0.00014458194751617426,15.754817962646484
3248,1,0.09716796875,0.0941162109375,,0.00014443513284240734,22.506925582885742
3249,1,0.08837890625,0.0947021484375,,0.00014428836246169768,21.13115692138672
3250,1,0.080078125,0.0962646484375,,0.00014414163643562756,20.88157081604004
3251,1,0.0673828125,0.097119140625,,0.0001439949548257603,18.005794525146484
3252,1,0.06201171875,0.094482421875,,0.00014384831769364087,15.504685401916504
3253,1,0.1572265625,0.102978515625,,0.00014370172510079555,22.632814407348633
3254,1,0.0634765625,0.0986328125,,0.00014355517710873183,17.255290985107422
3255,1,0.072265625,0.099072265625,,0.0001434086737789386,17.381797790527344
3256,1,0.05078125,0.090673828125,,0.00014326221517288573,21.632671356201172
3257,1,0.12890625,0.086767578125,,0.0001431158013520247,13.255492210388184
3258,1,0.0238037109375,0.07943115234375,,0.0001429694323777881,15.816835403442383
3259,1,0.05322265625,0.07591552734375,,0.00014282310831158936,22.755931854248047
3260,1,0.049072265625,0.07281494140625,,0.00014267682921482354,19.631145477294922
3261,1,0.0634765625,0.07242431640625,,0.0001425305951488666,20.381574630737305
3262,1,0.060546875,0.07227783203125,,0.00014238440617507563,22.757837295532227
3263,1,0.037109375,0.06026611328125,,0.00014223826235478887,19.131330490112305
3264,1,0.040283203125,0.05794677734375,,0.00014209216374932543,20.880550384521484
3265,1,0.04296875,0.05501708984375,,0.0001419461104199856,12.691977500915527
3266,1,0.04296875,0.05423583984375,,0.0001418001024280508,8.754164695739746
3267,1,0.057373046875,0.04708251953125,,0.00014165413983478303,18.005882263183594
3268,1,0.06396484375,0.0510986328125,,0.00014150822270142567,11.692039489746094
3269,1,0.0400390625,0.0497802734375,,0.0001413623510892027,15.442476272583008
3270,1,0.041259765625,0.0489990234375,,0.0001412165250593192,15.004727363586426
3271,1,0.1416015625,0.0568115234375,,0.0001410707446729611,20.006244659423828
3272,1,0.0654296875,0.0572998046875,,0.0001409250099912951,6.629885673522949
3273,1,0.043701171875,0.057958984375,,0.00014077932107546884,19.381532669067383
3274,1,0.0595703125,0.0598876953125,,0.00014063367798661052,14.005402565002441
3275,1,0.1044921875,0.0660400390625,,0.00014048808078582942,22.132543563842773
3276,1,0.06787109375,0.0685302734375,,0.00014034252953421545,19.630455017089844
3277,1,0.08837890625,0.071630859375,,0.00014019702429283903,11.379688262939453
3278,1,0.059326171875,0.0711669921875,,0.00014005156512275158,23.132001876831055
3279,1,0.04150390625,0.0713134765625,,0.00013990615208498504,16.7549991607666
3280,1,0.0537109375,0.07255859375,,0.00013976078524055203,24.13180160522461
3281,1,0.109375,0.0693359375,,0.00013961546465044586,16.005584716796875
3282,1,0.11279296875,0.074072265625,,0.00013947019037564018,20.50653648376465
3283,1,0.05224609375,0.0749267578125,,0.00013932496247708956,22.25680923461914
3284,1,0.057373046875,0.07470703125,,0.00013917978101572875,19.880542755126953
3285,1,0.07080078125,0.071337890625,,0.00013903464605247322,16.13043975830078
3286,1,0.0859375,0.07314453125,,0.00013888955764821914,17.756221771240234
3287,1,0.08349609375,0.07265625,,0.0001387445158638426,17.506011962890625
3288,1,0.05712890625,0.0724365234375,,0.00013859952076020055,12.192140579223633
3289,1,0.037841796875,0.0720703125,,0.0001384545723981303,16.25459098815918
3290,1,0.057861328125,0.0724853515625,,0.0001383096708384494,16.255447387695312
3291,1,0.0419921875,0.0657470703125,,0.00013816481614195602,7.629449844360352
3292,1,0.061767578125,0.06064453125,,0.0001380200083694283,17.130760192871094
3293,1,0.042724609375,0.0596923828125,,0.00013787524758162496,21.63233757019043
3294,1,0.10498046875,0.064453125,,0.00013773053383928509,19.506023406982422
3295,1,0.0986328125,0.067236328125,,0.0001375858672031276,21.258310317993164
3296,1,0.11083984375,0.0697265625,,0.00013744124773385207,23.006938934326172
3297,1,0.0693359375,0.068310546875,,0.0001372966754921382,15.755143165588379
3298,1,0.04638671875,0.067236328125,,0.0001371521505386457,7.566804885864258
3299,1,0.0673828125,0.0701904296875,,0.00013700767293401477,19.256267547607422
3300,1,0.080078125,0.072412109375,,0.0001368632427388653,19.130722045898438
3301,1,0.04931640625,0.07314453125,,0.00013671886001379762,15.817609786987305
3302,1,0.046630859375,0.071630859375,,0.00013657452481939198,17.00533103942871
3303,1,0.0498046875,0.0723388671875,,0.00013643023721620875,18.506309509277344
3304,1,0.04345703125,0.0661865234375,,0.00013628599726478848,18.75678062438965
3305,1,0.032470703125,0.0595703125,,0.00013614180502565136,17.754989624023438
3306,1,0.048828125,0.053369140625,,0.00013599766055929786,14.817656517028809
3307,1,0.039794921875,0.0504150390625,,0.0001358535639262083,18.505422592163086
3308,1,0.07568359375,0.0533447265625,,0.000135709515186843,18.880699157714844
3309,1,0.07470703125,0.0540771484375,,0.00013556551440164222,14.692239761352539
3310,1,0.048095703125,0.05087890625,,0.0001354215616310258,15.004899024963379
3311,1,0.0654296875,0.052490234375,,0.00013527765693539391,19.13104820251465
3312,1,0.06494140625,0.0543212890625,,0.00013513380037512597,12.379668235778809
3313,1,0.06005859375,0.0553466796875,,0.00013498999201058172,18.381906509399414
3314,1,0.045166015625,0.055517578125,,0.00013484623190210043,11.44377326965332
3315,1,0.0556640625,0.0578369140625,,0.00013470252011000124,18.506603240966797
3316,1,0.0830078125,0.0612548828125,,0.0001345588566945829,11.44356918334961
3317,1,0.04248046875,0.0615234375,,0.00013441524171612385,18.62969207763672
3318,1,0.072265625,0.061181640625,,0.00013427167523488235,15.25600528717041
3319,1,0.0703125,0.0607421875,,0.0001341281573110963,18.25600242614746
3320,1,0.0810546875,0.0640380859375,,0.00013398468800498292,15.192626953125
3321,1,0.06591796875,0.0640869140625,,0.0001338412673767394,19.75556755065918
3322,1,0.08544921875,0.0661376953125,,0.00013369789548654248,17.380638122558594
3323,1,0.07177734375,0.0673095703125,,0.00013355457239454816,18.256196975708008
3324,1,0.0537109375,0.0681640625,,0.0001334112981608922,21.381633758544922
3325,1,0.0859375,0.07119140625,,0.00013326807284568985,19.50611686706543
3326,1,0.08056640625,0.070947265625,,0.00013312489650903574,15.943264961242676
3327,1,0.045654296875,0.0712646484375,,0.00013298176921100417,12.06708812713623
3328,1,0.02734375,0.0667724609375,,0.0001328386910116484,18.005355834960938
3329,1,0.03466796875,0.0632080078125,,0.0001326956619710017,18.505664825439453
3330,1,0.045166015625,0.059619140625,,0.00013255268214907613,17.380754470825195
3331,1,0.041259765625,0.0571533203125,,0.00013240975160586346,23.50667381286621
3332,1,0.03466796875,0.0520751953125,,0.00013226687040133472,18.38075065612793
3333,1,0.0546875,0.0503662109375,,0.0001321240385954402,18.380844116210938
3334,1,0.0458984375,0.0495849609375,,0.00013198125624810957,11.881843566894531
3335,1,0.046630859375,0.045654296875,,0.00013183852341925144,21.256427764892578
3336,1,0.05810546875,0.043408203125,,0.000131695840168754,19.380760192871094
3337,1,0.06494140625,0.0453369140625,,0.0001315532065564845,17.381057739257812
3338,1,0.078125,0.0504150390625,,0.00013141062264228925,17.756698608398438
3339,1,0.052978515625,0.05224609375,,0.00013126808848599398,24.382978439331055
3340,1,0.047119140625,0.05244140625,,0.00013112560414740314,18.131114959716797
3341,1,0.044677734375,0.052783203125,,0.0001309831696863007,15.504859924316406
3342,1,0.058349609375,0.0551513671875,,0.0001308407851624494,16.004606246948242
3343,1,0.04931640625,0.0546142578125,,0.00013069845063559118,20.00533676147461
3344,1,0.055908203125,0.055615234375,,0.00013055616616544714,18.381072998046875
3345,1,0.0478515625,0.0557373046875,,0.00013041393181171688,16.130342483520508
3346,1,0.036865234375,0.05361328125,,0.00013027174763407946,16.505290985107422
3347,1,0.049072265625,0.0520263671875,,0.00013012961369219283,24.75649070739746
3348,1,0.0235595703125,0.04656982421875,,0.00012998753004569354,19.38007354736328
3349,1,0.036376953125,0.04490966796875,,0.00012984549675419733,14.317434310913086
3350,1,0.03369140625,0.04356689453125,,0.00012970351387729873,19.88033103942871
3351,1,0.039794921875,0.04307861328125,,0.00012956158147457115,13.692361831665039
3352,1,0.048095703125,0.04205322265625,,0.00012941969960556684,21.00619125366211
3353,1,0.10693359375,0.04781494140625,,0.00012927786832981668,17.632570266723633
3354,1,0.05224609375,0.04744873046875,,0.00012913608770683045,19.631412506103516
3355,1,0.1103515625,0.05369873046875,,0.00012899435779609682,21.260046005249023
3356,1,0.04345703125,0.05435791015625,,0.00012885267865708278,19.630619049072266
3357,1,0.08056640625,0.05750732421875,,0.0001287110503492345,15.817490577697754
3358,1,0.05615234375,0.0607666015625,,0.0001285694729319764,5.910749435424805
3359,1,0.050048828125,0.0621337890625,,0.00012842794646471178,17.255748748779297
3360,1,0.0673828125,0.0655029296875,,0.00012828647100682263,14.067995071411133
3361,1,0.0267333984375,0.06419677734375,,0.00012814504661766925,20.881736755371094
3362,1,0.0185546875,0.06124267578125,,0.00012800367335659093,19.38111686706543
3363,1,0.052490234375,0.05579833984375,,0.00012786235128290502,17.0048828125
3364,1,0.060791015625,0.05665283203125,,0.00012772108045590774,17.505168914794922
3365,1,0.0732421875,0.05294189453125,,0.00012757986093487377,20.882081985473633
3366,1,0.06787109375,0.05538330078125,,0.00012743869277905605,22.256336212158203
3367,1,0.037353515625,0.05106201171875,,0.0001272975760476862,10.004258155822754
3368,1,0.046142578125,0.05006103515625,,0.00012715651079997416,19.50617218017578
3369,1,0.060302734375,0.05108642578125,,0.0001270154970951083,18.756282806396484
3370,1,0.07275390625,0.05162353515625,,0.00012687453499225546,16.255847930908203
3371,1,0.05517578125,0.0544677734375,,0.00012673362455056051,20.505956649780273
3372,1,0.05322265625,0.0579345703125,,0.00012659276582914703,22.6324462890625
3373,1,0.06298828125,0.058984375,,0.00012645195888711657,14.692509651184082
3374,1,0.08447265625,0.0613525390625,,0.0001263112037835492,15.6928071975708
3375,1,0.07177734375,0.0612060546875,,0.00012617050057750322,18.006345748901367
3376,1,0.05615234375,0.0600341796875,,0.00012602984932801487,17.630592346191406
3377,1,0.047607421875,0.0610595703125,,0.00012588925009409893,20.880815505981445
3378,1,0.045654296875,0.0610107421875,,0.00012574870293474824,16.755043029785156
3379,1,0.09521484375,0.064501953125,,0.00012560820790893373,18.505935668945312
3380,1,0.0419921875,0.06142578125,,0.00012546776507560469,12.817534446716309
3381,1,0.0693359375,0.062841796875,,0.00012532737449368804,19.881319046020508
3382,1,0.060546875,0.06357421875,,0.00012518703622208915,19.256250381469727
3383,1,0.1064453125,0.067919921875,,0.00012504675031969152,15.818036079406738
3384,1,0.0712890625,0.0666015625,,0.00012490651684535627,16.006269454956055
3385,1,0.07275390625,0.06669921875,,0.00012476633585792286,20.00651741027832
3386,1,0.12109375,0.073193359375,,0.00012462620741620863,24.006410598754883
3387,1,0.051025390625,0.07353515625,,0.00012448613157900893,23.256549835205078
3388,1,0.061279296875,0.07509765625,,0.00012434610840509697,18.631258010864258
3389,1,0.06640625,0.072216796875,,0.00012420613795322374,15.067107200622559
3390,1,0.0439453125,0.072412109375,,0.00012406622028211843,17.00514793395996
3391,1,0.028564453125,0.0683349609375,,0.00012392635545048776,21.50646209716797
3392,1,0.06298828125,0.0685791015625,,0.00012378654351701638,14.817888259887695
3393,1,0.037841796875,0.06171875,,0.00012364678454036696,15.130813598632812
3394,1,0.05419921875,0.060009765625,,0.0001235070785791796,21.13157081604004
3395,1,0.06689453125,0.059423828125,,0.00012336742569207234,17.75594711303711
3396,1,0.10498046875,0.0578125,,0.00012322782593764104,15.318777084350586
3397,1,0.035888671875,0.056298828125,,0.00012308827937445907,23.75786781311035
3398,1,0.10791015625,0.0609619140625,,0.00012294878606107772,11.56803035736084
3399,1,0.06689453125,0.0610107421875,,0.00012280934605602561,14.129999160766602
3400,1,0.055419921875,0.062158203125,,0.00012266995941780933,15.629837989807129
3401,1,0.060546875,0.0653564453125,,0.00012253062620491275,20.006019592285156
3402,1,0.06201171875,0.0652587890625,,0.00012239134647579764,18.005260467529297
3403,1,0.03759765625,0.065234375,,0.00012225212028890313,15.004645347595215
3404,1,0.107421875,0.070556640625,,0.00012211294770264592,11.317209243774414
3405,1,0.052001953125,0.0690673828125,,0.00012197382877542041,16.37994956970215
3406,1,0.046630859375,0.063232421875,,0.00012183476356559805,18.25617790222168
3407,1,0.04150390625,0.0637939453125,,0.0001216957521315282,19.880821228027344
3408,1,0.0673828125,0.0597412109375,,0.00012155679453153751,17.380266189575195
3409,1,0.09326171875,0.0623779296875,,0.00012141789082392982,23.256296157836914
3410,1,0.09814453125,0.066650390625,,0.00012127904106698665,18.255615234375
3411,1,0.078125,0.068408203125,,0.00012114024531896689,23.257368087768555
3412,1,0.08154296875,0.070361328125,,0.00012100150363810636,19.631563186645508
3413,1,0.08935546875,0.075537109375,,0.00012086281608261888,20.25604820251465
3414,1,0.0751953125,0.072314453125,,0.00012072418271069489,14.442816734313965
3415,1,0.1123046875,0.0783447265625,,0.00012058560358050242,11.818096160888672
3416,1,0.1064453125,0.084326171875,,0.00012044707875018684,16.630144119262695
3417,1,0.0673828125,0.0869140625,,0.00012030860827787043,18.25615119934082
3418,1,0.0595703125,0.0861328125,,0.00012017019222165298,24.256925582885742
3419,1,0.0419921875,0.081005859375,,0.00012003183063961112,19.756240844726562
3420,1,0.055908203125,0.0767822265625,,0.00011989352358979888,23.131149291992188
3421,1,0.057861328125,0.074755859375,,0.00011975527113024734,15.443753242492676
3422,1,0.0810546875,0.07470703125,,0.00011961707331896469,17.255945205688477
3423,1,0.07763671875,0.07353515625,,0.00011947893021393619,16.38026237487793
3424,1,0.0849609375,0.07451171875,,0.000119340841873124,16.00517463684082
3425,1,0.06005859375,0.069287109375,,0.00011920280835446748,19.38083267211914
3426,1,0.045654296875,0.0632080078125,,0.00011906482971588303,15.505314826965332
3427,1,0.1025390625,0.0667236328125,,0.00011892690601526374,16.755868911743164
3428,1,0.0390625,0.0646728515625,,0.00011878903731048004,20.131206512451172
3429,1,0.04931640625,0.0654052734375,,0.00011865122365937875,18.88091468811035
3430,1,0.05078125,0.064892578125,,0.00011851346511978425,20.63056182861328
3431,1,0.08154296875,0.0672607421875,,0.00011837576174949744,20.631006240844727
3432,1,0.04736328125,0.0638916015625,,0.00011823811360629591,16.12979507446289
3433,1,0.07666015625,0.0637939453125,,0.00011810052074793445,21.881484985351562
3434,1,0.046142578125,0.059912109375,,0.00011796298323214427,12.31784725189209
3435,1,0.02734375,0.056640625,,0.00011782550111663368,17.38007164001465
3436,1,0.051513671875,0.0572265625,,0.00011768807445908769,18.380939483642578
3437,1,0.0517578125,0.0521484375,,0.00011755070331716777,13.006495475769043
3438,1,0.04638671875,0.052880859375,,0.00011741338774851245,18.505964279174805
3439,1,0.07373046875,0.055322265625,,0.00011727612781073673,19.381061553955078
3440,1,0.031494140625,0.0533935546875,,0.00011713892356143238,16.755203247070312
3441,1,0.035400390625,0.048779296875,,0.00011700177505816783,18.380413055419922
3442,1,0.03515625,0.04755859375,,0.00011686468235848783,13.06740665435791
3443,1,0.08154296875,0.048046875,,0.00011672764551991407,18.631980895996094
3444,1,0.056396484375,0.049072265625,,0.00011659066459994472,17.756214141845703
3445,1,0.087890625,0.055126953125,,0.00011645373965605424,19.880971908569336
3446,1,0.06640625,0.0566162109375,,0.00011631687074569403,22.008358001708984
3447,1,0.04248046875,0.0556884765625,,0.00011618005792629141,18.006404876708984
3448,1,0.038330078125,0.0548828125,,0.00011604330125525078,21.006061553955078
3449,1,0.0595703125,0.053466796875,,0.00011590660078995274,16.2554931640625
3450,1,0.0615234375,0.0564697265625,,0.00011576995658775405,8.630555152893066
3451,1,0.056640625,0.05859375,,0.00011563336870598826,15.693085670471191
3452,1,0.0361328125,0.05869140625,,0.0001154968372019649,19.50604248046875
3453,1,0.043701171875,0.0549072265625,,0.00011536036213297021,15.755224227905273
3454,1,0.03271484375,0.0525390625,,0.00011522394355626667,18.505756378173828
3455,1,0.039794921875,0.0477294921875,,0.00011508758152909273,11.066203117370605
3456,1,0.050048828125,0.04609375,,0.00011495127610866354,15.442383766174316
3457,1,0.0693359375,0.048779296875,,0.00011481502735217028,22.631900787353516
3458,1,0.05419921875,0.0503662109375,,0.00011467883531678041,14.692306518554688
3459,1,0.05908203125,0.0503173828125,,0.00011454270005963766,23.508081436157227
3460,1,0.06005859375,0.0501708984375,,0.00011440662163786167,18.13123893737793
3461,1,0.078125,0.0523193359375,,0.00011427060010854862,14.443275451660156
3462,1,0.0859375,0.0572998046875,,0.0001141346355287704,12.942791938781738
3463,1,0.038330078125,0.0567626953125,,0.00011399872795557534,20.88053321838379
3464,1,0.09765625,0.0632568359375,,0.00011386287744598775,16.630462646484375
3465,1,0.08251953125,0.067529296875,,0.00011372708405700794,5.286598205566406
3466,1,0.044677734375,0.0669921875,,0.0001135913478456124,21.50635528564453
3467,1,0.052001953125,0.0652587890625,,0.00011345566886875333,20.506174087524414
3468,1,0.07666015625,0.0675048828125,,0.00011332004718335925,7.035971164703369
3469,1,0.10498046875,0.0720947265625,,0.00011318448284633454,10.75475788116455
3470,1,0.0771484375,0.0738037109375,,0.0001130489759145593,18.25575065612793
3471,1,0.11279296875,0.0772705078125,,0.0001129135264448898,21.381267547607422
3472,1,0.06591796875,0.0752685546875,,0.00011277813449415828,23.506872177124023
3473,1,0.056640625,0.077099609375,,0.00011264280011917244,11.255125999450684
3474,1,0.058349609375,0.0731689453125,,0.00011250752337671619,16.63011360168457
3475,1,0.05859375,0.0707763671875,,0.00011237230432354911,23.63246726989746
3476,1,0.060791015625,0.0723876953125,,0.00011223714301640664,15.317277908325195
3477,1,0.054443359375,0.0726318359375,,0.00011210203951200001,15.50500774383545
3478,1,0.05712890625,0.0706787109375,,0.00011196699386701598,18.505834579467773
3479,1,0.0439453125,0.0645751953125,,0.0001118320061381174,18.880348205566406
3480,1,0.05859375,0.0627197265625,,0.00011169707638194238,20.63176155090332
3481,1,0.047119140625,0.05615234375,,0.00011156220465510502,19.881135940551758
3482,1,0.060546875,0.055615234375,,0.00011142739101419508,18.506935119628906
3483,1,0.062255859375,0.0561767578125,,0.00011129263551577778,22.00727081298828
3484,1,0.05859375,0.056201171875,,0.00011115793821639414,14.379695892333984
3485,1,0.041015625,0.054443359375,,0.00011102329917256046,24.25727081298828
3486,1,0.115234375,0.0598876953125,,0.0001108887184407689,15.318232536315918
3487,1,0.0634765625,0.060791015625,,0.00011075419607748707,21.00636863708496
3488,1,0.05908203125,0.060986328125,,0.00011061973213915791,19.131166458129883
3489,1,0.0654296875,0.063134765625,,0.00011048532668220015,19.881372451782227
3490,1,0.046875,0.061962890625,,0.0001103509797630077,15.755091667175293
3491,1,0.041748046875,0.06142578125,,0.00011021669143795004,15.192118644714355
3492,1,0.048828125,0.06025390625,,0.00011008246176337211,19.880477905273438
3493,1,0.03173828125,0.0572021484375,,0.00010994829079559419,22.131900787353516
3494,1,0.059326171875,0.057275390625,,0.000109814178590912,20.006227493286133
3495,1,0.0625,0.059423828125,,0.00010968012520559633,11.379318237304688
3496,1,0.1298828125,0.060888671875,,0.00010954613069589361,18.381668090820312
3497,1,0.08740234375,0.06328125,,0.00010941219511802555,16.88080596923828
3498,1,0.031982421875,0.0605712890625,,0.00010927831852818882,24.75772476196289
3499,1,0.06884765625,0.0609130859375,,0.00010914450098255562,16.75558853149414
3500,1,0.09814453125,0.0660400390625,0.0771803937881309,0.00010901074253727336,22.756671905517578
3501,1,0.07568359375,0.06943359375,,0.00010887704324846456,18.506200790405273
3502,1,0.052978515625,0.0698486328125,,0.00010874340317222709,14.879456520080566
3503,1,0.080078125,0.0746826171875,,0.0001086098223646336,18.755813598632812
3504,1,0.0498046875,0.07373046875,,0.00010847630088173227,21.631103515625
3505,1,0.11279296875,0.078759765625,,0.00010834283877954628,15.505879402160645
3506,1,0.031982421875,0.0689697265625,,0.0001082094361140737,15.317277908325195
3507,1,0.055908203125,0.0658203125,,0.00010807609294128795,15.379844665527344
3508,1,0.038818359375,0.06650390625,,0.00010794280931713724,16.379636764526367
3509,1,0.091796875,0.068798828125,,0.0001078095852975449,17.756723403930664
3510,1,0.041259765625,0.0631103515625,,0.00010767642093840932,12.87985610961914
3511,1,0.07470703125,0.0630126953125,,0.00010754331629560376,12.378985404968262
3512,1,0.08935546875,0.066650390625,,0.00010741027142497656,16.13003921508789
3513,1,0.039306640625,0.0625732421875,,0.0001072772863823507,21.630889892578125
3514,1,0.045654296875,0.062158203125,,0.00010714436122352431,13.505593299865723
3515,1,0.0595703125,0.0568359375,,0.00010701149600427043,18.00579833984375
3516,1,0.11279296875,0.0649169921875,,0.00010687869078033663,23.382537841796875
3517,1,0.0771484375,0.067041015625,,0.00010674594560744563,15.756386756896973
3518,1,0.166015625,0.0797607421875,,0.0001066132605412948,15.005729675292969
3519,1,0.04541015625,0.0751220703125,,0.0001064806356375564,20.00543212890625
3520,1,0.047607421875,0.0757568359375,,0.00010634807095187737,16.505569458007812
3521,1,0.05712890625,0.0739990234375,,0.0001062155665398793,23.5069637298584
3522,1,0.04638671875,0.0697021484375,,0.0001060831224571587,15.69269847869873
3523,1,0.0751953125,0.073291015625,,0.00010595073875928648,15.629724502563477
3524,1,0.0654296875,0.0752685546875,,0.00010581841550180852,20.632659912109375
3525,1,0.07568359375,0.0768798828125,,0.0001056861527402452,16.756107330322266
3526,1,0.0230712890625,0.06790771484375,,0.00010555395053009143,23.757061004638672
3527,1,0.03662109375,0.06385498046875,,0.00010542180892681683,23.881834030151367
3528,1,0.12060546875,0.05931396484375,,0.00010528972798586556,19.75657844543457
3529,1,0.0732421875,0.06209716796875,,0.00010515770776265638,19.256128311157227
3530,1,0.0235595703125,0.0596923828125,,0.00010502574831258257,16.880393981933594
3531,1,0.02294921875,0.0562744140625,,0.00010489384969101171,16.254859924316406
3532,1,0.042236328125,0.055859375,,0.00010476201195328608,16.506183624267578
3533,1,0.09521484375,0.057861328125,,0.00010463023515472244,19.256101608276367
3534,1,0.1435546875,0.065673828125,,0.00010449851935061173,17.756437301635742
3535,1,0.057861328125,0.0638916015625,,0.0001043668645962195,20.88170623779297
3536,1,0.0712890625,0.06871337890625,,0.00010423527094678567,21.256744384765625
3537,1,0.0341796875,0.06846923828125,,0.00010410373845752449,17.129871368408203
3538,1,0.03271484375,0.05968017578125,,0.00010397226718362466,18.130542755126953
3539,1,0.02978515625,0.05533447265625,,0.00010384085718024885,15.629422187805176
3540,1,0.10302734375,0.06328125,,0.00010370950850253449,20.75613784790039
3541,1,0.06494140625,0.06748046875,,0.00010357822120559285,18.506168365478516
3542,1,0.06494140625,0.0697509765625,,0.00010344699534450969,20.13117790222168
3543,1,0.0439453125,0.0646240234375,,0.00010331583097434508,19.50567626953125
3544,1,0.039306640625,0.05419921875,,0.00010318472815013297,22.50571632385254
3545,1,0.037353515625,0.0521484375,,0.00010305368692688174,19.505874633789062
3546,1,0.031982421875,0.0482177734375,,0.00010292270735957387,14.942262649536133
3547,1,0.0478515625,0.0495849609375,,0.00010279178950316593,21.631179809570312
3548,1,0.053466796875,0.05166015625,,0.00010266093341258875,13.442222595214844
3549,1,0.064453125,0.055126953125,,0.0001025301391427469,21.380769729614258
3550,1,0.052001953125,0.0500244140625,,0.00010239940674851941,19.38141632080078
3551,1,0.055419921875,0.049072265625,,0.000102268736284759,17.755887985229492
3552,1,0.035888671875,0.0461669921875,,0.00010213812780629264,19.506454467773438
3553,1,0.060546875,0.0478271484375,,0.00010200758136792127,11.19336986541748
3554,1,0.058837890625,0.0497802734375,,0.0001018770970244197,15.442181587219238
3555,1,0.031982421875,0.0492431640625,,0.00010174667483053681,15.380050659179688
3556,1,0.140625,0.060107421875,,0.0001016163148409952,21.507144927978516
3557,1,0.10205078125,0.06552734375,,0.00010148601711049157,20.006088256835938
3558,1,0.050537109375,0.065234375,,0.00010135578169369653,18.130699157714844
3559,1,0.056396484375,0.0644287109375,,0.00010122560864525421,14.568585395812988
3560,1,0.04931640625,0.06416015625,,0.00010109549801978304,22.88304901123047
3561,1,0.059814453125,0.064599609375,,0.00010096544987187484,19.630992889404297
3562,1,0.05517578125,0.0665283203125,,0.00010083546425609546,16.630205154418945
3563,1,0.1181640625,0.0722900390625,,0.00010070554122698447,15.068225860595703
3564,1,0.055419921875,0.0719482421875,,0.00010057568083905516,18.256237030029297
3565,1,0.058837890625,0.0746337890625,,0.00010044588314679451,17.505475997924805
3566,1,0.07861328125,0.0684326171875,,0.00010031614820466331,13.068168640136719
3567,1,0.0732421875,0.0655517578125,,0.0001001864760670958,20.006433486938477
3568,1,0.03515625,0.064013671875,,0.00010005686678850015,22.506555557250977
3569,1,0.042724609375,0.062646484375,,9.99273204232578e-05,15.880043983459473
3570,1,0.056884765625,0.0634033203125,,9.979783702572412e-05,12.442011833190918
3571,1,0.08056640625,0.065478515625,,9.966841665022795e-05,11.067151069641113
3572,1,0.0693359375,0.06689453125,,9.953905935107166e-05,16.755882263183594
3573,1,0.05322265625,0.060400390625,,9.940976518253123e-05,19.131881713867188
3574,1,0.0517578125,0.0600341796875,,9.928053419885597e-05,15.817742347717285
3575,1,0.0556640625,0.059716796875,,9.915136645426884e-05,13.630033493041992
3576,1,0.04052734375,0.055908203125,,9.902226200296632e-05,15.944067001342773
3577,1,0.0703125,0.055615234375,,9.889322089911809e-05,12.25462818145752
3578,1,0.078125,0.059912109375,,9.876424319686758e-05,15.192822456359863
3579,1,0.057373046875,0.061376953125,,9.863532895033123e-05,19.632349014282227
3580,1,0.06298828125,0.0619873046875,,9.850647821359918e-05,19.506263732910156
3581,1,0.08544921875,0.0624755859375,,9.837769104073476e-05,15.943554878234863
3582,1,0.13671875,0.0692138671875,,9.824896748577475e-05,15.442916870117188
3583,1,0.1005859375,0.0739501953125,,9.812030760272917e-05,21.381622314453125
3584,1,0.06103515625,0.0748779296875,,9.799171144558119e-05,15.69326114654541
3585,1,0.068359375,0.0761474609375,,9.786317906828746e-05,23.633808135986328
3586,1,0.05615234375,0.0777099609375,,9.773471052477783e-05,17.630640029907227
3587,1,0.1025390625,0.0809326171875,,9.760630586895519e-05,18.630990982055664
3588,1,0.0341796875,0.0765380859375,,9.747796515469579e-05,17.005144119262695
3589,1,0.0859375,0.07939453125,,9.734968843584901e-05,17.005374908447266
3590,1,0.0859375,0.081689453125,,9.722147576623744e-05,19.255847930908203
3591,1,0.0966796875,0.0828125,,9.709332719965675e-05,11.132245063781738
3592,1,0.0478515625,0.07392578125,,9.696524278987553e-05,21.131322860717773
3593,1,0.054931640625,0.0693603515625,,9.683722259063574e-05,19.88141632080078
3594,1,0.058349609375,0.069091796875,,9.670926665565235e-05,17.5056095123291
3595,1,0.061767578125,0.0684326171875,,9.658137503861314e-05,16.504976272583008
3596,1,0.034912109375,0.06630859375,,9.645354779317919e-05,20.75600242614746
3597,1,0.09716796875,0.065771484375,,9.63257849729843e-05,19.631023406982422
3598,1,0.0732421875,0.069677734375,,9.619808663163543e-05,21.25657844543457
3599,1,0.052978515625,0.0663818359375,,9.607045282271245e-05,19.256322860717773
3600,1,0.01361083984375,0.059149169921875,,9.594288359976817e-05,15.629691123962402
3601,1,0.03271484375,0.052752685546875,,9.581537901632828e-05,15.817824363708496
3602,1,0.059814453125,0.053948974609375,,9.568793912589121e-05,18.880313873291016
3603,1,0.06201171875,0.054656982421875,,9.556056398192847e-05,15.881916046142578
3604,1,0.0419921875,0.053021240234375,,9.543325363788436e-05,20.255146026611328
3605,1,0.044189453125,0.051263427734375,,9.530600814717575e-05,16.880186080932617
3606,1,0.06494140625,0.054266357421875,,9.51788275631926e-05,15.81840705871582
3607,1,0.0205078125,0.046600341796875,,9.505171193929751e-05,19.879995346069336
3608,1,0.04736328125,0.044012451171875,,9.492466132882585e-05,17.2568302154541
3609,1,0.0625,0.044964599609375,,9.479767578508575e-05,14.319657325744629
3610,1,0.05419921875,0.0490234375,,9.467075536135785e-05,13.379999160766602
3611,1,0.058349609375,0.0515869140625,,9.454390011089575e-05,15.942561149597168
3612,1,0.06787109375,0.052392578125,,9.441711008692539e-05,18.380996704101562
3613,1,0.08251953125,0.054443359375,,9.429038534264559e-05,19.006254196166992
3614,1,0.0478515625,0.055029296875,,9.41637259312278e-05,18.880552291870117
3615,1,0.03662109375,0.0542724609375,,9.403713190581576e-05,20.505767822265625
3616,1,0.030029296875,0.05078125,,9.391060331952608e-05,22.256452560424805
3617,1,0.0810546875,0.0568359375,,9.378414022544779e-05,22.258691787719727
3618,1,0.0458984375,0.056689453125,,9.365774267664248e-05,19.632434844970703
3619,1,0.04931640625,0.05537109375,,9.353141072614427e-05,22.132326126098633
3620,1,0.0791015625,0.057861328125,,9.340514442695952e-05,18.6312313079834
3621,1,0.033935546875,0.055419921875,,9.327894383206736e-05,18.25592041015625
3622,1,0.03125,0.0517578125,,9.315280899441924e-05,11.566636085510254
3623,1,0.039794921875,0.0474853515625,,9.302673996693889e-05,19.256153106689453
3624,1,0.0625,0.0489501953125,,9.290073680252257e-05,12.00458812713623
3625,1,0.09765625,0.0550537109375,,9.277479955403887e-05,17.1309814453125
3626,1,0.052490234375,0.0572998046875,,9.264892827432873e-05,16.50514030456543
3627,1,0.05859375,0.0550537109375,,9.252312301620547e-05,21.6309814453125
3628,1,0.0255126953125,0.05301513671875,,9.23973838324545e-05,14.504859924316406
3629,1,0.057861328125,0.05386962890625,,9.227171077583379e-05,18.505084991455078
3630,1,0.032470703125,0.04920654296875,,9.214610389907327e-05,17.630298614501953
3631,1,0.033447265625,0.04915771484375,,9.202056325487532e-05,18.505626678466797
3632,1,0.04833984375,0.05086669921875,,9.189508889591456e-05,15.817578315734863
3633,1,0.032958984375,0.05018310546875,,9.176968087483753e-05,23.00672149658203
3634,1,0.1259765625,0.05653076171875,,9.164433924426315e-05,23.75853729248047
3635,1,0.09765625,0.05653076171875,,9.15190640567825e-05,21.506044387817383
3636,1,0.1201171875,0.06329345703125,,9.139385536495872e-05,21.1328067779541
3637,1,0.049072265625,0.06234130859375,,9.12687132213271e-05,14.255599975585938
3638,1,0.08984375,0.0687744140625,,9.114363767839478e-05,19.131086349487305
3639,1,0.0556640625,0.0685546875,,9.101862878864134e-05,15.442561149597168
3640,1,0.10791015625,0.0760986328125,,9.089368660451799e-05,15.443050384521484
3641,1,0.0673828125,0.0794921875,,9.076881117844829e-05,20.381040573120117
3642,1,0.08154296875,0.0828125,,9.064400256282756e-05,19.630924224853516
3643,1,0.0478515625,0.0843017578125,,9.051926081002327e-05,22.50679588317871
3644,1,0.0341796875,0.0751220703125,,9.039458597237476e-05,20.005756378173828
3645,1,0.06884765625,0.0722412109375,,9.026997810219312e-05,16.380308151245117
3646,1,0.0252685546875,0.06275634765625,,9.014543725176161e-05,20.506507873535156
3647,1,0.0595703125,0.06380615234375,,9.00209634733353e-05,19.257205963134766
3648,1,0.0341796875,0.05823974609375,,8.989655681914093e-05,15.692675590515137
3649,1,0.06982421875,0.05965576171875,,8.977221734137742e-05,17.756397247314453
3650,1,0.06591796875,0.05545654296875,,8.964794509221508e-05,24.13209342956543
3651,1,0.052734375,0.05399169921875,,8.952374012379626e-05,20.631099700927734
3652,1,0.034912109375,0.04932861328125,,8.939960248823534e-05,14.379158020019531
3653,1,0.0439453125,0.04893798828125,,8.927553223761786e-05,20.50580596923828
3654,1,0.05859375,0.05137939453125,,8.91515294240015e-05,15.755496978759766
3655,1,0.027587890625,0.04725341796875,,8.902759409941566e-05,18.880252838134766
3656,1,0.050048828125,0.0497314453125,,8.890372631586108e-05,17.630332946777344
3657,1,0.09326171875,0.0531005859375,,8.877992612531055e-05,17.005910873413086
3658,1,0.0247802734375,0.05216064453125,,8.86561935797082e-05,16.630002975463867
3659,1,0.055908203125,0.05076904296875,,8.853252873096995e-05,17.88104820251465
3660,1,0.035888671875,0.04776611328125,,8.840893163098332e-05,20.38106918334961
3661,1,0.033203125,0.04581298828125,,8.82854023316073e-05,20.25584602355957
3662,1,0.047119140625,0.04703369140625,,8.816194088467261e-05,20.505977630615234
3663,1,0.1728515625,0.05992431640625,,8.803854734198121e-05,16.630634307861328
3664,1,0.06298828125,0.06036376953125,,8.791522175530684e-05,14.755316734313965
3665,1,0.0255126953125,0.06015625,,8.779196417639465e-05,18.380720138549805
3666,1,0.0654296875,0.0616943359375,,8.766877465696112e-05,22.25606918334961
3667,1,0.0263671875,0.0550048828125,,8.754565324869443e-05,12.504207611083984
3668,1,0.0986328125,0.06239013671875,,8.742260000325378e-05,14.442402839660645
3669,1,0.0634765625,0.06314697265625,,8.72996149722703e-05,8.317556381225586
3670,1,0.10009765625,0.06956787109375,,8.71766982073462e-05,16.00620460510254
3671,1,0.10205078125,0.07645263671875,,8.705384976005489e-05,21.13202667236328
3672,1,0.07421875,0.07916259765625,,8.69310696819415e-05,16.38055419921875
3673,1,0.046142578125,0.06649169921875,,8.680835802452208e-05,14.442353248596191
3674,1,0.04150390625,0.06434326171875,,8.668571483928428e-05,23.507144927978516
3675,1,0.0478515625,0.0665771484375,,8.656314017768693e-05,18.75590705871582
3676,1,0.04345703125,0.0643798828125,,8.644063409115998e-05,16.50572395324707
3677,1,0.10791015625,0.0725341796875,,8.631819663110475e-05,21.13174057006836
3678,1,0.09228515625,0.0718994140625,,8.619582784889368e-05,12.13012409210205
3679,1,0.0947265625,0.0750244140625,,8.607352779587055e-05,19.005329132080078
3680,1,0.061767578125,0.07119140625,,8.595129652335018e-05,21.006298065185547
3681,1,0.0595703125,0.066943359375,,8.582913408261839e-05,19.506637573242188
3682,1,0.043701171875,0.0638916015625,,8.570704052493239e-05,14.75561809539795
3683,1,0.076171875,0.06689453125,,8.558501590152043e-05,16.630216598510742
3684,1,0.03466796875,0.0662109375,,8.546306026358163e-05,18.38161849975586
3685,1,0.06884765625,0.068310546875,,8.534117366228644e-05,15.442648887634277
3686,1,0.036865234375,0.0676513671875,,8.521935614877598e-05,21.255924224853516
3687,1,0.060546875,0.0629150390625,,8.509760777416287e-05,16.880155563354492
3688,1,0.04150390625,0.0578369140625,,8.497592858953046e-05,18.38091468811035
3689,1,0.06591796875,0.0549560546875,,8.485431864593293e-05,19.505399703979492
3690,1,0.056396484375,0.0544189453125,,8.473277799439569e-05,25.007320404052734
3691,1,0.061279296875,0.05458984375,,8.46113066859148e-05,13.754392623901367
3692,1,0.037841796875,0.05400390625,,8.44899047714574e-05,18.130264282226562
3693,1,0.05419921875,0.051806640625,,8.436857230196163e-05,17.75495147705078
3694,1,0.061279296875,0.0544677734375,,8.424730932833613e-05,20.630615234375
3695,1,0.072265625,0.0548095703125,,8.412611590146068e-05,23.75679588317871
3696,1,0.043701171875,0.0554931640625,,8.400499207218581e-05,21.631147384643555
3697,1,0.032470703125,0.052685546875,,8.38839378913328e-05,12.69245719909668
3698,1,0.09619140625,0.058154296875,,8.376295340969383e-05,18.380939483642578
3699,1,0.03271484375,0.054833984375,,8.364203867803159e-05,19.381349563598633
3700,1,0.08154296875,0.0573486328125,,8.352119374707978e-05,19.505962371826172
3701,1,0.0419921875,0.055419921875,,8.340041866754258e-05,19.881345748901367
3702,1,0.0654296875,0.0581787109375,,8.3279713490095e-05,18.50675392150879
3703,1,0.0791015625,0.0606689453125,,8.315907826538275e-05,22.635068893432617
3704,1,0.039794921875,0.0585205078125,,8.303851304402207e-05,20.755760192871094
3705,1,0.06591796875,0.0578857421875,,8.29180178766e-05,17.005691528320312
3706,1,0.06005859375,0.059521484375,,8.279759281367388e-05,17.381195068359375
3707,1,0.05322265625,0.0615966796875,,8.267723790577194e-05,18.63066864013672
3708,1,0.0267333984375,0.05465087890625,,8.255695320339295e-05,14.879495620727539
3709,1,0.0751953125,0.05889892578125,,8.243673875700596e-05,15.693280220031738
3710,1,0.035888671875,0.05433349609375,,8.23165946170509e-05,8.690868377685547
3711,1,0.0673828125,0.05687255859375,,8.219652083393784e-05,12.942852020263672
3712,1,0.033935546875,0.05372314453125,,8.20765174580476e-05,18.255117416381836
3713,1,0.0517578125,0.05098876953125,,8.195658453973132e-05,17.005521774291992
3714,1,0.0673828125,0.05374755859375,,8.183672212931067e-05,11.754277229309082
3715,1,0.0263671875,0.04979248046875,,8.171693027707772e-05,17.88011932373047
3716,1,0.046142578125,0.04840087890625,,8.159720903329493e-05,23.257436752319336
3717,1,0.0986328125,0.05294189453125,,8.147755844819496e-05,23.25714874267578
3718,1,0.046630859375,0.054931640625,,8.135797857198115e-05,17.50630760192871
3719,1,0.0458984375,0.052001953125,,8.123846945482686e-05,15.504951477050781
3720,1,0.056396484375,0.054052734375,,8.111903114687591e-05,18.506471633911133
3721,1,0.039306640625,0.0512451171875,,8.099966369824244e-05,13.630159378051758
3722,1,0.057373046875,0.0535888671875,,8.08803671590108e-05,17.005916595458984
3723,1,0.0634765625,0.0547607421875,,8.076114157923568e-05,14.817529678344727
3724,1,0.040771484375,0.052099609375,,8.064198700894177e-05,22.50670623779297
3725,1,0.08984375,0.058447265625,,8.052290349812419e-05,19.130773544311523
3726,1,0.0625,0.0600830078125,,8.040389109674825e-05,19.881807327270508
3727,1,0.0159912109375,0.05181884765625,,8.028494985474915e-05,13.628931999206543
3728,1,0.0888671875,0.05604248046875,,8.016607982203267e-05,21.507736206054688
3729,1,0.058837890625,0.05733642578125,,8.004728104847422e-05,16.879941940307617
3730,1,0.055908203125,0.05728759765625,,7.992855358391968e-05,20.381921768188477
3731,1,0.05517578125,0.05887451171875,,7.980989747818488e-05,25.382293701171875
3732,1,0.0751953125,0.06065673828125,,7.969131278105571e-05,19.630634307861328
3733,1,0.0615234375,0.06046142578125,,7.957279954228819e-05,21.50688362121582
3734,1,0.0361328125,0.05999755859375,,7.945435781160814e-05,17.505586624145508
3735,1,0.0693359375,0.05794677734375,,7.933598763871155e-05,21.258268356323242
3736,1,0.03369140625,0.05506591796875,,7.921768907326446e-05,15.066767692565918
3737,1,0.034912109375,0.0569580078125,,7.909946216490258e-05,12.254581451416016
3738,1,0.08740234375,0.0568115234375,,7.898130696323178e-05,16.630956649780273
3739,1,0.055419921875,0.0564697265625,,7.886322351782782e-05,8.941278457641602
3740,1,0.042724609375,0.0551513671875,,7.87452118782363e-05,19.00560188293457
3741,1,0.0625,0.0558837890625,,7.86272720939728e-05,16.380508422851562
3742,1,0.034912109375,0.05185546875,,7.850940421452252e-05,9.50335693359375
3743,1,0.035400390625,0.0492431640625,,7.839160828934067e-05,21.131248474121094
3744,1,0.0654296875,0.0521728515625,,7.827388436785235e-05,13.567732810974121
3745,1,0.061767578125,0.051416015625,,7.815623249945213e-05,16.254859924316406
3746,1,0.06689453125,0.054736328125,,7.803865273350477e-05,15.943395614624023
3747,1,0.04052734375,0.0552978515625,,7.792114511934437e-05,12.441913604736328
3748,1,0.041748046875,0.050732421875,,7.780370970627498e-05,21.13184928894043
3749,1,0.05859375,0.0510498046875,,7.768634654357037e-05,10.567874908447266
3750,1,0.03564453125,0.050341796875,,7.756905568047393e-05,17.630050659179688
3751,1,0.1396484375,0.058056640625,,7.74518371661988e-05,18.25580406188965
3752,1,0.05029296875,0.0595947265625,,7.733469104992752e-05,19.130599975585938
3753,1,0.1318359375,0.06923828125,,7.721761738081253e-05,20.258607864379883
3754,1,0.0546875,0.0681640625,,7.710061620797584e-05,17.13069725036621
3755,1,0.053955078125,0.0673828125,,7.698368758050878e-05,18.255901336669922
3756,1,0.0625,0.066943359375,,7.686683154747257e-05,20.63101577758789
3757,1,0.07666015625,0.070556640625,,7.675004815789776e-05,14.379487037658691
3758,1,0.02734375,0.0691162109375,,7.663333746078452e-05,19.255603790283203
3759,1,0.0294189453125,0.06619873046875,,7.651669950510259e-05,18.631244659423828
3760,1,0.09814453125,0.07244873046875,,7.640013433979093e-05,22.007408142089844
3761,1,0.037841796875,0.06226806640625,,7.628364201375827e-05,17.130626678466797
3762,1,0.0654296875,0.06378173828125,,7.616722257588244e-05,18.63139533996582
3763,1,0.037841796875,0.05438232421875,,7.605087607501096e-05,17.755556106567383
3764,1,0.061279296875,0.05504150390625,,7.593460255996076e-05,13.880040168762207
3765,1,0.0546875,0.05511474609375,,7.58184020795179e-05,17.130475997924805
3766,1,0.045166015625,0.05338134765625,,7.570227468243798e-05,17.881635665893555
3767,1,0.03076171875,0.04879150390625,,7.558622041744595e-05,15.130496978759766
3768,1,0.046630859375,0.05072021484375,,7.547023933323596e-05,19.006168365478516
3769,1,0.037353515625,0.051513671875,,7.535433147847168e-05,14.943655967712402
3770,1,0.0322265625,0.044921875,,7.523849690178567e-05,14.505267143249512
3771,1,0.05810546875,0.0469482421875,,7.512273565178012e-05,14.12975025177002
3772,1,0.05908203125,0.0463134765625,,7.500704777702619e-05,17.630970001220703
3773,1,0.06396484375,0.04892578125,,7.48914333260644e-05,18.506357192993164
3774,1,0.0625,0.0490478515625,,7.477589234740445e-05,12.75448226928711
3775,1,0.09814453125,0.0533935546875,,7.466042488952521e-05,15.943586349487305
3776,1,0.0498046875,0.053857421875,,7.454503100087462e-05,11.129598617553711
3777,1,0.0380859375,0.05458984375,,7.442971072986992e-05,16.755117416381836
3778,1,0.048583984375,0.05478515625,,7.431446412489723e-05,13.818089485168457
3779,1,0.04150390625,0.0552001953125,,7.419929123431199e-05,15.318755149841309
3780,1,0.0255126953125,0.05452880859375,,7.408419210643847e-05,20.631614685058594
3781,1,0.0595703125,0.05467529296875,,7.396916678957022e-05,7.910592555999756
3782,1,0.07421875,0.05618896484375,,7.385421533196976e-05,11.506568908691406
3783,1,0.03173828125,0.05296630859375,,7.373933778186848e-05,15.692392349243164
3784,1,0.0233154296875,0.0490478515625,,7.362453418746692e-05,19.881118774414062
3785,1,0.0223388671875,0.04146728515625,,7.350980459693455e-05,19.75556182861328
3786,1,0.052490234375,0.04173583984375,,7.339514905840974e-05,18.755475997924805
3787,1,0.044677734375,0.04239501953125,,7.328056761999993e-05,19.130727767944336
3788,1,0.03662109375,0.04119873046875,,7.316606032978123e-05,21.506006240844727
3789,1,0.1005859375,0.04710693359375,,7.305162723579889e-05,16.505647659301758
3790,1,0.0703125,0.0515869140625,,7.293726838606673e-05,10.505291938781738
3791,1,0.072265625,0.0528564453125,,7.282298382856776e-05,23.383020401000977
3792,1,0.046630859375,0.05009765625,,7.270877361125358e-05,20.256649017333984
3793,1,0.043212890625,0.0512451171875,,7.259463778204472e-05,20.13052749633789
3794,1,0.1083984375,0.05975341796875,,7.248057638883051e-05,12.567741394042969
3795,1,0.046142578125,0.0621337890625,,7.236658947946886e-05,18.255552291870117
3796,1,0.058349609375,0.0627197265625,,7.225267710178663e-05,18.630157470703125
3797,1,0.01470947265625,0.059722900390625,,7.213883930357937e-05,18.5051212310791
3798,1,0.05615234375,0.061676025390625,,7.202507613261119e-05,17.3807373046875
3799,1,0.060791015625,0.057696533203125,,7.19113876366152e-05,17.630252838134766
3800,1,0.043701171875,0.055035400390625,,7.179777386329276e-05,16.754920959472656
3801,1,0.0341796875,0.051226806640625,,7.168423486031417e-05,17.630470275878906
3802,1,0.025390625,0.049102783203125,,7.157077067531834e-05,21.8810977935791
3803,1,0.017578125,0.046539306640625,,7.14573813559127e-05,21.631505966186523
3804,1,0.01544189453125,0.03724365234375,,7.13440669496733e-05,21.505531311035156
3805,1,0.02099609375,0.03472900390625,,7.123082750414486e-05,17.630340576171875
3806,1,0.03125,0.03201904296875,,7.11176630668404e-05,17.38112449645996
3807,1,0.0223388671875,0.032781982421875,,7.100457368524174e-05,20.630640029907227
3808,1,0.0380859375,0.030975341796875,,7.089155940679893e-05,16.505098342895508
3809,1,0.047119140625,0.029608154296875,,7.077862027893075e-05,13.068475723266602
3810,1,0.033203125,0.028558349609375,,7.066575634902436e-05,12.253978729248047
3811,1,0.03759765625,0.028900146484375,,7.05529676644354e-05,15.817063331604004
3812,1,0.045166015625,0.030877685546875,,7.044025427248794e-05,17.256149291992188
3813,1,0.06396484375,0.035516357421875,,7.032761622047426e-05,17.131336212158203
3814,1,0.036865234375,0.03765869140625,,7.02150535556553e-05,13.754650115966797
3815,1,0.0341796875,0.03897705078125,,7.010256632526036e-05,19.507177352905273
3816,1,0.048583984375,0.04071044921875,,6.999015457648677e-05,20.8817138671875
3817,1,0.030029296875,0.0414794921875,,6.987781835650064e-05,13.504082679748535
3818,1,0.035888671875,0.041259765625,,6.9765557712436e-05,16.755361557006836
3819,1,0.043701171875,0.04091796875,,6.965337269139536e-05,11.69175910949707
3820,1,0.0260009765625,0.04019775390625,,6.95412633404495e-05,20.88033676147461
3821,1,0.042236328125,0.04066162109375,,6.94292297066374e-05,14.318153381347656
3822,1,0.037841796875,0.03992919921875,,6.93172718369664e-05,19.005714416503906
3823,1,0.031982421875,0.03673095703125,,6.920538977841179e-05,20.13148307800293
3824,1,0.053466796875,0.03839111328125,,6.909358357791726e-05,17.380699157714844
3825,1,0.061767578125,0.04114990234375,,6.898185328239467e-05,18.506500244140625
3826,1,0.051513671875,0.04144287109375,,6.887019893872388e-05,17.25550651550293
3827,1,0.048095703125,0.04324951171875,,6.875862059375302e-05,18.63102149963379
3828,1,0.126953125,0.05235595703125,,6.864711829429826e-05,21.506731033325195
3829,1,0.1259765625,0.06058349609375,,6.853569208714398e-05,21.38279914855957
3830,1,0.041259765625,0.062109375,,6.842434201904254e-05,20.631521224975586
3831,1,0.04345703125,0.0622314453125,,6.831306813671426e-05,18.88093376159668
3832,1,0.06591796875,0.0650390625,,6.82018704868477e-05,18.631641387939453
3833,1,0.0322265625,0.0650634765625,,6.809074911609922e-05,19.631319046020508
3834,1,0.0380859375,0.063525390625,,6.797970407109333e-05,19.005762100219727
3835,1,0.05517578125,0.0628662109375,,6.786873539842259e-05,12.754863739013672
3836,1,0.047119140625,0.0624267578125,,6.775784314464717e-05,15.380016326904297
3837,1,0.044677734375,0.0620849609375,,6.764702735629552e-05,15.317346572875977
3838,1,0.061767578125,0.05556640625,,6.753628807986389e-05,16.880897521972656
3839,1,0.06787109375,0.049755859375,,6.742562536181641e-05,14.505120277404785
3840,1,0.06640625,0.0522705078125,,6.731503924858518e-05,15.81812858581543
3841,1,0.042236328125,0.0521484375,,6.720452978656994e-05,11.879817008972168
3842,1,0.103515625,0.055908203125,,6.709409702213846e-05,19.631572723388672
3843,1,0.1083984375,0.063525390625,,6.698374100162633e-05,23.132831573486328
3844,1,0.035888671875,0.0633056640625,,6.68734617713368e-05,14.004504203796387
3845,1,0.0223388671875,0.06002197265625,,6.676325937754102e-05,14.0670804977417
3846,1,0.04296875,0.05960693359375,,6.66531338664779e-05,19.505008697509766
3847,1,0.046875,0.05982666015625,,6.654308528435402e-05,16.50568962097168
3848,1,0.031005859375,0.05675048828125,,6.64331136773438e-05,18.13001251220703
3849,1,0.060546875,0.05601806640625,,6.632321909158917e-05,14.193448066711426
3850,1,0.038330078125,0.05321044921875,,6.621340157319997e-05,17.50537872314453
3851,1,0.125,0.06148681640625,,6.610366116825345e-05,18.881595611572266
3852,1,0.14453125,0.06558837890625,,6.599399792279471e-05,22.88188934326172
3853,1,0.072265625,0.06197509765625,,6.588441188283651e-05,13.50546932220459
3854,1,0.037353515625,0.06212158203125,,6.577490309435896e-05,22.255905151367188
3855,1,0.0223388671875,0.06212158203125,,6.566547160331e-05,12.317086219787598
3856,1,0.029052734375,0.06072998046875,,6.5556117455605e-05,17.004743576049805
3857,1,0.027099609375,0.05875244140625,,6.544684069712697e-05,17.755626678466797
3858,1,0.06591796875,0.06224365234375,,6.53376413737265e-05,12.505282402038574
3859,1,0.07861328125,0.06405029296875,,6.522851953122141e-05,17.005859375
3860,1,0.060791015625,0.06629638671875,,6.511947521539737e-05,21.506088256835938
3861,1,0.0302734375,0.05682373046875,,6.50105084720072e-05,13.693841934204102
3862,1,0.07421875,0.04979248046875,,6.490161934677139e-05,17.504798889160156
3863,1,0.1103515625,0.05360107421875,,6.479280788537775e-05,18.507875442504883
3864,1,0.11767578125,0.06163330078125,,6.468407413348163e-05,9.505274772644043
3865,1,0.05859375,0.0652587890625,,6.457541813670565e-05,19.630752563476562
3866,1,0.022705078125,0.0646240234375,,6.446683994063992e-05,16.379762649536133
3867,1,0.044189453125,0.0663330078125,,6.43583395908417e-05,14.380075454711914
3868,1,0.029296875,0.0626708984375,,6.424991713283585e-05,14.317776679992676
3869,1,0.03759765625,0.0585693359375,,6.414157261211428e-05,15.881824493408203
3870,1,0.046875,0.057177734375,,6.403330607413643e-05,15.38060188293457
3871,1,0.10302734375,0.064453125,,6.392511756432898e-05,19.38101577758789
3872,1,0.0301513671875,0.06004638671875,,6.381700712808567e-05,16.755311965942383
3873,1,0.053466796875,0.05435791015625,,6.37089748107677e-05,15.568066596984863
3874,1,0.041748046875,0.04676513671875,,6.360102065770346e-05,16.755502700805664
3875,1,0.12890625,0.05379638671875,,6.349314471418849e-05,18.381061553955078
3876,1,0.03759765625,0.05528564453125,,6.338534702548557e-05,21.50586700439453
3877,1,0.111328125,0.06199951171875,,6.327762763682451e-05,13.067621231079102
3878,1,0.06787109375,0.06585693359375,,6.316998659340248e-05,18.130111694335938
3879,1,0.023681640625,0.06446533203125,,6.306242394038353e-05,22.131072998046875
3880,1,0.048828125,0.06466064453125,,6.295493972289903e-05,15.692322731018066
3881,1,0.028564453125,0.05721435546875,,6.284753398604735e-05,14.817535400390625
3882,1,0.048095703125,0.0590087890625,,6.274020677489395e-05,16.25585174560547
3883,1,0.05078125,0.058740234375,,6.26329581344714e-05,11.754532814025879
3884,1,0.041259765625,0.05869140625,,6.252578810977907e-05,6.129862308502197
3885,1,0.037109375,0.04951171875,,6.241869674578362e-05,17.005884170532227
3886,1,0.049560546875,0.0507080078125,,6.231168408741866e-05,14.12993335723877
3887,1,0.02294921875,0.0418701171875,,6.220475017958458e-05,17.13095474243164
3888,1,0.032470703125,0.038330078125,,6.209789506714896e-05,14.566862106323242
3889,1,0.041015625,0.0400634765625,,6.199111879494613e-05,23.632434844970703
3890,1,0.0634765625,0.0415283203125,,6.188442140777741e-05,12.942042350769043
3891,1,0.06884765625,0.045556640625,,6.177780295041124e-05,21.25625991821289
3892,1,0.1083984375,0.0515869140625,,6.167126346758256e-05,18.255666732788086
3893,1,0.02978515625,0.0494873046875,,6.156480300399348e-05,20.131155014038086
3894,1,0.01300048828125,0.046661376953125,,6.14584216043127e-05,12.754135131835938
3895,1,0.03564453125,0.046514892578125,,6.135211931317593e-05,17.630115509033203
3896,1,0.028564453125,0.044415283203125,,6.124589617518575e-05,12.316555976867676
3897,1,0.0849609375,0.050616455078125,,6.113975223491123e-05,20.631790161132812
3898,1,0.12890625,0.060260009765625,,6.103368753688848e-05,15.19473648071289
3899,1,0.04345703125,0.060504150390625,,6.0927702125620293e-05,21.00676727294922
3900,1,0.0517578125,0.059332275390625,,6.082179604557617e-05,12.318127632141113
3901,1,0.04052734375,0.056500244140625,,6.071596934119239e-05,16.63036346435547
3902,1,0.07666015625,0.053326416015625,,6.061022205687175e-05,17.755611419677734
3903,1,0.031982421875,0.053546142578125,,6.050455423698392e-05,12.0673828125
3904,1,0.037353515625,0.0559814453125,,6.039896592586522e-05,18.130544662475586
3905,1,0.044921875,0.0569091796875,,6.0293457167818366e-05,13.942411422729492
3906,1,0.0223388671875,0.05628662109375,,6.018802800711307e-05,13.942037582397461
3907,1,0.130859375,0.06087646484375,,6.008267848798526e-05,19.130624771118164
3908,1,0.076171875,0.05560302734375,,5.997740865463769e-05,22.134065628051758
3909,1,0.039306640625,0.05518798828125,,5.987221855123981e-05,14.818069458007812
3910,1,0.045166015625,0.05452880859375,,5.9767108221927214e-05,18.630565643310547
3911,1,0.0908203125,0.05955810546875,,5.96620777108024e-05,19.380428314208984
3912,1,0.03369140625,0.05526123046875,,5.955712706193406e-05,10.880125045776367
3913,1,0.11083984375,0.06314697265625,,5.945225631935763e-05,15.943815231323242
3914,1,0.05126953125,0.06453857421875,,5.9347465527074984e-05,18.880874633789062
3915,1,0.0908203125,0.06912841796875,,5.924275472905424e-05,9.31738567352295
3916,1,0.044921875,0.07138671875,,5.913812396923018e-05,18.631729125976562
3917,1,0.057861328125,0.0640869140625,,5.903357329150394e-05,18.50603675842285
3918,1,0.061279296875,0.06259765625,,5.8929102739743055e-05,19.75556755065918
3919,1,0.0849609375,0.0671630859375,,5.882471235778147e-05,6.286152362823486
3920,1,0.05859375,0.068505859375,,5.8720402189419294e-05,17.130298614501953
3921,1,0.045166015625,0.0639404296875,,5.8616172278423334e-05,12.067158699035645
3922,1,0.06298828125,0.0668701171875,,5.8512022668526315e-05,22.631559371948242
3923,1,0.07763671875,0.0635498046875,,5.840795340342761e-05,22.132495880126953
3924,1,0.04248046875,0.0626708984375,,5.830396452679279e-05,19.13104248046875
3925,1,0.039794921875,0.057568359375,,5.820005608225346e-05,17.881189346313477
3926,1,0.10107421875,0.06318359375,,5.809622811340787e-05,16.00585174560547
3927,1,0.051025390625,0.0625,,5.799248066382029e-05,18.8804874420166
3928,1,0.05224609375,0.0615966796875,,5.788881377702112e-05,11.567514419555664
3929,1,0.033447265625,0.0564453125,,5.778522749650719e-05,17.755563735961914
3930,1,0.037109375,0.054296875,,5.768172186574122e-05,17.630746841430664
3931,1,0.0791015625,0.0576904296875,,5.757829692815234e-05,16.506277084350586
3932,1,0.029296875,0.0543212890625,,5.747495272713576e-05,17.255064010620117
3933,1,0.044677734375,0.051025390625,,5.737168930605272e-05,6.788236618041992
3934,1,0.033203125,0.05009765625,,5.7268506708230667e-05,12.379480361938477
3935,1,0.0888671875,0.0550048828125,,5.716540497696307e-05,18.632936477661133
3936,1,0.054443359375,0.050341796875,,5.706238415550957e-05,17.755531311035156
3937,1,0.051513671875,0.050390625,,5.695944428709579e-05,13.255160331726074
3938,1,0.0693359375,0.052099609375,,5.685658541491329e-05,22.382495880126953
3939,1,0.025146484375,0.05126953125,,5.6753807582119874e-05,12.316763877868652
3940,1,0.04248046875,0.051806640625,,5.665111083183905e-05,12.81820011138916
3941,1,0.04541015625,0.0484375,,5.654849520716057e-05,18.756181716918945
3942,1,0.125,0.0580078125,,5.644596075114003e-05,14.818828582763672
3943,1,0.09326171875,0.0628662109375,,5.634350750679898e-05,15.25602912902832
3944,1,0.03271484375,0.0628173828125,,5.624113551712495e-05,16.630146026611328
3945,1,0.142578125,0.0681884765625,,5.6138844825071225e-05,21.006792068481445
3946,1,0.146484375,0.077392578125,,5.6036635473557114e-05,22.882600784301758
3947,1,0.05810546875,0.0780517578125,,5.593450750546786e-05,19.38142967224121
3948,1,0.0380859375,0.0749267578125,,5.5832460963654295e-05,21.506065368652344
3949,1,0.0732421875,0.079736328125,,5.57304958909334e-05,13.128936767578125
3950,1,0.043212890625,0.0798095703125,,5.562861233008773e-05,19.255826950073242
3951,1,0.050537109375,0.080322265625,,5.552681032386572e-05,12.254185676574707
3952,1,0.07373046875,0.0751953125,,5.542508991498169e-05,17.755287170410156
3953,1,0.056640625,0.071533203125,,5.532345114611556e-05,19.880983352661133
3954,1,0.01544189453125,0.069805908203125,,5.522189405991315e-05,14.191537857055664
3955,1,0.035888671875,0.059136962890625,,5.512041869898585e-05,19.380571365356445
3956,1,0.060302734375,0.050518798828125,,5.5019025105910836e-05,19.006614685058594
3957,1,0.060546875,0.050762939453125,,5.4917713323231086e-05,14.567726135253906
3958,1,0.050537109375,0.052008056640625,,5.481648339345499e-05,11.317307472229004
3959,1,0.07177734375,0.051861572265625,,5.4715335359056816e-05,15.318283081054688
3960,1,0.0810546875,0.055645751953125,,5.461426926247639e-05,15.256467819213867
3961,1,0.07568359375,0.058160400390625,,5.45132851461192e-05,16.13041877746582
3962,1,0.08447265625,0.059234619140625,,5.4412383052356354e-05,16.380355834960938
3963,1,0.04931640625,0.058502197265625,,5.431156302352433e-05,23.881999969482422
3964,1,0.0458984375,0.0615478515625,,5.421082510192546e-05,19.756656646728516
3965,1,0.042724609375,0.0622314453125,,5.411016932982751e-05,18.506208419799805
3966,1,0.080078125,0.064208984375,,5.400959574946371e-05,23.759296417236328
3967,1,0.03564453125,0.06171875,,5.390910440303295e-05,25.1334228515625
3968,1,0.044189453125,0.061083984375,,5.380869533269944e-05,18.6306095123291
3969,1,0.044677734375,0.0583740234375,,5.370836858059297e-05,16.00539779663086
3970,1,0.0201416015625,0.05228271484375,,5.360812418880884e-05,14.692575454711914
3971,1,0.040771484375,0.04879150390625,,5.35079621994077e-05,18.881078720092773
3972,1,0.06396484375,0.04674072265625,,5.3407882654415735e-05,21.880765914916992
3973,1,0.041259765625,0.04593505859375,,5.3307885595824304e-05,14.31735897064209
3974,1,0.03759765625,0.04510498046875,,5.320797106559044e-05,15.317317008972168
3975,1,0.07666015625,0.04849853515625,,5.310813910563644e-05,17.755727767944336
3976,1,0.06298828125,0.04678955078125,,5.3008389757849826e-05,18.380281448364258
3977,1,0.039306640625,0.04715576171875,,5.2908723064083646e-05,13.316848754882812
3978,1,0.060302734375,0.04876708984375,,5.2809139066156196e-05,15.693368911743164
3979,1,0.05078125,0.04937744140625,,5.270963780585103e-05,19.25629234313965
3980,1,0.038330078125,0.0511962890625,,5.2610219324917134e-05,18.50569725036621
3981,1,0.0693359375,0.054052734375,,5.251088366506854e-05,15.631092071533203
3982,1,0.046630859375,0.0523193359375,,5.241163086798473e-05,11.880144119262695
3983,1,0.06298828125,0.0544921875,,5.231246097531023e-05,16.005184173583984
3984,1,0.0400390625,0.054736328125,,5.221337402865492e-05,14.005294799804688
3985,1,0.03662109375,0.050732421875,,5.211437006959396e-05,20.381092071533203
3986,1,0.04052734375,0.048486328125,,5.201544913966741e-05,23.50644874572754
3987,1,0.09814453125,0.0543701171875,,5.191661128038072e-05,15.06816291809082
3988,1,0.052490234375,0.0535888671875,,5.181785653320442e-05,21.256065368652344
3989,1,0.060302734375,0.054541015625,,5.171918493957417e-05,17.880653381347656
3990,1,0.06103515625,0.0568115234375,,5.1620596540890826e-05,19.75634765625
3991,1,0.03173828125,0.0530517578125,,5.152209137852007e-05,19.630130767822266
3992,1,0.0390625,0.052294921875,,5.142366949379293e-05,20.006181716918945
3993,1,0.04345703125,0.050341796875,,5.132533092800548e-05,18.5065975189209
3994,1,0.07861328125,0.05419921875,,5.1227075722418606e-05,17.13033103942871
3995,1,0.04052734375,0.05458984375,,5.112890391825844e-05,14.44322395324707
3996,1,0.030029296875,0.0535400390625,,5.1030815556716044e-05,21.505693435668945
3997,1,0.0625,0.0499755859375,,5.093281067894745e-05,12.003735542297363
3998,1,0.06689453125,0.051416015625,,5.0834889326073803e-05,20.631078720092773
3999,1,0.02783203125,0.0481689453125,,5.073705153918093e-05,19.006256103515625
4000,1,0.04541015625,0.0466064453125,0.05967342569242235,5.063929735931985e-05,13.817138671875
4001,1,0.051513671875,0.048583984375,,5.054162682750629e-05,11.443032264709473
4002,1,0.05810546875,0.05048828125,,5.044403998472105e-05,15.568157196044922
4003,1,0.031982421875,0.0493408203125,,5.034653687190987e-05,15.129945755004883
4004,1,0.037353515625,0.04521484375,,5.024911752998304e-05,17.505558013916016
4005,1,0.04345703125,0.0455078125,,5.015178199981602e-05,17.381587982177734
4006,1,0.033935546875,0.0458984375,,5.005453032224899e-05,18.75625228881836
4007,1,0.07958984375,0.047607421875,,4.9957362538086916e-05,11.442591667175293
4008,1,0.0595703125,0.046875,,4.986027868809967e-05,11.317573547363281
4009,1,0.0419921875,0.048291015625,,4.9763278813021727e-05,19.881608963012695
4010,1,0.015869140625,0.0453369140625,,4.9666362953552536e-05,15.942331314086914
4011,1,0.036376953125,0.0438232421875,,4.956953115035609e-05,18.25594711303711
4012,1,0.12158203125,0.0501708984375,,4.9472783444061256e-05,18.38116455078125
4013,1,0.03466796875,0.050439453125,,4.937611987526158e-05,16.755184173583984
4014,1,0.0634765625,0.0530517578125,,4.927954048451527e-05,14.442549705505371
4015,1,0.0238037109375,0.05108642578125,,4.918304531234533e-05,17.755111694335938
4016,1,0.107421875,0.05843505859375,,4.90866343992393e-05,15.81806755065918
4017,1,0.043212890625,0.05479736328125,,4.899030778564936e-05,7.066751003265381
4018,1,0.033203125,0.05216064453125,,4.889406551199246e-05,10.254876136779785
4019,1,0.0390625,0.05186767578125,,4.879790761864994e-05,8.941973686218262
4020,1,0.021728515625,0.05245361328125,,4.8701834145967936e-05,11.942212104797363
4021,1,0.04931640625,0.05374755859375,,4.860584513425717e-05,16.63068962097168
4022,1,0.05517578125,0.04710693359375,,4.8509940623792715e-05,18.755653381347656
4023,1,0.0269775390625,0.046337890625,,4.841412065481435e-05,14.379380226135254
4024,1,0.04248046875,0.04423828125,,4.831838526752641e-05,9.568042755126953
4025,1,0.048583984375,0.04671630859375,,4.822273450209766e-05,17.25539207458496
4026,1,0.095703125,0.04554443359375,,4.812716839866144e-05,20.131711959838867
4027,1,0.05517578125,0.04674072265625,,4.803168699731539e-05,15.81705379486084
4028,1,0.03271484375,0.04669189453125,,4.7936290338121854e-05,12.004234313964844
4029,1,0.03515625,0.04630126953125,,4.784097846110741e-05,18.506759643554688
4030,1,0.03955078125,0.04808349609375,,4.7745751406263163e-05,22.13228988647461
4031,1,0.043701171875,0.04752197265625,,4.7650609213544635e-05,10.004385948181152
4032,1,0.0174560546875,0.04375,,4.7555551922871726e-05,21.380931854248047
4033,1,0.0228271484375,0.0433349609375,,4.746057957412878e-05,10.879799842834473
4034,1,0.058349609375,0.044921875,,4.736569220716427e-05,20.506227493286133
4035,1,0.029296875,0.0429931640625,,4.727088986179129e-05,9.0034761428833
4036,1,0.039794921875,0.03740234375,,4.717617257778717e-05,15.5697603225708
4037,1,0.0286865234375,0.03475341796875,,4.7081540394893376e-05,17.631187438964844
4038,1,0.031982421875,0.03468017578125,,4.6986993352816006e-05,12.817424774169922
4039,1,0.055419921875,0.03670654296875,,4.689253149122505e-05,16.38180923461914
4040,1,0.035888671875,0.03634033203125,,4.6798154849755056e-05,13.817656517028809
4041,1,0.06689453125,0.03865966796875,,4.67038634680047e-05,21.131338119506836
4042,1,0.046875,0.0416015625,,4.660965738553688e-05,24.257783889770508
4043,1,0.0361328125,0.04293212890625,,4.65155366418788e-05,20.131282806396484
4044,1,0.05078125,0.04217529296875,,4.642150127652164e-05,21.38267707824707
4045,1,0.042236328125,0.04346923828125,,4.6327551328920945e-05,12.255013465881348
4046,1,0.04443359375,0.04393310546875,,4.623368683849643e-05,15.692963600158691
4047,1,0.019287109375,0.0429931640625,,4.613990784463182e-05,16.380165100097656
4048,1,0.07666015625,0.0474609375,,4.604621438667503e-05,13.442632675170898
4049,1,0.04150390625,0.0460693359375,,4.595260650393812e-05,15.380343437194824
4050,1,0.044189453125,0.0468994140625,,4.585908423569724e-05,16.880884170532227
4051,1,0.041015625,0.0443115234375,,4.576564762119265e-05,12.129870414733887
4052,1,0.048828125,0.0445068359375,,4.567229669962847e-05,15.067556381225586
4053,1,0.072265625,0.0481201171875,,4.557903151017309e-05,14.256129264831543
4054,1,0.052001953125,0.0482421875,,4.5485852091958904e-05,14.880428314208984
4055,1,0.056396484375,0.049658203125,,4.539275848408217e-05,21.00705337524414
4056,1,0.0245361328125,0.04766845703125,,4.5299750725603327e-05,16.13009262084961
4057,1,0.035400390625,0.04927978515625,,4.520682885554658e-05,19.380722045898438
4058,1,0.04931640625,0.04654541015625,,4.511399291290033e-05,20.506458282470703
4059,1,0.0272216796875,0.0451171875,,4.502124293661675e-05,17.755109786987305
4060,1,0.040771484375,0.044775390625,,4.492857896561203e-05,15.504863739013672
4061,1,0.039306640625,0.0446044921875,,4.483600103876634e-05,18.63079261779785
4062,1,0.05224609375,0.0449462890625,,4.474350919492351e-05,15.755420684814453
4063,1,0.076171875,0.0453369140625,,4.4651103472891445e-05,16.13084602355957
4064,1,0.0419921875,0.0443359375,,4.455878391144197e-05,16.004880905151367
4065,1,0.039306640625,0.042626953125,,4.446655054931051e-05,13.0668306350708
4066,1,0.05029296875,0.04520263671875,,4.437440342519653e-05,18.00612449645996
4067,1,0.064453125,0.04810791015625,,4.4282342577763256e-05,20.630964279174805
4068,1,0.032470703125,0.04642333984375,,4.4190368045637724e-05,17.130088806152344
4069,1,0.08740234375,0.05244140625,,4.409847986741078e-05,14.255233764648438
4070,1,0.056396484375,0.05400390625,,4.4006678081636886e-05,16.25511360168457
4071,1,0.07568359375,0.0576416015625,,4.391496272683451e-05,19.756006240844727
4072,1,0.10693359375,0.0631103515625,,4.382333384148554e-05,17.880794525146484
4073,1,0.031982421875,0.05869140625,,4.373179146403583e-05,11.816961288452148
4074,1,0.08837890625,0.063330078125,,4.364033563289493e-05,17.380916595458984
4075,1,0.03076171875,0.0624755859375,,4.3548966386435905e-05,23.38123893737793
4076,1,0.06591796875,0.0640380859375,,4.345768376299564e-05,15.817960739135742
4077,1,0.04833984375,0.0624267578125,,4.336648780087463e-05,20.006000518798828
4078,1,0.04736328125,0.063916015625,,4.327537853833699e-05,12.505335807800293
4079,1,0.1259765625,0.0677734375,,4.318435601361054e-05,18.00634002685547
4080,1,0.10986328125,0.0731201171875,,4.3093420264886526e-05,23.382110595703125
4081,1,0.056396484375,0.07119140625,,4.300257133031998e-05,20.88136863708496
4082,1,0.0267333984375,0.06317138671875,,4.291180924802946e-05,20.380191802978516
4083,1,0.0267333984375,0.062646484375,,4.2821134056096914e-05,21.75577735900879
4084,1,0.0634765625,0.06015625,,4.2730545792568075e-05,17.382333755493164
4085,1,0.0277099609375,0.05985107421875,,4.264004449545206e-05,17.505352020263672
4086,1,0.03662109375,0.05692138671875,,4.254963020272154e-05,21.1309814453125
4087,1,0.03759765625,0.05584716796875,,4.245930295231276e-05,15.006121635437012
4088,1,0.10693359375,0.06180419921875,,4.236906278212518e-05,23.882213592529297
4089,1,0.109375,0.06014404296875,,4.227890973002207e-05,21.256269454956055
4090,1,0.10546875,0.05970458984375,,4.218884383382987e-05,21.13355827331543
4091,1,0.055908203125,0.05965576171875,,4.209886513133854e-05,18.8812198638916
4092,1,0.041748046875,0.0611572265625,,4.2008973660301596e-05,18.006628036499023
4093,1,0.072265625,0.06571044921875,,4.191916945843568e-05,13.067278861999512
4094,1,0.038818359375,0.06324462890625,,4.182945256342105e-05,8.317338943481445
4095,1,0.036376953125,0.064111328125,,4.173982301290122e-05,10.629015922546387
4096,1,0.0556640625,0.066015625,,4.1650280844483136e-05,16.505956649780273
4097,1,0.043701171875,0.0666259765625,,4.1560826095737025e-05,16.00530433654785
4098,1,0.0419921875,0.0601318359375,,4.147145880419634e-05,11.629666328430176
4099,1,0.036376953125,0.05283203125,,4.138217900735808e-05,17.880538940429688
4100,1,0.04150390625,0.046435546875,,4.129298674268226e-05,20.131343841552734
4101,1,0.043701171875,0.04521484375,,4.120388204759232e-05,18.630708694458008
4102,1,0.039306640625,0.044970703125,,4.1114864959474975e-05,17.254850387573242
4103,1,0.0439453125,0.042138671875,,4.102593551568015e-05,17.755659103393555
4104,1,0.07275390625,0.0455322265625,,4.0937093753521003e-05,15.88029956817627
4105,1,0.049560546875,0.0468505859375,,4.08483397102738e-05,16.256000518798828
4106,1,0.052978515625,0.04658203125,,4.075967342317816e-05,17.3798828125
4107,1,0.0380859375,0.0460205078125,,4.0671094929436827e-05,21.13164520263672
4108,1,0.038818359375,0.045703125,,4.058260426621563e-05,20.880643844604492
4109,1,0.044677734375,0.046533203125,,4.049420147064359e-05,22.25725555419922
4110,1,0.05908203125,0.048291015625,,4.0405886579813006e-05,19.256254196166992
4111,1,0.06494140625,0.0504150390625,,4.031765963077902e-05,8.816938400268555
4112,1,0.049560546875,0.0514404296875,,4.02295206605601e-05,12.2554931640625
4113,1,0.05615234375,0.0526611328125,,4.014146970613769e-05,17.255542755126953
4114,1,0.032470703125,0.0486328125,,4.005350680445632e-05,13.06794548034668
4115,1,0.05322265625,0.0489990234375,,3.99656319924237e-05,17.381664276123047
4116,1,0.03662109375,0.04736328125,,3.987784530691033e-05,21.006628036499023
4117,1,0.06103515625,0.049658203125,,3.979014678474999e-05,14.880684852600098
4118,1,0.0458984375,0.0503662109375,,3.970253646273925e-05,22.005956649780273
4119,1,0.05322265625,0.051220703125,,3.9615014377637785e-05,20.13184356689453
4120,1,0.08203125,0.053515625,,3.9527580566168256e-05,18.00580596923828
4121,1,0.034912109375,0.0505126953125,,3.944023506501629e-05,12.566916465759277
4122,1,0.034423828125,0.0489990234375,,3.935297791083048e-05,19.881004333496094
4123,1,0.038818359375,0.047265625,,3.926580914022218e-05,15.87990951538086
4124,1,0.052001953125,0.04921875,,3.917872878976589e-05,16.130767822265625
4125,1,0.043212890625,0.0482177734375,,3.90917368959989e-05,17.50543975830078
4126,1,0.046630859375,0.04921875,,3.9004833495421304e-05,21.38130760192871
4127,1,0.05322265625,0.0484375,,3.891801862449629e-05,21.381738662719727
4128,1,0.06787109375,0.050634765625,,3.883129231964963e-05,18.0054874420166
4129,1,0.03173828125,0.048486328125,,3.874465461727006e-05,20.88129234313965
4130,1,0.0244140625,0.042724609375,,3.8658105553709356e-05,14.25454044342041
4131,1,0.053955078125,0.04462890625,,3.857164516528172e-05,16.004810333251953
4132,1,0.064453125,0.0476318359375,,3.8485273488264385e-05,12.255786895751953
4133,1,0.0208740234375,0.04583740234375,,3.839899055889726e-05,22.381032943725586
4134,1,0.03759765625,0.04439697265625,,3.8312796413383086e-05,16.629535675048828
4135,1,0.12158203125,0.05223388671875,,3.822669108788737e-05,18.006832122802734
4136,1,0.024169921875,0.04998779296875,,3.814067461853821e-05,20.880939483642578
4137,1,0.0302734375,0.04769287109375,,3.805474704142656e-05,16.255651473999023
4138,1,0.0289306640625,0.043798828125,,3.7968908392606056e-05,17.505468368530273
4139,1,0.07177734375,0.047802734375,,3.7883158708093e-05,20.631834030151367
4140,1,0.0155029296875,0.04691162109375,,3.779749802386639e-05,13.878935813903809
4141,1,0.08154296875,0.04967041015625,,3.7711926375867785e-05,15.754998207092285
4142,1,0.059814453125,0.04920654296875,,3.762644380000152e-05,20.506820678710938
4143,1,0.08203125,0.055322265625,,3.754105033213451e-05,18.881004333496094
4144,1,0.044677734375,0.0560302734375,,3.745574600809618e-05,15.755990982055664
4145,1,0.041015625,0.0479736328125,,3.737053086367872e-05,17.255395889282227
4146,1,0.04736328125,0.05029296875,,3.728540493463678e-05,23.131874084472656
4147,1,0.06640625,0.05390625,,3.7200368256687544e-05,14.505002975463867
4148,1,0.05078125,0.05609130859375,,3.711542086551106e-05,18.88022232055664
4149,1,0.041015625,0.05301513671875,,3.703056279674943e-05,17.25551986694336
4150,1,0.04052734375,0.055517578125,,3.69457940860077e-05,21.50624656677246
4151,1,0.03271484375,0.050634765625,,3.6861114768853124e-05,19.005495071411133
4152,1,0.0390625,0.0485595703125,,3.677652488081559e-05,13.067780494689941
4153,1,0.1259765625,0.0529541015625,,3.669202445738754e-05,15.881036758422852
4154,1,0.045166015625,0.0530029296875,,3.6607613534023645e-05,12.87942123413086
4155,1,0.0791015625,0.0568115234375,,3.6523292146141225e-05,18.255950927734375
4156,1,0.03125,0.0552001953125,,3.6439060329119977e-05,15.504791259765625
4157,1,0.06884765625,0.0554443359375,,3.6354918118301964e-05,16.630748748779297
4158,1,0.06689453125,0.0570556640625,,3.627086554899181e-05,15.817246437072754
4159,1,0.0255126953125,0.05550537109375,,3.618690265645627e-05,13.879903793334961
4160,1,0.04443359375,0.05589599609375,,3.610302947592473e-05,12.879591941833496
4161,1,0.0517578125,0.05780029296875,,3.6019246042588716e-05,13.130242347717285
4162,1,0.0224609375,0.05614013671875,,3.5935552391602235e-05,16.38037109375
4163,1,0.020263671875,0.04556884765625,,3.5851948558081656e-05,12.066740989685059
4164,1,0.0225830078125,0.043310546875,,3.5768434577105435e-05,18.130014419555664
4165,1,0.05224609375,0.040625,,3.5685010483714694e-05,15.75532054901123
4166,1,0.11962890625,0.049462890625,,3.560167631291247e-05,17.380125045776367
4167,1,0.068359375,0.0494140625,,3.551843209966429e-05,12.567927360534668
4168,1,0.0299072265625,0.04571533203125,,3.543527787889797e-05,16.255680084228516
4169,1,0.052490234375,0.0484130859375,,3.535221368550329e-05,23.38222312927246
4170,1,0.10009765625,0.0539794921875,,3.526923955433256e-05,19.631834030151367
4171,1,0.052001953125,0.05400390625,,3.518635552020022e-05,9.756040573120117
4172,1,0.04931640625,0.056689453125,,3.510356161788278e-05,20.50714111328125
4173,1,0.045166015625,0.0591796875,,3.5020857882119035e-05,16.38088607788086
4174,1,0.064453125,0.06336669921875,,3.493824434760998e-05,18.63113784790039
4175,1,0.08056640625,0.06619873046875,,3.485572104901869e-05,17.381175994873047
4176,1,0.041259765625,0.05836181640625,,3.4773288020970464e-05,18.75526237487793
4177,1,0.01708984375,0.05323486328125,,3.469094529805256e-05,20.131223678588867
4178,1,0.09423828125,0.05966796875,,3.460869291481461e-05,16.005916595458984
4179,1,0.0264892578125,0.05706787109375,,3.452653090576802e-05,17.005796432495117
4180,1,0.07568359375,0.05462646484375,,3.444445930538651e-05,18.00542449951172
4181,1,0.0322265625,0.05264892578125,,3.4362478148105806e-05,19.880624771118164
4182,1,0.0255126953125,0.0502685546875,,3.428058746832371e-05,16.62964630126953
4183,1,0.08251953125,0.05400390625,,3.419878730040002e-05,9.3178071975708
4184,1,0.0732421875,0.0548828125,,3.4117077678656515e-05,15.25528335571289
4185,1,0.0242919921875,0.04925537109375,,3.403545863737706e-05,14.56672477722168
4186,1,0.01361083984375,0.046490478515625,,3.395393021080753e-05,12.691550254821777
4187,1,0.11474609375,0.056256103515625,,3.3872492433155684e-05,22.882110595703125
4188,1,0.060791015625,0.052911376953125,,3.379114533859134e-05,16.005491256713867
4189,1,0.036376953125,0.053900146484375,,3.3709888961246187e-05,21.631914138793945
4190,1,0.1064453125,0.056976318359375,,3.362872333521389e-05,20.631872177124023
4191,1,0.054443359375,0.059197998046875,,3.354764849455008e-05,12.254335403442383
4192,1,0.05126953125,0.061773681640625,,3.346666447327221e-05,17.380847930908203
4193,1,0.034423828125,0.056964111328125,,3.3385771305359744e-05,19.505434036254883
4194,1,0.07470703125,0.057110595703125,,3.330496902475388e-05,17.00508689880371
4195,1,0.0478515625,0.059466552734375,,3.322425766535778e-05,9.441125869750977
4196,1,0.047119140625,0.0628173828125,,3.3143637261036445e-05,17.88056755065918
4197,1,0.07373046875,0.0587158203125,,3.306310784561667e-05,16.255813598632812
4198,1,0.033203125,0.05595703125,,3.2982669452887084e-05,16.00491714477539
4199,1,0.046630859375,0.056982421875,,3.290232211659819e-05,6.161410808563232
4200,1,0.0247802734375,0.04881591796875,,3.2822065870462214e-05,14.75528335571289
4201,1,0.03173828125,0.04654541015625,,3.2741900748153254e-05,12.817152976989746
4202,1,0.057861328125,0.04720458984375,,3.266182678330698e-05,16.505434036254883
4203,1,0.0201416015625,0.0457763671875,,3.2581844009521024e-05,12.31594467163086
4204,1,0.1083984375,0.0491455078125,,3.25019524603547e-05,24.383798599243164
4205,1,0.06494140625,0.0508544921875,,3.2422152169328925e-05,17.380990982055664
4206,1,0.043212890625,0.0504638671875,,3.2342443169926486e-05,18.006746292114258
4207,1,0.0654296875,0.0496337890625,,3.2262825495591755e-05,15.880434036254883
4208,1,0.04833984375,0.0511474609375,,3.218329917973084e-05,17.25522804260254
4209,1,0.0341796875,0.04990234375,,3.2103864255711546e-05,6.007488250732422
4210,1,0.06494140625,0.05391845703125,,3.202452075686324e-05,17.75567054748535
4211,1,0.037109375,0.05445556640625,,3.194526871647704e-05,13.129181861877441
4212,1,0.091796875,0.05784912109375,,3.186610816780558e-05,13.754876136779785
4213,1,0.05859375,0.0616943359375,,3.178703914406314e-05,21.506057739257812
4214,1,0.08154296875,0.0590087890625,,3.1708061678425715e-05,12.316916465759277
4215,1,0.04638671875,0.0571533203125,,3.162917580403066e-05,16.880451202392578
4216,1,0.041015625,0.05693359375,,3.155038155397705e-05,20.63115882873535
4217,1,0.048095703125,0.0552001953125,,3.147167896132552e-05,7.566722393035889
4218,1,0.043212890625,0.0546875,,3.139306805909822e-05,5.63018798828125
4219,1,0.018310546875,0.0531005859375,,3.131454888027887e-05,22.256145477294922
4220,1,0.03857421875,0.0504638671875,,3.123612145781254e-05,22.75673484802246
4221,1,0.025146484375,0.049267578125,,3.1157785824606016e-05,15.692268371582031
4222,1,0.03662109375,0.04375,,3.1079542013527415e-05,17.255481719970703
4223,1,0.038330078125,0.0417236328125,,3.10013900574064e-05,9.128798484802246
4224,1,0.01806640625,0.0353759765625,,3.092332998903416e-05,16.87986946105957
4225,1,0.044677734375,0.035205078125,,3.08453618411631e-05,18.006555557250977
4226,1,0.03564453125,0.03466796875,,3.07674856465073e-05,17.505056381225586
4227,1,0.025390625,0.0323974609375,,3.068970143774216e-05,15.880322456359863
4228,1,0.061767578125,0.0342529296875,,3.061200924750446e-05,18.505788803100586
4229,1,0.07568359375,0.039990234375,,3.0534409108392504e-05,15.5057954788208
4230,1,0.0302734375,0.03916015625,,3.0456901052965725e-05,19.75578498840332
4231,1,0.03955078125,0.0406005859375,,3.037948511374511e-05,18.1309871673584
4232,1,0.0238037109375,0.03931884765625,,3.0302161323213006e-05,20.256847381591797
4233,1,0.04443359375,0.03992919921875,,3.0224929713812966e-05,20.881593704223633
4234,1,0.035888671875,0.04171142578125,,3.014779031794998e-05,21.00674819946289
4235,1,0.04736328125,0.04197998046875,,3.0070743167990273e-05,12.379829406738281
4236,1,0.037841796875,0.04219970703125,,2.9993788296261426e-05,13.004615783691406
4237,1,0.09033203125,0.04869384765625,,2.9916925735052335e-05,16.631086349487305
4238,1,0.064453125,0.04896240234375,,2.9840155516612953e-05,14.567160606384277
4239,1,0.033447265625,0.04473876953125,,2.9763477673154794e-05,10.005188941955566
4240,1,0.0341796875,0.04512939453125,,2.9686892236850338e-05,17.505708694458008
4241,1,0.1005859375,0.05123291015625,,2.961039923983344e-05,20.257823944091797
4242,1,0.0303955078125,0.05189208984375,,2.9533998714199208e-05,15.880572319030762
4243,1,0.0283203125,0.05028076171875,,2.945769069200377e-05,18.00713348388672
4244,1,0.03515625,0.05020751953125,,2.9381475205264657e-05,20.13161277770996
4245,1,0.056640625,0.05113525390625,,2.93053522859604e-05,17.755138397216797
4246,1,0.05078125,0.05242919921875,,2.9229321966030786e-05,16.005693435668945
4247,1,0.02685546875,0.04608154296875,,2.915338427737682e-05,17.00528907775879
4248,1,0.045166015625,0.04415283203125,,2.907753925186038e-05,17.880971908569336
4249,1,0.0380859375,0.04461669921875,,2.9001786921304756e-05,18.380762100219727
4250,1,0.046875,0.04588623046875,,2.892612731749414e-05,13.192588806152344
4251,1,0.047607421875,0.04058837890625,,2.885056047217391e-05,19.505794525146484
4252,1,0.047607421875,0.0423095703125,,2.8775086417050512e-05,22.8817195892334
4253,1,0.056884765625,0.045166015625,,2.8699705183791502e-05,7.473334789276123
4254,1,0.0281982421875,0.04447021484375,,2.8624416804025473e-05,21.131103515625
4255,1,0.08984375,0.04779052734375,,2.85492213093419e-05,14.817195892333984
4256,1,0.0400390625,0.04671630859375,,2.8474118731291494e-05,17.75554847717285
4257,1,0.05078125,0.04910888671875,,2.8399109101385963e-05,13.75502872467041
4258,1,0.03369140625,0.04796142578125,,2.8324192451097825e-05,10.379342079162598
4259,1,0.0732421875,0.05147705078125,,2.824936881186077e-05,14.380057334899902
4260,1,0.0634765625,0.05313720703125,,2.8174638215069492e-05,13.130925178527832
4261,1,0.013916015625,0.04976806640625,,2.810000069207941e-05,17.129642486572266
4262,1,0.014404296875,0.04644775390625,,2.8025456274207134e-05,8.753005981445312
4263,1,0.01226806640625,0.041986083984375,,2.7951004992730093e-05,17.505002975463867
4264,1,0.021484375,0.041314697265625,,2.7876646878886664e-05,11.629491806030273
4265,1,0.0185546875,0.034185791015625,,2.780238196387619e-05,17.38076400756836
4266,1,0.0257568359375,0.032757568359375,,2.7728210278858744e-05,20.131776809692383
4267,1,0.0712890625,0.034808349609375,,2.7654131854955495e-05,20.25652503967285
4268,1,0.031982421875,0.034637451171875,,2.758014672324824e-05,19.38132667541504
4269,1,0.051513671875,0.032464599609375,,2.750625491477987e-05,14.629904747009277
4270,1,0.01397705078125,0.0275146484375,,2.7432456460553977e-05,14.067244529724121
4271,1,0.049072265625,0.0310302734375,,2.7358751391535043e-05,18.130502700805664
4272,1,0.037109375,0.03330078125,,2.728513973864838e-05,8.25399112701416
4273,1,0.040771484375,0.036151123046875,,2.721162153277998e-05,16.504663467407227
4274,1,0.0322265625,0.037225341796875,,2.713819680477675e-05,15.505106925964355
4275,1,0.02734375,0.038104248046875,,2.7064865585446435e-05,14.692075729370117
4276,1,0.12255859375,0.047784423828125,,2.6991627905557287e-05,12.442644119262695
4277,1,0.0206298828125,0.042718505859375,,2.691848379583861e-05,15.004940032958984
4278,1,0.05322265625,0.044842529296875,,2.6845433286980247e-05,12.942194938659668
4279,1,0.048583984375,0.044549560546875,,2.6772476409632817e-05,19.006332397460938
4280,1,0.051513671875,0.04830322265625,,2.6699613194407722e-05,18.50515365600586
4281,1,0.06884765625,0.05028076171875,,2.662684367187701e-05,17.50595474243164
4282,1,0.061279296875,0.05269775390625,,2.6554167872573447e-05,16.38105010986328
4283,1,0.03857421875,0.05247802734375,,2.6481585826990338e-05,16.00513458251953
4284,1,0.045166015625,0.05377197265625,,2.6409097565581852e-05,16.631473541259766
4285,1,0.056640625,0.05670166015625,,2.6336703118762767e-05,17.255462646484375
4286,1,0.08837890625,0.05328369140625,,2.6264402516908288e-05,22.382673263549805
4287,1,0.037353515625,0.0549560546875,,2.6192195790354533e-05,12.442334175109863
4288,1,0.06298828125,0.0559326171875,,2.6120082969398053e-05,12.0674467086792
4289,1,0.033447265625,0.0544189453125,,2.6048064084296052e-05,16.255510330200195
4290,1,0.09033203125,0.05830078125,,2.5976139165266367e-05,18.00574493408203
4291,1,0.0255126953125,0.05396728515625,,2.5904308242487268e-05,18.25568962097168
4292,1,0.048583984375,0.05269775390625,,2.583257134609773e-05,15.31786823272705
4293,1,0.08642578125,0.05748291015625,,2.5760928506197297e-05,15.75602912902832
4294,1,0.06201171875,0.05916748046875,,2.5689379752845798e-05,9.129369735717773
4295,1,0.045654296875,0.05806884765625,,2.5617925116063923e-05,10.942989349365234
4296,1,0.046142578125,0.05384521484375,,2.5546564625832602e-05,23.006011962890625
4297,1,0.10791015625,0.06090087890625,,2.5475298312093387e-05,13.379690170288086
4298,1,0.03857421875,0.05845947265625,,2.5404126204748355e-05,13.880049705505371
4299,1,0.0380859375,0.05892333984375,,2.5333048333659957e-05,17.380380630493164
4300,1,0.018310546875,0.05172119140625,,2.5262064728651197e-05,19.63075065612793
4301,1,0.01300048828125,0.050469970703125,,2.5191175419505385e-05,16.754840850830078
4302,1,0.00994873046875,0.0466064453125,,2.5120380435966455e-05,16.630264282226562
4303,1,0.0252685546875,0.04049072265625,,2.5049679807738646e-05,14.380020141601562
4304,1,0.060791015625,0.04036865234375,,2.497907356448656e-05,15.88047981262207
4305,1,0.046142578125,0.04041748046875,,2.4908561735835306e-05,20.505802154541016
4306,1,0.03466796875,0.03927001953125,,2.4838144351370357e-05,16.005313873291016
4307,1,0.0546875,0.03394775390625,,2.476782144063752e-05,19.758731842041016
4308,1,0.01434326171875,0.031524658203125,,2.4697593033143033e-05,14.316362380981445
4309,1,0.055908203125,0.033306884765625,,2.462745915835335e-05,19.381351470947266
4310,1,0.022705078125,0.033746337890625,,2.4557419845695426e-05,15.317659378051758
4311,1,0.0234375,0.0347900390625,,2.4487475124556348e-05,10.503632545471191
4312,1,0.0286865234375,0.036663818359375,,2.4417625024283686e-05,19.631732940673828
4313,1,0.08642578125,0.042779541015625,,2.4347869574185305e-05,6.941867351531982
4314,1,0.038818359375,0.040582275390625,,2.4278208803529185e-05,18.381948471069336
4315,1,0.043212890625,0.040289306640625,,2.4208642741543717e-05,14.56800651550293
4316,1,0.03466796875,0.040289306640625,,2.413917141741756e-05,18.755861282348633
4317,1,0.0218505859375,0.037005615234375,,2.406979486029959e-05,15.00533390045166
4318,1,0.0283203125,0.0384033203125,,2.400051309929896e-05,12.004976272583008
4319,1,0.03466796875,0.036279296875,,2.3931326163484894e-05,20.255924224853516
4320,1,0.07666015625,0.0416748046875,,2.3862234081887035e-05,13.56746768951416
4321,1,0.024658203125,0.041796875,,2.379323688349516e-05,16.130115509033203
4322,1,0.07763671875,0.04669189453125,,2.372433459725912e-05,14.254961013793945
4323,1,0.01953125,0.04000244140625,,2.3655527252089055e-05,18.00518226623535
4324,1,0.025390625,0.03865966796875,,2.3586814876855294e-05,19.50547218322754
4325,1,0.0169677734375,0.03603515625,,2.3518197500388278e-05,17.00530242919922
4326,1,0.037109375,0.036279296875,,2.3449675151478583e-05,16.13020133972168
4327,1,0.026611328125,0.03675537109375,,2.3381247858876854e-05,11.880011558532715
4328,1,0.03173828125,0.03709716796875,,2.331291565129398e-05,6.941381931304932
4329,1,0.0595703125,0.03958740234375,,2.324467855740084e-05,12.06661319732666
4330,1,0.033447265625,0.03526611328125,,2.317653660582844e-05,14.879863739013672
4331,1,0.040283203125,0.03682861328125,,2.310848982516797e-05,18.25546646118164
4332,1,0.02392578125,0.03145751953125,,2.3040538243970454e-05,12.754125595092773
4333,1,0.03515625,0.03302001953125,,2.2972681890747222e-05,19.756103515625
4334,1,0.053466796875,0.03582763671875,,2.290492079396947e-05,10.817305564880371
4335,1,0.021484375,0.036279296875,,2.2837254982068566e-05,20.256092071533203
4336,1,0.056396484375,0.0382080078125,,2.2769684483435804e-05,8.816542625427246
4337,1,0.03466796875,0.039013671875,,2.2702209326422475e-05,20.006210327148438
4338,1,0.041259765625,0.0399658203125,,2.2634829539339984e-05,15.129697799682617
4339,1,0.046630859375,0.038671875,,2.25675451504595e-05,18.005537033081055
4340,1,0.060791015625,0.04140625,,2.2500356188012412e-05,15.692943572998047
4341,1,0.04443359375,0.0418212890625,,2.2433262680189913e-05,14.817474365234375
4342,1,0.07861328125,0.0472900390625,,2.2366264655143214e-05,12.0675048828125
4343,1,0.045166015625,0.048291015625,,2.2299362140983465e-05,14.818032264709473
4344,1,0.07666015625,0.0506103515625,,2.2232555165781683e-05,17.004850387573242
4345,1,0.018310546875,0.05029296875,,2.2165843757568804e-05,10.629249572753906
4346,1,0.07275390625,0.0519287109375,,2.2099227944335803e-05,10.50371265411377
4347,1,0.0198974609375,0.05045166015625,,2.203270775403332e-05,22.506267547607422
4348,1,0.043701171875,0.05069580078125,,2.1966283214572087e-05,15.443044662475586
4349,1,0.0240478515625,0.0484375,,2.18999543538225e-05,21.130916595458984
4350,1,0.03515625,0.0458740234375,,2.183372119961499e-05,14.817500114440918
4351,1,0.053955078125,0.046826171875,,2.1767583779739725e-05,16.130460739135742
4352,1,0.05419921875,0.044384765625,,2.1701542121946778e-05,14.317898750305176
4353,1,0.0419921875,0.0440673828125,,2.1635596253945982e-05,18.25607681274414
4354,1,0.06103515625,0.0425048828125,,2.156974620340704e-05,16.005407333374023
4355,1,0.060546875,0.046728515625,,2.15039919979593e-05,15.81821346282959
4356,1,0.068359375,0.0462890625,,2.1438333665192156e-05,11.317756652832031
4357,1,0.1005859375,0.05435791015625,,2.1372771232654466e-05,17.005544662475586
4358,1,0.103515625,0.06033935546875,,2.1307304727855082e-05,11.38044548034668
4359,1,0.05224609375,0.0631591796875,,2.1241934178262563e-05,5.0691633224487305
4360,1,0.05224609375,0.0648681640625,,2.1176659611305133e-05,20.50731086730957
4361,1,0.024658203125,0.0619384765625,,2.111148105437083e-05,10.50406265258789
4362,1,0.058837890625,0.06240234375,,2.1046398534807333e-05,13.69278621673584
4363,1,0.0703125,0.065234375,,2.0981412079922046e-05,13.130279541015625
4364,1,0.0458984375,0.063720703125,,2.0916521716982134e-05,2.8326869010925293
4365,1,0.080078125,0.065673828125,,2.0851727473214315e-05,10.503493309020996
4366,1,0.044921875,0.063330078125,,2.078702937580515e-05,19.006080627441406
4367,1,0.07177734375,0.06044921875,,2.0722427451900643e-05,13.63014030456543
4368,1,0.08203125,0.05830078125,,2.065792172860656e-05,18.882055282592773
4369,1,0.06982421875,0.06005859375,,2.059351223298844e-05,13.066394805908203
4370,1,0.0216064453125,0.05699462890625,,2.0529198992071203e-05,12.692163467407227
4371,1,0.039306640625,0.05845947265625,,2.046498203283953e-05,15.44260311126709
4372,1,0.035400390625,0.05611572265625,,2.040086138223765e-05,14.942581176757812
4373,1,0.036865234375,0.05277099609375,,2.0336837067169377e-05,14.379201889038086
4374,1,0.1015625,0.05833740234375,,2.0272909114498168e-05,19.257383346557617
4375,1,0.11962890625,0.06229248046875,,2.0209077551046977e-05,21.257200241088867
4376,1,0.1318359375,0.07098388671875,,2.014534240359833e-05,15.568150520324707
4377,1,0.064453125,0.07025146484375,,2.008170369889431e-05,24.507469177246094
4378,1,0.064453125,0.06849365234375,,2.001816146363658e-05,17.381628036499023
4379,1,0.064453125,0.06795654296875,,1.995471572448629e-05,8.943636894226074
4380,1,0.05126953125,0.0709228515625,,1.9891366508064e-05,18.630470275878906
4381,1,0.048095703125,0.0718017578125,,1.982811384094993e-05,16.506351470947266
4382,1,0.017333984375,0.0699951171875,,1.976495774968376e-05,13.441852569580078
4383,1,0.03271484375,0.069580078125,,1.9701898260764544e-05,15.817798614501953
4384,1,0.030517578125,0.0624755859375,,1.9638935400650926e-05,19.25624656677246
4385,1,0.039794921875,0.0544921875,,1.957606919576088e-05,23.25801658630371
4386,1,0.040771484375,0.0453857421875,,1.9513299672471897e-05,10.879095077514648
4387,1,0.036376953125,0.042578125,,1.945062685712104e-05,15.005314826965332
4388,1,0.05224609375,0.041357421875,,1.938805077600453e-05,16.0051212310791
4389,1,0.02392578125,0.0373046875,,1.9325571455378195e-05,20.3813533782959
4390,1,0.03271484375,0.03544921875,,1.926318892145712e-05,16.25568199157715
4391,1,0.054443359375,0.036083984375,,1.92009032004159e-05,16.25597381591797
4392,1,0.083984375,0.0427490234375,,1.913871431838854e-05,14.443292617797852
4393,1,0.049560546875,0.04443359375,,1.90766223014682e-05,11.380125999450684
4394,1,0.046142578125,0.04599609375,,1.9014627175707623e-05,18.881595611572266
4395,1,0.05224609375,0.0472412109375,,1.8952728967118803e-05,15.130056381225586
4396,1,0.054931640625,0.0486572265625,,1.8890927701673057e-05,17.50609588623047
4397,1,0.033447265625,0.0483642578125,,1.8829223405301103e-05,17.630783081054688
4398,1,0.02392578125,0.0455322265625,,1.8767616103892853e-05,15.005062103271484
4399,1,0.0244140625,0.0455810546875,,1.8706105823297655e-05,16.254722595214844
4400,1,0.0203857421875,0.04434814453125,,1.864469258932397e-05,18.631223678588867
4401,1,0.038818359375,0.04278564453125,,1.8583376427739746e-05,12.94229507446289
4402,1,0.05908203125,0.04029541015625,,1.8522157364272095e-05,13.379743576049805
4403,1,0.0269775390625,0.038037109375,,1.8461035424607307e-05,17.005617141723633
4404,1,0.06787109375,0.0402099609375,,1.8400010634391144e-05,22.631853103637695
4405,1,0.046630859375,0.0396484375,,1.8339083019228402e-05,12.63012981414795
4406,1,0.0301513671875,0.03717041015625,,1.8278252604683187e-05,18.25575065612793
4407,1,0.03369140625,0.03719482421875,,1.8217519416278833e-05,21.131671905517578
4408,1,0.0272216796875,0.0375244140625,,1.8156883479497815e-05,15.193268775939941
4409,1,0.033203125,0.0384033203125,,1.809634481978187e-05,18.006553649902344
4410,1,0.057861328125,0.04215087890625,,1.803590346253195e-05,17.005739212036133
4411,1,0.1064453125,0.04891357421875,,1.7975559433107996e-05,15.630332946777344
4412,1,0.052001953125,0.04820556640625,,1.791531275682934e-05,7.816472053527832
4413,1,0.06787109375,0.052294921875,,1.7855163458974337e-05,17.88079833984375
4414,1,0.046142578125,0.0501220703125,,1.779511156478053e-05,19.5060977935791
4415,1,0.039794921875,0.0494384765625,,1.7735157099444594e-05,15.067367553710938
4416,1,0.03662109375,0.05008544921875,,1.7675300088122265e-05,23.50728988647461
4417,1,0.0224609375,0.04896240234375,,1.7615540555928483e-05,12.00401496887207
4418,1,0.08349609375,0.05458984375,,1.7555878527937163e-05,7.006641387939453
4419,1,0.072265625,0.05849609375,,1.749631402918145e-05,14.130270957946777
4420,1,0.019775390625,0.0546875,,1.7436847084653456e-05,21.881391525268555
4421,1,0.01470947265625,0.045513916015625,,1.7377477719304453e-05,13.129119873046875
4422,1,0.043212890625,0.044635009765625,,1.731820595804473e-05,12.6295166015625
4423,1,0.0478515625,0.042633056640625,,1.7259031825743537e-05,13.692099571228027
4424,1,0.018798828125,0.039898681640625,,1.719995534722929e-05,15.817776679992676
4425,1,0.050537109375,0.040972900390625,,1.714097654728944e-05,15.568642616271973
4426,1,0.0419921875,0.041510009765625,,1.70820954506703e-05,12.004514694213867
4427,1,0.0240478515625,0.041668701171875,,1.7023312082077357e-05,12.004758834838867
4428,1,0.0238037109375,0.035699462890625,,1.6964626466174972e-05,12.88002872467041
4429,1,0.0361328125,0.032086181640625,,1.6906038627586522e-05,9.941944122314453
4430,1,0.05712890625,0.035821533203125,,1.6847548590894435e-05,15.192872047424316
4431,1,0.037353515625,0.0380859375,,1.6789156380639993e-05,20.63153648376465
4432,1,0.042236328125,0.03798828125,,1.673086202132357e-05,13.379814147949219
4433,1,0.0390625,0.037109375,,1.667266553740429e-05,15.567113876342773
4434,1,0.06005859375,0.0412353515625,,1.6614566953300355e-05,20.63185691833496
4435,1,0.045654296875,0.0407470703125,,1.6556566293388893e-05,13.567622184753418
4436,1,0.01190185546875,0.037738037109375,,1.649866358200583e-05,11.878640174865723
4437,1,0.034423828125,0.038775634765625,,1.6440858843446148e-05,14.442172050476074
4438,1,0.031982421875,0.039593505859375,,1.6383152101963534e-05,16.00532341003418
4439,1,0.0400390625,0.039984130859375,,1.6325543381770752e-05,17.129764556884766
4440,1,0.02490234375,0.036761474609375,,1.626803270703936e-05,19.005037307739258
4441,1,0.09619140625,0.042645263671875,,1.621062010189972e-05,10.943427085876465
4442,1,0.017578125,0.040179443359375,,1.615330559044109e-05,12.942435264587402
4443,1,0.0302734375,0.039300537109375,,1.6096089196711655e-05,19.88133430480957
4444,1,0.0791015625,0.041204833984375,,1.6038970944718263e-05,9.566140174865723
4445,1,0.046142578125,0.041253662109375,,1.5981950858426713e-05,14.755355834960938
4446,1,0.043701171875,0.04443359375,,1.5925028961761538e-05,3.2412784099578857
4447,1,0.0322265625,0.0442138671875,,1.5868205278606133e-05,21.630664825439453
4448,1,0.026611328125,0.0436767578125,,1.5811479832802677e-05,14.816839218139648
4449,1,0.03125,0.0427978515625,,1.5754852648152074e-05,18.38125991821289
4450,1,0.0537109375,0.0456787109375,,1.5698323748414122e-05,18.131311416625977
4451,1,0.040771484375,0.04013671875,,1.564189315730716e-05,14.756189346313477
4452,1,0.05517578125,0.043896484375,,1.5585560898508518e-05,7.6600847244262695
4453,1,0.087890625,0.049658203125,,1.552932699565418e-05,14.62995719909668
4454,1,0.03955078125,0.045703125,,1.547319147233875e-05,18.880502700805664
4455,1,0.054931640625,0.04658203125,,1.5417154352115743e-05,20.255643844604492
4456,1,0.014892578125,0.043701171875,,1.5361215658497212e-05,17.880149841308594
4457,1,0.03955078125,0.04443359375,,1.530537541495408e-05,15.317827224731445
4458,1,0.0478515625,0.0465576171875,,1.5249633644915855e-05,15.629132270812988
4459,1,0.06884765625,0.0503173828125,,1.5193990371770689e-05,6.162312984466553
4460,1,0.0478515625,0.0497314453125,,1.5138445618865543e-05,12.254488945007324
4461,1,0.038818359375,0.0495361328125,,1.5082999409505888e-05,13.12933349609375
4462,1,0.059326171875,0.049951171875,,1.5027651766955975e-05,12.630002975463867
4463,1,0.06591796875,0.04775390625,,1.497240271443867e-05,17.13058090209961
4464,1,0.123046875,0.056103515625,,1.4917252275135352e-05,15.693596839904785
4465,1,0.05810546875,0.0564208984375,,1.4862200472186199e-05,9.255891799926758
4466,1,0.0308837890625,0.05802001953125,,1.4807247328689932e-05,10.87907886505127
4467,1,0.07421875,0.06148681640625,,1.4752392867703801e-05,18.131237030029297
4468,1,0.0191650390625,0.0586181640625,,1.4697637112243838e-05,19.755477905273438
4469,1,0.0673828125,0.0584716796875,,1.464298008528439e-05,15.943113327026367
4470,1,0.0306396484375,0.05675048828125,,1.4588421809758639e-05,17.506040573120117
4471,1,0.0211181640625,0.05498046875,,1.4533962308558219e-05,17.505002975463867
4472,1,0.03955078125,0.0530029296875,,1.4479601604533237e-05,15.192649841308594
4473,1,0.1025390625,0.0566650390625,,1.4425339720492509e-05,19.13046646118164
4474,1,0.0274658203125,0.04710693359375,,1.4371176679203318e-05,16.004789352416992
4475,1,0.050537109375,0.04635009765625,,1.4317112503391433e-05,17.005817413330078
4476,1,0.024658203125,0.0457275390625,,1.4263147215741234e-05,16.755064010620117
4477,1,0.07568359375,0.0458740234375,,1.4209280838895471e-05,10.067620277404785
4478,1,0.130859375,0.05704345703125,,1.4155513395455565e-05,19.005842208862305
4479,1,0.0201416015625,0.0523193359375,,1.4101844907981276e-05,13.067668914794922
4480,1,0.033447265625,0.05260009765625,,1.4048275398990894e-05,7.004215240478516
4481,1,0.0113525390625,0.05162353515625,,1.399480489096125e-05,12.8795804977417
4482,1,0.042236328125,0.05189208984375,,1.3941433406327502e-05,18.75652503967285
4483,1,0.010498046875,0.04268798828125,,1.3888160967483381e-05,21.25592803955078
4484,1,0.04541015625,0.044482421875,,1.3834987596781007e-05,15.37987232208252
4485,1,0.03955078125,0.0433837890625,,1.3781913316530947e-05,19.631837844848633
4486,1,0.07958984375,0.048876953125,,1.3728938149002197e-05,19.006250381469727
4487,1,0.07763671875,0.049072265625,,1.3676062116422084e-05,14.006524085998535
4488,1,0.03271484375,0.0392578125,,1.3623285240976502e-05,11.503915786743164
4489,1,0.04443359375,0.04168701171875,,1.3570607544809543e-05,15.130289077758789
4490,1,0.027587890625,0.04110107421875,,1.3518029050023861e-05,16.130258560180664
4491,1,0.05810546875,0.0457763671875,,1.346554977868042e-05,17.130661010742188
4492,1,0.09130859375,0.05068359375,,1.3413169752798493e-05,10.254286766052246
4493,1,0.059326171875,0.05556640625,,1.3360888994355863e-05,16.630056381225586
4494,1,0.064453125,0.057470703125,,1.3308707525288456e-05,17.755788803100586
4495,1,0.0186767578125,0.05538330078125,,1.3256625367490699e-05,9.566277503967285
4496,1,0.061279296875,0.05355224609375,,1.320464254281531e-05,18.505659103393555
4497,1,0.026123046875,0.04840087890625,,1.3152759073073283e-05,12.191566467285156
4498,1,0.07373046875,0.05250244140625,,1.3100974980034014e-05,12.880001068115234
4499,1,0.024658203125,0.05052490234375,,1.3049290285425063e-05,16.12944221496582
4500,1,0.0322265625,0.05098876953125,0.05762343319402558,1.2997705010932393e-05,13.255427360534668
4501,1,0.044677734375,0.04964599609375,,1.2946219178200269e-05,23.5064640045166
4502,1,0.10693359375,0.05120849609375,,1.2894832808831163e-05,17.50572395324707
4503,1,0.04541015625,0.04981689453125,,1.2843545924385857e-05,18.381488800048828
4504,1,0.02685546875,0.04605712890625,,1.2792358546383386e-05,12.443731307983398
4505,1,0.041259765625,0.0483154296875,,1.274127069630096e-05,15.193633079528809
4506,1,0.04541015625,0.046728515625,,1.2690282395574182e-05,14.754841804504395
4507,1,0.05078125,0.0491943359375,,1.2639393665596688e-05,10.25450611114502
4508,1,0.09619140625,0.0514404296875,,1.258860452772051e-05,16.130821228027344
4509,1,0.10107421875,0.05908203125,,1.2537915003255824e-05,19.632366180419922
4510,1,0.04931640625,0.060791015625,,1.2487325113471032e-05,14.505250930786133
4511,1,0.07080078125,0.0634033203125,,1.2436834879592684e-05,18.131135940551758
4512,1,0.05712890625,0.0584228515625,,1.238644432280553e-05,17.88108253479004
4513,1,0.0361328125,0.0574951171875,,1.2336153464252514e-05,7.3790435791015625
4514,1,0.046142578125,0.059423828125,,1.2285962325034816e-05,12.691736221313477
4515,1,0.056396484375,0.0609375,,1.2235870926211617e-05,18.881134033203125
4516,1,0.034912109375,0.0598876953125,,1.2185879288800383e-05,12.12959098815918
4517,1,0.06884765625,0.0616943359375,,1.2135987433776668e-05,20.632755279541016
4518,1,0.047119140625,0.056787109375,,1.2086195382074144e-05,15.504912376403809
4519,1,0.03955078125,0.050634765625,,1.2036503154584626e-05,12.067277908325195
4520,1,0.04150390625,0.049853515625,,1.1986910772158106e-05,17.755504608154297
4521,1,0.051513671875,0.0479248046875,,1.1937418255602628e-05,12.004892349243164
4522,1,0.07568359375,0.0497802734375,,1.1888025625684251e-05,14.254552841186523
4523,1,0.08740234375,0.0549072265625,,1.1838732903127286e-05,19.63161849975586
4524,1,0.08935546875,0.059228515625,,1.1789540108614022e-05,11.50483226776123
4525,1,0.052490234375,0.058837890625,,1.1740447262784781e-05,9.004928588867188
4526,1,0.03662109375,0.0590087890625,,1.1691454386238087e-05,18.130332946777344
4527,1,0.0106201171875,0.05318603515625,,1.1642561499530412e-05,20.131986618041992
4528,1,0.06298828125,0.05477294921875,,1.1593768623176293e-05,18.75535774230957
4529,1,0.054443359375,0.05626220703125,,1.1545075777648378e-05,18.505779266357422
4530,1,0.040283203125,0.05614013671875,,1.1496482983377188e-05,21.881717681884766
4531,1,0.0126953125,0.05225830078125,,1.1447990260751384e-05,17.630027770996094
4532,1,0.037109375,0.04840087890625,,1.1399597630117664e-05,20.75621223449707
4533,1,0.03125,0.04278564453125,,1.1351305111780618e-05,16.880210876464844
4534,1,0.07861328125,0.04171142578125,,1.1303112726002928e-05,20.006908416748047
4535,1,0.06787109375,0.04324951171875,,1.1255020493005169e-05,13.567259788513184
4536,1,0.029541015625,0.04254150390625,,1.1207028432966005e-05,18.756248474121094
4537,1,0.047607421875,0.046240234375,,1.1159136566021993e-05,15.38011646270752
4538,1,0.032470703125,0.0431884765625,,1.1111344912267646e-05,18.38039207458496
4539,1,0.03955078125,0.04169921875,,1.1063653491755532e-05,11.441802978515625
4540,1,0.0125732421875,0.03892822265625,,1.1016062324496007e-05,17.881235122680664
4541,1,0.03271484375,0.04093017578125,,1.0968571430457457e-05,20.13106346130371
4542,1,0.04296875,0.04151611328125,,1.0921180829566196e-05,18.38014030456543
4543,1,0.1220703125,0.05059814453125,,1.0873890541706427e-05,21.506799697875977
4544,1,0.014404296875,0.04417724609375,,1.0826700586720279e-05,15.442480087280273
4545,1,0.0277099609375,0.0401611328125,,1.0779610984407773e-05,16.005338668823242
4546,1,0.054931640625,0.0427001953125,,1.0732621754526855e-05,14.754894256591797
4547,1,0.05322265625,0.04326171875,,1.068573291679334e-05,13.942809104919434
4548,1,0.055908203125,0.04560546875,,1.0638944490880875e-05,14.942265510559082
4549,1,0.036376953125,0.0452880859375,,1.0592256496421065e-05,15.754988670349121
4550,1,0.04248046875,0.04827880859375,,1.054566895300324e-05,12.941939353942871
4551,1,0.028564453125,0.04786376953125,,1.0499181880174735e-05,8.315930366516113
4552,1,0.0281982421875,0.04638671875,,1.045279529744067e-05,15.379443168640137
4553,1,0.0230712890625,0.03648681640625,,1.0406509224263949e-05,18.630678176879883
4554,1,0.0439453125,0.03944091796875,,1.0360323680065343e-05,6.504485607147217
4555,1,0.06689453125,0.043359375,,1.0314238684223515e-05,20.631528854370117
4556,1,0.062255859375,0.044091796875,,1.0268254256074805e-05,15.7558012008667
4557,1,0.0703125,0.04580078125,,1.02223704149135e-05,11.191459655761719
4558,1,0.107421875,0.0509521484375,,1.0176587179991536e-05,18.1312313079834
4559,1,0.034423828125,0.0507568359375,,1.013090457051874e-05,12.19179630279541
4560,1,0.0262451171875,0.04913330078125,,1.0085322605662667e-05,19.380455017089844
4561,1,0.043212890625,0.05059814453125,,1.0039841304548659e-05,20.75742530822754
4562,1,0.0693359375,0.0547119140625,,9.994460686259866e-06,17.255889892578125
4563,1,0.03759765625,0.05616455078125,,9.949180769837112e-06,17.630678176879883
4564,1,0.0869140625,0.06046142578125,,9.904001574279038e-06,19.38204002380371
4565,1,0.0556640625,0.05933837890625,,9.858923118542001e-06,15.9422607421875
4566,1,0.047607421875,0.05787353515625,,9.813945421540016e-06,11.379218101501465
4567,1,0.053466796875,0.05618896484375,,9.769068502144984e-06,19.381622314453125
4568,1,0.0595703125,0.05140380859375,,9.724292379186372e-06,18.381460189819336
4569,1,0.052978515625,0.05325927734375,,9.679617071451374e-06,17.25605010986328
4570,1,0.083984375,0.059033203125,,9.635042597685023e-06,18.881444931030273
4571,1,0.033203125,0.0580322265625,,9.590568976589859e-06,18.755699157714844
4572,1,0.03662109375,0.0547607421875,,9.546196226826176e-06,15.818114280700684
4573,1,0.0264892578125,0.05364990234375,,9.501924367012027e-06,20.506080627441406
4574,1,0.0198974609375,0.0469482421875,,9.457753415722997e-06,18.13018035888672
4575,1,0.0673828125,0.0481201171875,,9.413683391492456e-06,12.691651344299316
4576,1,0.035400390625,0.0468994140625,,9.369714312811306e-06,13.441807746887207
4577,1,0.0947265625,0.051025390625,,9.325846198128207e-06,17.25556755065918
4578,1,0.058349609375,0.0509033203125,,9.282079065849381e-06,22.632911682128906
4579,1,0.039306640625,0.0495361328125,,9.238412934338663e-06,17.380672454833984
4580,1,0.0283203125,0.0439697265625,,9.194847821917623e-06,17.256179809570312
4581,1,0.01446533203125,0.042095947265625,,9.151383746865333e-06,17.881141662597656
4582,1,0.0250244140625,0.040936279296875,,9.108020727418537e-06,14.81756591796875
4583,1,0.0673828125,0.045025634765625,,9.064758781771542e-06,12.129319190979004
4584,1,0.05078125,0.048114013671875,,9.02159792807622e-06,18.1302547454834
4585,1,0.0439453125,0.045770263671875,,8.978538184442137e-06,14.192633628845215
4586,1,0.059814453125,0.048211669921875,,8.935579568936287e-06,18.50603675842285
4587,1,0.033935546875,0.042132568359375,,8.892722099583362e-06,15.567381858825684
4588,1,0.03271484375,0.039569091796875,,8.849965794365505e-06,10.12863540649414
4589,1,0.050048828125,0.040643310546875,,8.807310671222508e-06,19.006479263305664
4590,1,0.032470703125,0.041058349609375,,8.764756748051661e-06,14.005268096923828
4591,1,0.103515625,0.04996337890625,,8.722304042707796e-06,4.695528984069824
4592,1,0.015625,0.0490234375,,8.679952573003303e-06,15.755260467529297
4593,1,0.03076171875,0.045361328125,,8.63770235670805e-06,12.691622734069824
4594,1,0.1064453125,0.050927734375,,8.595553411549439e-06,11.442404747009277
4595,1,0.037109375,0.050244140625,,8.553505755212383e-06,20.6315975189209
4596,1,0.03125,0.0473876953125,,8.51155940533932e-06,9.441218376159668
4597,1,0.0390625,0.047900390625,,8.469714379530118e-06,13.254652976989746
4598,1,0.011474609375,0.0457763671875,,8.427970695342207e-06,14.754617691040039
4599,1,0.0673828125,0.047509765625,,8.386328370290436e-06,17.880783081054688
4600,1,0.034912109375,0.04775390625,,8.344787421847217e-06,15.817645072937012
4601,1,0.05078125,0.04248046875,,8.303347867442273e-06,13.879817962646484
4602,1,0.0244140625,0.043359375,,8.262009724462893e-06,18.25535011291504
4603,1,0.041015625,0.044384765625,,8.220773010253868e-06,19.256752014160156
4604,1,0.033203125,0.037060546875,,8.179637742117246e-06,17.255722045898438
4605,1,0.0537109375,0.038720703125,,8.138603937312723e-06,18.88077163696289
4606,1,0.038818359375,0.0394775390625,,8.097671613057244e-06,11.253694534301758
4607,1,0.06689453125,0.0422607421875,,8.056840786525243e-06,19.0063419342041
4608,1,0.048583984375,0.0459716796875,,8.01611147484868e-06,19.006187438964844
4609,1,0.05517578125,0.0447509765625,,7.975483695116692e-06,19.63111686706543
4610,1,0.03466796875,0.0447265625,,7.934957464376057e-06,10.00436019897461
4611,1,0.0294189453125,0.04259033203125,,7.89453279963076e-06,10.692488670349121
4612,1,0.032958984375,0.04344482421875,,7.854209717842232e-06,14.1923246383667
4613,1,0.02783203125,0.04212646484375,,7.813988235929325e-06,14.81751537322998
4614,1,0.0294189453125,0.041748046875,,7.773868370768184e-06,11.129819869995117
4615,1,0.04345703125,0.04072265625,,7.733850139192394e-06,8.129922866821289
4616,1,0.056396484375,0.04248046875,,7.69393355799286e-06,15.442481994628906
4617,1,0.04931640625,0.04072265625,,7.654118643917824e-06,16.630634307861328
4618,1,0.05615234375,0.0414794921875,,7.61440541367292e-06,16.379812240600586
4619,1,0.031494140625,0.039111328125,,7.574793883921016e-06,17.13055992126465
4620,1,0.04638671875,0.040283203125,,7.535284071282456e-06,20.005935668945312
4621,1,0.0208740234375,0.0394287109375,,7.495875992334728e-06,21.256351470947266
4622,1,0.03662109375,0.039794921875,,7.456569663612772e-06,12.004379272460938
4623,1,0.0791015625,0.044921875,,7.417365101608869e-06,17.63275146484375
4624,1,0.018310546875,0.04381103515625,,7.378262322772389e-06,18.880483627319336
4625,1,0.043212890625,0.04378662109375,,7.339261343510206e-06,13.754622459411621
4626,1,0.08837890625,0.04698486328125,,7.300362180186426e-06,18.005529403686523
4627,1,0.034423828125,0.04549560546875,,7.261564849122382e-06,11.31640625
4628,1,0.0206298828125,0.041943359375,,7.222869366596746e-06,19.880517959594727
4629,1,0.056884765625,0.044482421875,,7.184275748845365e-06,13.19190788269043
4630,1,0.053466796875,0.0451904296875,,7.145784012061424e-06,14.818016052246094
4631,1,0.040283203125,0.04713134765625,,7.107394172395393e-06,18.38047218322754
4632,1,0.04541015625,0.04801025390625,,7.069106245954887e-06,9.690461158752441
4633,1,0.061279296875,0.04622802734375,,7.030920248804806e-06,16.63055992126465
4634,1,0.04541015625,0.04893798828125,,6.992836196967278e-06,15.442148208618164
4635,1,0.03466796875,0.04808349609375,,6.954854106421715e-06,17.380634307861328
4636,1,0.0986328125,0.04910888671875,,6.916973993104675e-06,11.818053245544434
4637,1,0.051513671875,0.05081787109375,,6.879195872909915e-06,14.56709098815918
4638,1,0.0260009765625,0.05135498046875,,6.841519761688481e-06,23.882740020751953
4639,1,0.031494140625,0.04881591796875,,6.80394567524853e-06,14.568126678466797
4640,1,0.033935546875,0.04686279296875,,6.766473629355452e-06,9.691274642944336
4641,1,0.031494140625,0.04598388671875,,6.729103639731893e-06,19.25589942932129
4642,1,0.0361328125,0.04505615234375,,6.691835722057477e-06,16.505510330200195
4643,1,0.057861328125,0.04471435546875,,6.654669891969251e-06,18.005329132080078
4644,1,0.056640625,0.04583740234375,,6.617606165061213e-06,17.379898071289062
4645,1,0.0419921875,0.04656982421875,,6.580644556884702e-06,19.005584716796875
4646,1,0.044189453125,0.04112548828125,,6.54378508294809e-06,18.005779266357422
4647,1,0.054931640625,0.04146728515625,,6.507027758716866e-06,11.629768371582031
4648,1,0.044921875,0.043359375,,6.470372599613833e-06,13.129188537597656
4649,1,0.0595703125,0.0461669921875,,6.433819621018716e-06,15.193771362304688
4650,1,0.06787109375,0.049560546875,,6.3973688382684965e-06,15.566615104675293
4651,1,0.042724609375,0.05068359375,,6.361020266657275e-06,20.755796432495117
4652,1,0.04638671875,0.051708984375,,6.324773921436184e-06,17.629865646362305
4653,1,0.04345703125,0.0502685546875,,6.288629817813557e-06,18.50613784790039
4654,1,0.0269775390625,0.04730224609375,,6.252587970954821e-06,15.192481994628906
4655,1,0.04736328125,0.04783935546875,,6.216648395982377e-06,13.379338264465332
4656,1,0.064453125,0.04986572265625,,6.180811107975887e-06,14.379720687866211
4657,1,0.03369140625,0.04774169921875,,6.14507612197196e-06,19.005874633789062
4658,1,0.03125,0.04637451171875,,6.109443452964325e-06,10.129223823547363
4659,1,0.0098876953125,0.04140625,,6.073913115903829e-06,13.253954887390137
4660,1,0.037109375,0.038330078125,,6.038485125698296e-06,8.06724739074707
4661,1,0.064453125,0.0405029296875,,6.003159497212723e-06,18.2554988861084
4662,1,0.05029296875,0.0408935546875,,5.967936245269035e-06,12.62936782836914
4663,1,0.039794921875,0.04052734375,,5.93281538464624e-06,15.692493438720703
4664,1,0.0174560546875,0.0395751953125,,5.89779693008044e-06,17.00490951538086
4665,1,0.04296875,0.0391357421875,,5.862880896264689e-06,18.50572967529297
4666,1,0.045654296875,0.037255859375,,5.828067297849154e-06,16.629669189453125
4667,1,0.03466796875,0.037353515625,,5.793356149440904e-06,10.379264831542969
4668,1,0.014892578125,0.0357177734375,,5.758747465604175e-06,21.00551414489746
4669,1,0.06201171875,0.04093017578125,,5.724241260860047e-06,15.38077449798584
4670,1,0.052490234375,0.04246826171875,,5.689837549686744e-06,15.255755424499512
4671,1,0.0216064453125,0.03818359375,,5.655536346519413e-06,18.880937576293945
4672,1,0.0634765625,0.039501953125,,5.621337665750181e-06,16.13115882873535
4673,1,0.02978515625,0.0385009765625,,5.587241521728181e-06,15.6298189163208
4674,1,0.03955078125,0.04071044921875,,5.553247928759581e-06,18.756622314453125
4675,1,0.031494140625,0.03956298828125,,5.519356901107358e-06,15.94232177734375
4676,1,0.0189208984375,0.0368896484375,,5.485568452991641e-06,13.878854751586914
4677,1,0.043701171875,0.03779296875,,5.451882598589364e-06,19.255661010742188
4678,1,0.033447265625,0.0396484375,,5.418299352034528e-06,10.254977226257324
4679,1,0.0400390625,0.037451171875,,5.384818727418084e-06,17.88083839416504
4680,1,0.0673828125,0.0389404296875,,5.351440738787794e-06,11.066811561584473
4681,1,0.048828125,0.04166259765625,,5.318165400148511e-06,17.25603675842285
4682,1,0.0576171875,0.04107666015625,,5.2849927254619014e-06,15.067791938781738
4683,1,0.03857421875,0.04195556640625,,5.251922728646635e-06,17.755382537841797
4684,1,0.0478515625,0.04278564453125,,5.218955423578253e-06,12.191001892089844
4685,1,0.056640625,0.04530029296875,,5.186090824089218e-06,19.75591468811035
4686,1,0.0888671875,0.052294921875,,5.153328943968916e-06,17.131155014038086
4687,1,0.05322265625,0.0532470703125,,5.120669796963601e-06,16.380605697631836
4688,1,0.07177734375,0.057080078125,,5.088113396776478e-06,17.38043785095215
4689,1,0.1005859375,0.063134765625,,5.055659757067621e-06,17.005773544311523
4690,1,0.0218505859375,0.05858154296875,,5.023308891453915e-06,11.504599571228027
4691,1,0.03564453125,0.05726318359375,,4.991060813509224e-06,7.568936824798584
4692,1,0.03955078125,0.05545654296875,,4.958915536764252e-06,16.8803653717041
4693,1,0.04052734375,0.05565185546875,,4.9268730747065175e-06,19.881229400634766
4694,1,0.11279296875,0.06214599609375,,4.8949334407804855e-06,16.506277084350586
4695,1,0.0302734375,0.05950927734375,,4.863096648387383e-06,16.130157470703125
4696,1,0.020263671875,0.05264892578125,,4.8313627108853846e-06,21.38101577758789
4697,1,0.047119140625,0.05203857421875,,4.79973164158945e-06,12.37961483001709
4698,1,0.050048828125,0.04986572265625,,4.76820345377138e-06,21.757009506225586
4699,1,0.03515625,0.04332275390625,,4.736778160659843e-06,17.131244659423828
4700,1,0.0439453125,0.0455322265625,,4.705455775440237e-06,11.941995620727539
4701,1,0.01708984375,0.0436767578125,,4.674236311254909e-06,18.880596160888672
4702,1,0.04345703125,0.0440673828125,,4.6431197812029924e-06,15.256321907043457
4703,1,0.0625,0.0462646484375,,4.612106198340349e-06,20.506153106689453
4704,1,0.03173828125,0.0381591796875,,4.581195575679708e-06,8.629209518432617
4705,1,0.0299072265625,0.03812255859375,,4.550387926190613e-06,19.75655746459961
4706,1,0.028076171875,0.03890380859375,,4.51968326279939e-06,16.379697799682617
4707,1,0.0673828125,0.04093017578125,,4.48908159838915e-06,18.131633758544922
4708,1,0.1328125,0.04920654296875,,4.458582945799733e-06,15.880547523498535
4709,1,0.033203125,0.04901123046875,,4.4281873178278475e-06,13.6297607421875
4710,1,0.146484375,0.05926513671875,,4.397894727226931e-06,22.25688934326172
4711,1,0.01129150390625,0.058685302734375,,4.367705186707149e-06,12.566184997558594
4712,1,0.033935546875,0.057733154296875,,4.337618708935537e-06,15.62997055053711
4713,1,0.037353515625,0.055218505859375,,4.307635306535801e-06,15.88015079498291
4714,1,0.025390625,0.054583740234375,,4.277754992088406e-06,7.941997528076172
4715,1,0.03515625,0.055108642578125,,4.247977778130602e-06,15.755341529846191
4716,1,0.0225830078125,0.054559326171875,,4.21830367715631e-06,12.754176139831543
4717,1,0.055908203125,0.053411865234375,,4.188732701616266e-06,3.8485488891601562
4718,1,0.029052734375,0.043035888671875,,4.159264863917905e-06,13.317328453063965
4719,1,0.0751953125,0.047235107421875,,4.129900176425366e-06,19.006067276000977
4720,1,0.02294921875,0.034881591796875,,4.100638651459543e-06,12.692357063293457
4721,1,0.08056640625,0.04180908203125,,4.071480301298003e-06,16.880849838256836
4722,1,0.0908203125,0.04749755859375,,4.042425138175071e-06,13.255645751953125
4723,1,0.035400390625,0.04730224609375,,4.013473174281745e-06,13.00430965423584
4724,1,0.053466796875,0.05010986328125,,3.984624421765726e-06,19.506126403808594
4725,1,0.0299072265625,0.0495849609375,,3.955878892731441e-06,7.316335201263428
4726,1,0.078125,0.05513916015625,,3.927236599239964e-06,13.442282676696777
4727,1,0.0274658203125,0.052294921875,,3.898697553309072e-06,15.5049409866333
4728,1,0.037353515625,0.053125,,3.870261766913186e-06,15.942900657653809
4729,1,0.041748046875,0.0497802734375,,3.841929251983456e-06,12.504765510559082
4730,1,0.03662109375,0.0511474609375,,3.8137000204077067e-06,21.506486892700195
4731,1,0.08642578125,0.0517333984375,,3.785574084030352e-06,16.75497055053711
4732,1,0.04638671875,0.0472900390625,,3.7575514546525636e-06,16.255474090576172
4733,1,0.040283203125,0.0477783203125,,3.7296321440320746e-06,12.003849029541016
4734,1,0.047607421875,0.0471923828125,,3.7018161638833204e-06,17.75602149963379
4735,1,0.048095703125,0.04901123046875,,3.6741035258774093e-06,13.317133903503418
4736,1,0.08349609375,0.04954833984375,,3.6464942416419564e-06,20.507884979248047
4737,1,0.02734375,0.0495361328125,,3.6189883227614184e-06,18.380727767944336
4738,1,0.0201416015625,0.04781494140625,,3.591585780776674e-06,16.130578994750977
4739,1,0.051513671875,0.04879150390625,,3.564286627185359e-06,16.12993621826172
4740,1,0.02587890625,0.04771728515625,,3.537090873441701e-06,14.880396842956543
4741,1,0.08642578125,0.04771728515625,,3.509998530956515e-06,22.131053924560547
4742,1,0.0177001953125,0.0448486328125,,3.4830096110972654e-06,16.129234313964844
4743,1,0.036865234375,0.0445068359375,,3.456124125187976e-06,10.817022323608398
4744,1,0.047119140625,0.0444580078125,,3.4293420845092905e-06,19.38104820251465
4745,1,0.0198974609375,0.04163818359375,,3.402663500298497e-06,16.00510025024414
4746,1,0.0546875,0.03875732421875,,3.3760883837494205e-06,12.317116737365723
4747,1,0.04541015625,0.04056396484375,,3.349616746012446e-06,12.067737579345703
4748,1,0.0250244140625,0.04105224609375,,3.3232485981946335e-06,17.005470275878906
4749,1,0.049560546875,0.04085693359375,,3.296983951359522e-06,16.756175994873047
4750,1,0.061279296875,0.04439697265625,,3.2708228165273244e-06,15.255809783935547
4751,1,0.05908203125,0.04166259765625,,3.2447652046747323e-06,16.380374908447266
4752,1,0.048828125,0.044775390625,,3.218811126735027e-06,8.00720500946045
4753,1,0.0478515625,0.0458740234375,,3.192960593598082e-06,13.442464828491211
4754,1,0.021240234375,0.0432861328125,,3.167213616110276e-06,18.88034439086914
4755,1,0.060791015625,0.04737548828125,,3.1415702050746066e-06,13.44254207611084
4756,1,0.11669921875,0.05357666015625,,3.1160303712504944e-06,16.25533676147461
4757,1,0.1142578125,0.06046142578125,,3.0905941253540626e-06,15.692462921142578
4758,1,0.04052734375,0.06201171875,,3.065261478057829e-06,17.13019371032715
4759,1,0.01708984375,0.0587646484375,,3.040032439990931e-06,10.191380500793457
4760,1,0.10498046875,0.063134765625,,3.0149070217390105e-06,22.759023666381836
4761,1,0.052734375,0.0625,,2.9898852338441916e-06,15.130389213562012
4762,1,0.0537109375,0.06298828125,,2.9649670868051872e-06,12.004942893981934
4763,1,0.08154296875,0.066357421875,,2.9401525910771608e-06,6.78516960144043
4764,1,0.043701171875,0.068603515625,,2.9154417570718405e-06,11.255122184753418
4765,1,0.07177734375,0.0697021484375,,2.8908345951574043e-06,11.816438674926758
4766,1,0.0255126953125,0.06058349609375,,2.8663311156585934e-06,19.63154411315918
4767,1,0.0751953125,0.05667724609375,,2.8419313288566006e-06,9.129387855529785
4768,1,0.06689453125,0.05931396484375,,2.817635244989125e-06,18.505874633789062
4769,1,0.0634765625,0.06395263671875,,2.7934428742503182e-06,16.880475997924805
4770,1,0.06591796875,0.06004638671875,,2.769354226790893e-06,14.441875457763672
4771,1,0.030517578125,0.05782470703125,,2.745369312717988e-06,7.786402702331543
4772,1,0.0250244140625,0.0549560546875,,2.721488142095191e-06,14.44277572631836
4773,1,0.068359375,0.0536376953125,,2.697710724942681e-06,11.31708812713623
4774,1,0.037353515625,0.0530029296875,,2.6740370712369232e-06,14.504868507385254
4775,1,0.05859375,0.0516845703125,,2.650467190910999e-06,17.379980087280273
4776,1,0.02001953125,0.05113525390625,,2.6270010938543865e-06,15.505414009094238
4777,1,0.025634765625,0.04617919921875,,2.6036387899130155e-06,18.38109588623047
4778,1,0.0361328125,0.04310302734375,,2.5803802888892948e-06,19.381357192993164
4779,1,0.130859375,0.04984130859375,,2.557225600542029e-06,12.005436897277832
4780,1,0.0498046875,0.04822998046875,,2.534174734586503e-06,9.629420280456543
4781,1,0.052978515625,0.05047607421875,,2.5112277006944517e-06,17.755828857421875
4782,1,0.02880859375,0.0508544921875,,2.4883845084939793e-06,12.130044937133789
4783,1,0.0712890625,0.0511474609375,,2.4656451675697243e-06,18.006107330322266
4784,1,0.043212890625,0.0517333984375,,2.443009687462666e-06,11.879902839660645
4785,1,0.045654296875,0.050439453125,,2.420478077670207e-06,16.129703521728516
4786,1,0.02392578125,0.050830078125,,2.39805034764623e-06,17.255634307861328
4787,1,0.06494140625,0.0547607421875,,2.3757265068009846e-06,16.75583839416504
4788,1,0.0283203125,0.0539794921875,,2.3535065645011454e-06,14.692828178405762
4789,1,0.0179443359375,0.04268798828125,,2.331390530069755e-06,12.630294799804688
4790,1,0.0390625,0.04161376953125,,2.309378412786306e-06,14.754876136779785
4791,1,0.052001953125,0.04151611328125,,2.2874702218866893e-06,12.1926851272583
4792,1,0.022216796875,0.04085693359375,,2.265665966563135e-06,6.723791122436523
4793,1,0.02880859375,0.03660888671875,,2.2439656559643805e-06,16.254579544067383
4794,1,0.031982421875,0.03548583984375,,2.2223692991953925e-06,8.565655708312988
4795,1,0.034912109375,0.03441162109375,,2.200876905317645e-06,17.880455017089844
4796,1,0.041259765625,0.03614501953125,,2.1794884833489237e-06,16.38028907775879
4797,1,0.019775390625,0.03162841796875,,2.1582040422634395e-06,11.879223823547363
4798,1,0.03857421875,0.03265380859375,,2.1370235909917433e-06,17.50564193725586
4799,1,0.03271484375,0.034130859375,,2.115947138420754e-06,17.880577087402344
4800,1,0.06005859375,0.03623046875,,2.094974693393731e-06,17.755475997924805
4801,1,0.043212890625,0.0353515625,,2.074106264710357e-06,14.75506591796875
4802,1,0.083984375,0.0415283203125,,2.0533418611266285e-06,7.787230491638184
4803,1,0.0478515625,0.0434326171875,,2.0326814913548817e-06,18.25667381286621
4804,1,0.06298828125,0.046533203125,,2.0121251640638773e-06,20.382055282592773
4805,1,0.037109375,0.0467529296875,,1.991672887878632e-06,17.254884719848633
4806,1,0.00909423828125,0.043536376953125,,1.9713246713805587e-06,18.630828857421875
4807,1,0.07470703125,0.049029541015625,,1.9510805231073568e-06,12.692556381225586
4808,1,0.10498046875,0.055670166015625,,1.9309404515530925e-06,15.317941665649414
4809,1,0.02587890625,0.054986572265625,,1.9109044651682286e-06,16.129859924316406
4810,1,0.050048828125,0.053985595703125,,1.8909725723594562e-06,17.380531311035156
4811,1,0.049072265625,0.054571533203125,,1.8711447814897808e-06,21.256553649902344
4812,1,0.03857421875,0.050030517578125,,1.8514211008786585e-06,10.629240036010742
4813,1,0.032470703125,0.048492431640625,,1.8318015388017195e-06,13.691526412963867
4814,1,0.023681640625,0.044561767578125,,1.81228610349099e-06,18.130815505981445
4815,1,0.038818359375,0.044732666015625,,1.7928748031347807e-06,15.505965232849121
4816,1,0.0303955078125,0.04686279296875,,1.773567645877744e-06,11.817232131958008
4817,1,0.08154296875,0.04754638671875,,1.7543646398207324e-06,14.442151069641113
4818,1,0.08642578125,0.04569091796875,,1.7352657930210236e-06,11.629938125610352
4819,1,0.050048828125,0.04810791015625,,1.716271113492124e-06,16.881439208984375
4820,1,0.051025390625,0.04820556640625,,1.6973806092038524e-06,17.506305694580078
4821,1,0.052490234375,0.04854736328125,,1.6785942880823413e-06,19.131254196166992
4822,1,0.033447265625,0.04803466796875,,1.659912158009924e-06,7.50410795211792
4823,1,0.024169921875,0.04720458984375,,1.6413342268253029e-06,20.631013870239258
4824,1,0.060302734375,0.05086669921875,,1.6228605023234643e-06,11.693216323852539
4825,1,0.0458984375,0.05157470703125,,1.6044909922555973e-06,19.63100814819336
4826,1,0.025146484375,0.0510498046875,,1.5862257043292028e-06,12.504530906677246
4827,1,0.04052734375,0.0469482421875,,1.568064646208095e-06,18.25543212890625
4828,1,0.0830078125,0.0466064453125,,1.550007825512262e-06,17.756555557250977
4829,1,0.031982421875,0.0447998046875,,1.5320552498180874e-06,15.754905700683594
4830,1,0.04541015625,0.04423828125,,1.514206926658046e-06,12.879922866821289
4831,1,0.0213623046875,0.04112548828125,,1.4964628635210642e-06,18.75532341003418
4832,1,0.055419921875,0.04332275390625,,1.4788230678521309e-06,19.131383895874023
4833,1,0.0174560546875,0.0426513671875,,1.461287547052631e-06,16.75542640686035
4834,1,0.03759765625,0.040380859375,,1.4438563084801236e-06,10.255751609802246
4835,1,0.0341796875,0.039208984375,,1.4265293594484253e-06,19.881107330322266
4836,1,0.07080078125,0.0437744140625,,1.4093067072276088e-06,9.44375991821289
4837,1,0.035400390625,0.04326171875,,1.3921883590440055e-06,16.756175994873047
4838,1,0.0625,0.0412109375,,1.3751743220801194e-06,15.755658149719238
4839,1,0.03125,0.0411376953125,,1.3582646034747404e-06,16.380577087402344
4840,1,0.061767578125,0.0427734375,,1.3414592103228596e-06,20.75667953491211
4841,1,0.044921875,0.04512939453125,,1.3247581496757255e-06,13.067540168762207
4842,1,0.052490234375,0.04483642578125,,1.308161428540816e-06,18.13174057006836
4843,1,0.05517578125,0.0486083984375,,1.2916690538817278e-06,16.255290985107422
4844,1,0.058349609375,0.05068359375,,1.2752810326184527e-06,7.722446918487549
4845,1,0.1484375,0.062109375,,1.2589973716270187e-06,10.629563331604004
4846,1,0.025390625,0.057568359375,,1.2428180777397658e-06,18.005699157714844
4847,1,0.036376953125,0.057666015625,,1.2267431577452636e-06,14.25452995300293
4848,1,0.038818359375,0.0552978515625,,1.2107726183882283e-06,18.380107879638672
4849,1,0.0252685546875,0.05469970703125,,1.1949064663696053e-06,20.50641441345215
4850,1,0.0849609375,0.05701904296875,,1.1791447083465134e-06,11.755295753479004
4851,1,0.0458984375,0.05711669921875,,1.1634873509323019e-06,17.130292892456055
4852,1,0.03515625,0.05538330078125,,1.1479344006965486e-06,16.381328582763672
4853,1,0.033447265625,0.05321044921875,,1.1324858641649227e-06,18.38109016418457
4854,1,0.11181640625,0.05855712890625,,1.117141747819378e-06,8.629084587097168
4855,1,0.0267333984375,0.04638671875,,1.1019020580980145e-06,13.50417423248291
4856,1,0.040283203125,0.0478759765625,,1.086766801395106e-06,13.129384994506836
4857,1,0.06396484375,0.050634765625,,1.0717359840611563e-06,18.505949020385742
4858,1,0.04736328125,0.0514892578125,,1.056809612402815e-06,17.63079071044922
4859,1,0.035400390625,0.05250244140625,,1.0419876926828775e-06,8.878988265991211
4860,1,0.0296630859375,0.04697265625,,1.0272702311203697e-06,17.755443572998047
4861,1,0.044189453125,0.0468017578125,,1.0126572338904627e-06,15.379859924316406
4862,1,0.060546875,0.0493408203125,,9.981487071245022e-07,10.504729270935059
4863,1,0.04541015625,0.050537109375,,9.837446569099796e-07,15.379700660705566
4864,1,0.028076171875,0.0421630859375,,9.694450892905882e-07,12.879473686218262
4865,1,0.06884765625,0.04637451171875,,9.5525001026614e-07,12.192370414733887
4866,1,0.029052734375,0.04525146484375,,9.411594257926481e-07,21.256359100341797
4867,1,0.053955078125,0.04425048828125,,9.271733417822726e-07,15.505903244018555
4868,1,0.09814453125,0.04932861328125,,9.132917641032635e-07,13.691847801208496
4869,1,0.041748046875,0.04996337890625,,8.995146985801006e-07,16.005596160888672
4870,1,0.0169677734375,0.04869384765625,,8.858421509933823e-07,15.004415512084961
4871,1,0.0419921875,0.04847412109375,,8.722741270798529e-07,13.005061149597168
4872,1,0.034423828125,0.04586181640625,,8.588106325324308e-07,19.256017684936523
4873,1,0.01806640625,0.04312744140625,,8.454516730000972e-07,20.00626564025879
4874,1,0.04345703125,0.04466552734375,,8.321972540880906e-07,21.006179809570312
4875,1,0.0250244140625,0.040283203125,,8.190473813576571e-07,13.81752872467041
4876,1,0.06494140625,0.0438720703125,,8.060020603262441e-07,13.629518508911133
4877,1,0.0537109375,0.04384765625,,7.930612964674732e-07,16.75585174560547
4878,1,0.04638671875,0.038671875,,7.80225095211029e-07,19.505573272705078
4879,1,0.043701171875,0.0388671875,,7.674934619427143e-07,22.00678253173828
4880,1,0.08544921875,0.04571533203125,,7.54866402004506e-07,17.00597381591797
4881,1,0.08935546875,0.05045166015625,,7.423439206944716e-07,19.75625228881836
4882,1,0.058349609375,0.05284423828125,,7.299260232668525e-07,14.067991256713867
4883,1,0.045654296875,0.05560302734375,,7.176127149319256e-07,18.505382537841797
4884,1,0.040283203125,0.05528564453125,,7.054040008561135e-07,19.506235122680664
4885,1,0.0234375,0.055126953125,,6.93299886162041e-07,13.37975788116455
4886,1,0.016357421875,0.0502685546875,,6.813003759282843e-07,16.75493621826172
4887,1,0.033447265625,0.0482421875,,6.694054751896772e-07,12.128654479980469
4888,1,0.0311279296875,0.04671630859375,,6.57615188937033e-07,19.131107330322266
4889,1,0.046875,0.04703369140625,,6.459295221174221e-07,13.881084442138672
4890,1,0.091796875,0.04766845703125,,6.343484796338394e-07,15.880396842956543
4891,1,0.0634765625,0.04508056640625,,6.228720663455645e-07,14.56795883178711
4892,1,0.050048828125,0.04425048828125,,6.115002870678288e-07,14.817222595214844
4893,1,0.058349609375,0.04552001953125,,6.002331465720378e-07,14.255047798156738
4894,1,0.0244140625,0.04393310546875,,5.890706495856879e-07,13.004268646240234
4895,1,0.04638671875,0.04622802734375,,5.78012800792338e-07,11.379767417907715
4896,1,0.03173828125,0.04776611328125,,5.670596048316656e-07,10.005162239074707
4897,1,0.0306396484375,0.0474853515625,,5.562110662993836e-07,16.88035774230957
4898,1,0.0380859375,0.04818115234375,,5.454671897474062e-07,13.7548189163208
4899,1,0.033447265625,0.04683837890625,,5.348279796836275e-07,17.129404067993164
4900,1,0.04931640625,0.04259033203125,,5.242934405720879e-07,21.256103515625
4901,1,0.119140625,0.04815673828125,,5.138635768328348e-07,13.943136215209961
4902,1,0.03662109375,0.04681396484375,,5.0353839284209e-07,15.380207061767578
4903,1,0.03076171875,0.04405517578125,,4.933178929321103e-07,12.692138671875
4904,1,0.015869140625,0.04320068359375,,4.832020813911875e-07,19.381925582885742
4905,1,0.01220703125,0.03978271484375,,4.7319096246378756e-07,13.379310607910156
4906,1,0.0361328125,0.04022216796875,,4.632845403503283e-07,20.756235122680664
4907,1,0.033203125,0.040478515625,,4.5348281920737364e-07,18.005699157714844
4908,1,0.0262451171875,0.03929443359375,,4.4378580314757834e-07,15.818221092224121
4909,1,0.031982421875,0.03914794921875,,4.3419349623960437e-07,15.942411422729492
4910,1,0.047119140625,0.03892822265625,,4.2470590250823227e-07,16.129791259765625
4911,1,0.0390625,0.03092041015625,,4.1532302593422223e-07,15.31779956817627
4912,1,0.054931640625,0.03275146484375,,4.0604487045450834e-07,17.38092613220215
4913,1,0.07861328125,0.03753662109375,,3.9687143996203213e-07,19.88130760192871
4914,1,0.01177978515625,0.037127685546875,,3.878027383057425e-07,14.066543579101562
4915,1,0.0162353515625,0.037530517578125,,3.7883876929076243e-07,11.255354881286621
4916,1,0.0654296875,0.040460205078125,,3.6997953667813886e-07,18.00585174560547
4917,1,0.014404296875,0.038580322265625,,3.6122504418512057e-07,15.629536628723145
4918,1,0.0625,0.042205810546875,,3.5257529548488044e-07,8.755892753601074
4919,1,0.040771484375,0.043084716796875,,3.4403029420668197e-07,16.13075828552246
4920,1,0.08251953125,0.046624755859375,,3.355900439359072e-07,12.568474769592285
4921,1,0.029541015625,0.045672607421875,,3.2725454821386227e-07,18.50602149963379
4922,1,0.046630859375,0.044842529296875,,3.1902381053799945e-07,16.00612449645996
4923,1,0.0244140625,0.039422607421875,,3.1089783436177856e-07,14.566774368286133
4924,1,0.04833984375,0.04307861328125,,3.028766230946944e-07,16.505653381347656
4925,1,0.0498046875,0.046435546875,,2.949601801023327e-07,15.505501747131348
4926,1,0.01416015625,0.04130859375,,2.871485087062309e-07,12.44229507446289
4927,1,0.1220703125,0.0520751953125,,2.794416121840726e-07,17.381309509277344
4928,1,0.0194091796875,0.04776611328125,,2.718394937695212e-07,14.1915864944458
4929,1,0.060791015625,0.04976806640625,,2.6434215665227523e-07,17.130949020385742
4930,1,0.039794921875,0.04549560546875,,2.5694960397806833e-07,14.94222354888916
4931,1,0.0228271484375,0.04482421875,,2.4966183884866933e-07,15.317264556884766
4932,1,0.020263671875,0.0421875,,2.424788643219378e-07,19.631114959716797
4933,1,0.0595703125,0.045703125,,2.3540068341165732e-07,17.13099479675293
4934,1,0.0556640625,0.046435546875,,2.2842729908775784e-07,14.630449295043945
4935,1,0.0380859375,0.045263671875,,2.215587142760933e-07,17.130115509033203
4936,1,0.056640625,0.04951171875,,2.1479493185860845e-07,19.381168365478516
4937,1,0.0303955078125,0.04034423828125,,2.0813595467328306e-07,8.691271781921387
4938,1,0.0400390625,0.0424072265625,,2.0158178551407668e-07,23.50688934326172
4939,1,0.03076171875,0.039404296875,,1.95132427130984e-07,15.504491806030273
4940,1,0.06005859375,0.0414306640625,,1.8878788223009036e-07,15.567753791809082
4941,1,0.03857421875,0.04300537109375,,1.825481534733775e-07,14.317442893981934
4942,1,0.03466796875,0.04444580078125,,1.7641324347897335e-07,18.130970001220703
4943,1,0.09375,0.04786376953125,,1.7038315482095778e-07,16.005630493164062
4944,1,0.056396484375,0.04793701171875,,1.6445789002944578e-07,17.755746841430664
4945,1,0.03271484375,0.04739990234375,,1.5863745159055975e-07,13.692273139953613
4946,1,0.052734375,0.04700927734375,,1.529218419464573e-07,13.442400932312012
4947,1,0.055908203125,0.049560546875,,1.4731106349527568e-07,19.381107330322266
4948,1,0.07080078125,0.05263671875,,1.4180511859124278e-07,13.129766464233398
4949,1,0.033935546875,0.0529541015625,,1.3640400954448296e-07,16.25575828552246
4950,1,0.04443359375,0.0513916015625,,1.3110773862126668e-07,11.567586898803711
4951,1,0.06689453125,0.0542236328125,,1.2591630804378862e-07,18.505887985229492
4952,1,0.1005859375,0.0608154296875,,1.2082971999025083e-07,18.506710052490234
4953,1,0.0186767578125,0.05330810546875,,1.1584797659494605e-07,13.255160331726074
4954,1,0.06005859375,0.05367431640625,,1.1097107994806344e-07,7.035802364349365
4955,1,0.0277099609375,0.053173828125,,1.0619903209588277e-07,16.755599975585938
4956,1,0.0419921875,0.052099609375,,1.015318350406913e-07,14.755038261413574
4957,1,0.08740234375,0.0552490234375,,9.696949074070038e-08,18.506839752197266
4958,1,0.0172119140625,0.04989013671875,,9.251200111023983e-08,21.881494522094727
4959,1,0.0159912109375,0.048095703125,,8.815936801956359e-08,10.316415786743164
4960,1,0.07373046875,0.051025390625,,8.391159329496078e-08,18.005939483642578
4961,1,0.0244140625,0.04677734375,,7.976867871870019e-08,19.630962371826172
4962,1,0.06640625,0.043359375,,7.573062602911351e-08,17.75617027282715
4963,1,0.0234375,0.04383544921875,,7.179743692045659e-08,16.255008697509766
4964,1,0.02392578125,0.04022216796875,,6.79691130430482e-08,13.255534172058105
4965,1,0.02880859375,0.04033203125,,6.424565600315901e-08,19.254989624023438
4966,1,0.031494140625,0.0392822265625,,6.062706736306712e-08,15.254596710205078
4967,1,0.04833984375,0.0353759765625,,5.71133486411135e-08,12.880160331726074
4968,1,0.05126953125,0.03878173828125,,5.370450131156335e-08,16.505014419555664
4969,1,0.07666015625,0.0448486328125,,5.0400526804716965e-08,17.505550384521484
4970,1,0.0289306640625,0.04036865234375,,4.720142650685433e-08,20.756465911865234
4971,1,0.0654296875,0.04447021484375,,4.4107201760235086e-08,16.004959106445312
4972,1,0.039794921875,0.04180908203125,,4.1117853863181783e-08,12.067107200622559
4973,1,0.05224609375,0.04468994140625,,3.823338406991339e-08,14.629884719848633
4974,1,0.02685546875,0.04498291015625,,3.545379359076728e-08,12.817111015319824
4975,1,0.01104736328125,0.043206787109375,,3.277908359194948e-08,16.255687713623047
4976,1,0.037109375,0.043768310546875,,3.020925519575668e-08,16.630084991455078
4977,1,0.04052734375,0.042987060546875,,2.774430948043749e-08,14.942742347717285
4978,1,0.04736328125,0.042596435546875,,2.5384247480220168e-08,18.38088607788086
4979,1,0.030517578125,0.037982177734375,,2.3129070185340385e-08,14.755026817321777
4980,1,0.040771484375,0.039166259765625,,2.0978778542041222e-08,13.317117691040039
4981,1,0.05322265625,0.037945556640625,,1.8933373452545422e-08,17.505281448364258
4982,1,0.010498046875,0.035015869140625,,1.6992855775055382e-08,13.879491806030273
4983,1,0.057861328125,0.035577392578125,,1.5157226323780916e-08,18.506223678588867
4984,1,0.043212890625,0.037213134765625,,1.3426485868939242e-08,10.378959655761719
4985,1,0.037109375,0.0398193359375,,1.180063513669949e-08,17.380590438842773
4986,1,0.03271484375,0.0393798828125,,1.0279674809210437e-08,13.6292142868042
4987,1,0.062255859375,0.041552734375,,8.863605524683793e-09,13.692697525024414
4988,1,0.021484375,0.03896484375,,7.552427877283163e-09,14.816817283630371
4989,1,0.0390625,0.0398193359375,,6.346142417096301e-09,15.505456924438477
4990,1,0.0277099609375,0.03851318359375,,5.244749650301639e-09,4.877682209014893
4991,1,0.044677734375,0.03765869140625,,4.248250039029511e-09,14.692238807678223
4992,1,0.056884765625,0.04229736328125,,3.3566440013621524e-09,18.005544662475586
4993,1,0.02734375,0.03924560546875,,2.569931911416967e-09,11.441247940063477
4994,1,0.021240234375,0.03704833984375,,1.8881140992632605e-09,19.00528907775879
4995,1,0.044921875,0.03782958984375,,1.3111908510332615e-09,14.130265235900879
4996,1,0.030517578125,0.03760986328125,,8.391624087278338e-10,18.506196975708008
4997,1,0.07275390625,0.03865966796875,,4.720289704385205e-10,19.130460739135742
4998,1,0.043212890625,0.04083251953125,,2.097906902087665e-10,12.754622459411621
4999,1,0.026123046875,0.03953857421875,,5.2447678061673385e-11,19.130170822143555
5000,1,0.0240478515625,0.03917236328125,0.05785919544899126,0.0,19.38151741027832
